name,a,elements,crystal_system,point_group,formula,plane,num_elements
Ac (0001),4.0460407673180745,Ac,Hexagonal,6/mmm,Ac,(0001),1
Ac2AgPb (111),11.503861731251003,"Ac, Ag, Pb",Cubic,m-3m,Ac2AgPb,(111),3
Ac2CdHg (111),11.461230687677336,"Ac, Cd, Hg",Cubic,m-3m,Ac2CdHg,(111),3
Ac2CuGe (111),10.884539089110387,"Ac, Cu, Ge",Cubic,m-3m,Ac2CuGe,(111),3
Ac2CuIr (111),10.560366748950736,"Ac, Cu, Ir",Cubic,m-3m,Ac2CuIr,(111),3
Ac2GePd (111),10.91169917481891,"Ac, Ge, Pd",Cubic,m-3m,Ac2GePd,(111),3
Ac2HgGe (111),11.220674412663124,"Ac, Ge, Hg",Cubic,m-3m,Ac2HgGe,(111),3
Ac2InGa (111),11.390896162081999,"Ac, Ga, In",Cubic,m-3m,Ac2InGa,(111),3
Ac2IrAu (111),10.733312608408559,"Ac, Au, Ir",Cubic,m-3m,Ac2IrAu,(111),3
Ac2IrPd (111),10.583646910360555,"Ac, Ir, Pd",Cubic,m-3m,Ac2IrPd,(111),3
Ac2IrRh (111),10.468855534913985,"Ac, Ir, Rh",Cubic,m-3m,Ac2IrRh,(111),3
Ac2MgGa (111),11.342637340489683,"Ac, Ga, Mg",Cubic,m-3m,Ac2MgGa,(111),3
Ac2MgPb (111),11.697813173450253,"Ac, Mg, Pb",Cubic,m-3m,Ac2MgPb,(111),3
Ac2MgSn (111),11.604023180531907,"Ac, Mg, Sn",Cubic,m-3m,Ac2MgSn,(111),3
Ac2MgTl (111),11.662664394423846,"Ac, Mg, Tl",Cubic,m-3m,Ac2MgTl,(111),3
Ac2NiIr (111),10.431514461071751,"Ac, Ir, Ni",Cubic,m-3m,Ac2NiIr,(111),3
Ac2O3 (0001),4.095488002164615,"Ac, O",Trigonal,-3m,Ac2O3,(0001),2
Ac2TlCd (111),11.608659198863535,"Ac, Cd, Tl",Cubic,m-3m,Ac2TlCd,(111),3
Ac2TlIn (111),11.648464219475514,"Ac, In, Tl",Cubic,m-3m,Ac2TlIn,(111),3
Ac2TlSn (111),11.6315105141527,"Ac, Sn, Tl",Cubic,m-3m,Ac2TlSn,(111),3
Ac2ZnGe (111),11.00845417850179,"Ac, Ge, Zn",Cubic,m-3m,Ac2ZnGe,(111),3
Ac2ZnHg (111),11.249002232240688,"Ac, Hg, Zn",Cubic,m-3m,Ac2ZnHg,(111),3
Ac2ZnIn (111),11.390935222660591,"Ac, In, Zn",Cubic,m-3m,Ac2ZnIn,(111),3
Ac3In (0001),7.726781862587199,"Ac, In",Hexagonal,6/mmm,Ac3In,(0001),2
Ac3Tl (0001),7.764830470678914,"Ac, Tl",Hexagonal,6/mmm,Ac3Tl,(0001),2
AcAg (111),5.5831054729462215,"Ac, Ag",Cubic,m-3m,AcAg,(111),2
AcAg2Pb (111),10.57116415636237,"Ac, Ag, Pb",Cubic,m-3m,AcAg2Pb,(111),3
AcAg3 (0001),6.957286091405646,"Ac, Ag",Hexagonal,6/mmm,AcAg3,(0001),2
AcAl3 (0001),6.980687244195969,"Ac, Al",Hexagonal,6/mmm,AcAl3,(0001),2
AcAlO3 (111),5.4569323511861825,"Ac, Al, O",Cubic,m-3m,AcAlO3,(111),3
AcAu3 (0001),6.92286701560859,"Ac, Au",Hexagonal,6/mmm,AcAu3,(0001),2
AcBr3 (0001),8.168264033291734,"Ac, Br",Hexagonal,6/m,AcBr3,(0001),2
AcCdHg2 (111),10.72038176084206,"Ac, Cd, Hg",Cubic,m-3m,AcCdHg2,(111),3
AcCdRh2 (111),9.761885791021632,"Ac, Cd, Rh",Cubic,m-3m,AcCdRh2,(111),3
AcCl3 (0001),7.695635518178531,"Ac, Cl",Hexagonal,6/m,AcCl3,(0001),2
AcCrO3 (111),5.578064009014352,"Ac, Cr, O",Cubic,m-3m,AcCrO3,(111),3
AcCu3 (0001),6.632735311975549,"Ac, Cu",Hexagonal,6/mmm,AcCu3,(0001),2
AcCuO3 (111),5.534286127808458,"Ac, Cu, O",Cubic,m-3m,AcCuO3,(111),3
AcEuAu2 (111),10.797311754228232,"Ac, Au, Eu",Cubic,m-3m,AcEuAu2,(111),3
AcEuZn2 (111),10.847544195699658,"Ac, Eu, Zn",Cubic,m-3m,AcEuZn2,(111),3
AcFeO3 (111),5.591197796227188,"Ac, Fe, O",Cubic,m-3m,AcFeO3,(111),3
AcGaO3 (111),5.580857368356796,"Ac, Ga, O",Cubic,m-3m,AcGaO3,(111),3
AcGe3 (0001),6.648437158518677,"Ac, Ge",Hexagonal,6/mmm,AcGe3,(0001),2
AcH2 (111),8.367067732825253,"Ac, H",Cubic,m-3m,AcH2,(111),2
AcH3 (111),8.218534363718474,"Ac, H",Cubic,m-3m,AcH3,(111),2
AcHg3 (0001),7.129526320710439,"Ac, Hg",Hexagonal,6/mmm,AcHg3,(0001),2
AcHgRh2 (111),9.767029879717677,"Ac, Hg, Rh",Cubic,m-3m,AcHgRh2,(111),3
AcI3 (0001),11.036219916455426,"Ac, I",Hexagonal,6/mmm,AcI3,(0001),2
AcIn3 (0001),7.235348744118,"Ac, In",Hexagonal,6/mmm,AcIn3,(0001),2
AcInHg2 (111),10.804645714914832,"Ac, Hg, In",Cubic,m-3m,AcInHg2,(111),3
AcLaCd2 (111),11.321720980480826,"Ac, Cd, La",Cubic,m-3m,AcLaCd2,(111),3
AcMg (111),5.839185866339404,"Ac, Mg",Cubic,m-3m,AcMg,(111),2
AcMg5 (0001),6.170180370311531,"Ac, Mg",Hexagonal,6/mmm,AcMg5,(0001),2
AcMgCd2 (111),10.788239319667168,"Ac, Cd, Mg",Cubic,m-3m,AcMgCd2,(111),3
AcMgHg2 (111),10.736331968505283,"Ac, Hg, Mg",Cubic,m-3m,AcMgHg2,(111),3
AcMgTl2 (111),11.035645432371165,"Ac, Mg, Tl",Cubic,m-3m,AcMgTl2,(111),3
AcMgZn2 (111),10.303783267039346,"Ac, Mg, Zn",Cubic,m-3m,AcMgZn2,(111),3
AcMnO3 (111),5.6045590078346095,"Ac, Mn, O",Cubic,m-3m,AcMnO3,(111),3
AcN (0001),4.280277110979795,"Ac, N",Hexagonal,6mm,AcN,(0001),2
AcNiO3 (111),5.485493077614862,"Ac, Ni, O",Cubic,m-3m,AcNiO3,(111),3
AcOF (111),8.410969400630012,"Ac, F, O",Cubic,-43m,AcOF,(111),3
AcPbAu2 (111),10.5739389847931,"Ac, Au, Pb",Cubic,m-3m,AcPbAu2,(111),3
AcTiO3 (111),5.650942850943798,"Ac, O, Ti",Cubic,m-3m,AcTiO3,(111),3
AcTlAg2 (111),10.50700417203317,"Ac, Ag, Tl",Cubic,m-3m,AcTlAg2,(111),3
AcTlAu2 (111),10.55348838187888,"Ac, Au, Tl",Cubic,m-3m,AcTlAu2,(111),3
AcTlHg2 (111),10.895041265298739,"Ac, Hg, Tl",Cubic,m-3m,AcTlHg2,(111),3
AcTlRh2 (111),9.871472973695754,"Ac, Rh, Tl",Cubic,m-3m,AcTlRh2,(111),3
AcTlTe2 (111),11.522924481543654,"Ac, Te, Tl",Cubic,m-3m,AcTlTe2,(111),3
AcVO3 (111),5.611451451045455,"Ac, O, V",Cubic,m-3m,AcVO3,(111),3
AcYbHg2 (111),10.91527704662847,"Ac, Hg, Yb",Cubic,m-3m,AcYbHg2,(111),3
AcYbTl2 (111),11.132706679651468,"Ac, Tl, Yb",Cubic,m-3m,AcYbTl2,(111),3
Ag (0001),2.9111314732677247,Ag,Hexagonal,6/mmm,Ag,(0001),1
Ag2Br3 (0001),6.939375631782264,"Ag, Br",Trigonal,-3m,Ag2Br3,(0001),2
Ag2Cl3 (0001),6.61886056043685,"Ag, Cl",Trigonal,-3m,Ag2Cl3,(0001),2
Ag2F (0001),2.9951012633371192,"Ag, F",Trigonal,-3m,Ag2F,(0001),2
Ag2O (111),6.7231581374777,"Ag, O",Cubic,m-3m,Ag2O,(111),2
Ag3(PO4)2 (0001),7.666713893328185,"Ag, O, P",Trigonal,3,Ag3(PO4)2,(0001),3
Ag3AsO4 (0001),8.675688424087346,"Ag, As, O",Trigonal,3m,Ag3AsO4,(0001),3
Ag3Au (111),5.813963759619806,"Ag, Au",Cubic,m-3m,Ag3Au,(111),2
Ag3AuSe2 (111),14.192278460631062,"Ag, Au, Se",Cubic,432,Ag3AuSe2,(111),3
Ag3Ge5P6 (111),14.64389152459508,"Ag, Ge, P",Cubic,-43m,Ag3Ge5P6,(111),3
Ag3PO4 (0001),8.488473168889556,"Ag, O, P",Trigonal,3m,Ag3PO4,(0001),3
Ag3Te2Au (111),14.79374691110516,"Ag, Au, Te",Cubic,432,Ag3Te2Au,(111),3
Ag5(PbO3)2 (0001),5.955504651523942,"Ag, O, Pb",Trigonal,-3m,Ag5(PbO3)2,(0001),3
Ag7AsSe6 (111),15.629104817033893,"Ag, As, Se",Cubic,23,Ag7AsSe6,(111),3
Ag7PSe6 (111),15.315286966740281,"Ag, P, Se",Cubic,23,Ag7PSe6,(111),3
AgAsF6 (111),11.7543874184006,"Ag, As, F",Cubic,m-3m,AgAsF6,(111),3
AgAsO3 (0001),4.903842670105953,"Ag, As, O",Trigonal,-3,AgAsO3,(0001),3
AgAu3 (111),5.828867222972705,"Ag, Au",Cubic,m-3m,AgAu3,(111),2
AgBr (111),8.180290604587231,"Ag, Br",Cubic,m-3m,AgBr,(111),2
AgCl (111),7.842275227946556,"Ag, Cl",Cubic,m-3m,AgCl,(111),2
AgF (111),6.960437314513056,"Ag, F",Cubic,m-3m,AgF,(111),2
AgF3 (0001),5.0270014091288076,"Ag, F",Hexagonal,622,AgF3,(0001),2
AgHgPd2 (111),9.139782753163045,"Ag, Hg, Pd",Cubic,m-3m,AgHgPd2,(111),3
AgI (0001),4.506275830058096,"Ag, I",Hexagonal,6mm,AgI,(0001),2
AgNO3 (0001),5.152380446463462,"Ag, N, O",Trigonal,3m,AgNO3,(0001),3
AgPF6 (111),11.458331549723397,"Ag, F, P",Cubic,m-3m,AgPF6,(111),3
AgPd (0001),2.82388563244907,"Ag, Pd",Trigonal,-3m,AgPd,(0001),2
AgPt (0001),2.7830468050307133,"Ag, Pt",Hexagonal,-6m2,AgPt,(0001),2
AgRhF6 (0001),4.9996833222203465,"Ag, F, Rh",Trigonal,-3,AgRhF6,(0001),3
AgSbF6 (111),13.692577931717032,"Ag, F, Sb",Cubic,m-3,AgSbF6,(111),3
AgSbO3 (111),14.540159582047016,"Ag, O, Sb",Cubic,m-3m,AgSbO3,(111),3
AgSnSe2 (0001),4.046318530993117,"Ag, Se, Sn",Trigonal,-3m,AgSnSe2,(0001),3
Al (111),5.711909149570096,Al,Cubic,m-3m,Al,(111),1
Al(Ag3Se2)3 (111),15.806394409691134,"Ag, Al, Se",Cubic,23,Al(Ag3Se2)3,(111),3
Al(IO3)3 (0001),8.99644990863362,"Al, I, O",Hexagonal,6,Al(IO3)3,(0001),3
Al11TlO17 (0001),5.59310876,"Al, O, Tl",Hexagonal,6/mmm,Al11TlO17,(0001),3
Al12Re (111),10.575106733053547,"Al, Re",Cubic,m-3,Al12Re,(111),2
Al12Tc (111),10.562658257784038,"Al, Tc",Cubic,m-3,Al12Tc,(111),2
Al2(CN2)3 (0001),5.489732413387271,"Al, C, N",Trigonal,-3m,Al2(CN2)3,(0001),3
Al2(Ni7B2)3 (111),14.643056918863087,"Al, B, Ni",Cubic,m-3m,Al2(Ni7B2)3,(111),3
Al2(SO4)3 (0001),8.021302485407007,"Al, O, S",Trigonal,-3,Al2(SO4)3,(0001),3
Al2(SeO4)3 (0001),8.313036819157158,"Al, O, Se",Trigonal,-3,Al2(SeO4)3,(0001),3
Al2Au (111),8.491884796344541,"Al, Au",Cubic,m-3m,Al2Au,(111),2
Al2CoIr (111),8.28174495819931,"Al, Co, Ir",Cubic,m-3m,Al2CoIr,(111),3
Al2CoO4 (0001),5.781861676820192,"Al, Co, O",Trigonal,3m,Al2CoO4,(0001),3
Al2CoOs (111),8.27492565811472,"Al, Co, Os",Cubic,m-3m,Al2CoOs,(111),3
Al2CoRu (111),8.231010720765713,"Al, Co, Ru",Cubic,m-3m,Al2CoRu,(111),3
Al2Cu (111),5.742661657389368,"Al, Cu",Cubic,m-3m,Al2Cu,(111),2
Al2FeCo (111),8.002381182803529,"Al, Co, Fe",Cubic,m-3m,Al2FeCo,(111),3
Al2FeIr (111),8.278583837383863,"Al, Fe, Ir",Cubic,m-3m,Al2FeIr,(111),3
Al2FeO4 (111),11.492892651246235,"Al, Fe, O",Cubic,m-3m,Al2FeO4,(111),3
Al2IrOs (111),8.467486494688858,"Al, Ir, Os",Cubic,m-3m,Al2IrOs,(111),3
Al2IrRh (111),8.449418756777282,"Al, Ir, Rh",Cubic,m-3m,Al2IrRh,(111),3
Al2IrRu (111),8.440552118570952,"Al, Ir, Ru",Cubic,m-3m,Al2IrRu,(111),3
Al2NiOs (111),8.309995260036676,"Al, Ni, Os",Cubic,m-3m,Al2NiOs,(111),3
Al2NiRu (111),8.26504680134959,"Al, Ni, Ru",Cubic,m-3m,Al2NiRu,(111),3
Al2O3 (0001),4.805027220851815,"Al, O",Trigonal,-3m,Al2O3,(0001),2
Al2OsRh (111),8.447083918467214,"Al, Os, Rh",Cubic,m-3m,Al2OsRh,(111),3
Al2PdRu (111),8.491195191092347,"Al, Pd, Ru",Cubic,m-3m,Al2PdRu,(111),3
Al2Pt (111),8.341513999526724,"Al, Pt",Cubic,m-3m,Al2Pt,(111),2
Al2RuPt (111),8.49632387428866,"Al, Pt, Ru",Cubic,m-3m,Al2RuPt,(111),3
Al2RuRh (111),8.41654425943048,"Al, Rh, Ru",Cubic,m-3m,Al2RuRh,(111),3
Al2ZnO4 (111),11.420158745897348,"Al, O, Zn",Cubic,m-3m,Al2ZnO4,(111),3
Al2ZnS4 (111),14.154337163585407,"Al, S, Zn",Cubic,m-3m,Al2ZnS4,(111),3
Al3(Ni10B3)2 (111),14.679173069262749,"Al, B, Ni",Cubic,m-3m,Al3(Ni10B3)2,(111),3
Al3(V3C2)4 (0001),5.041376755980418,"Al, C, V",Hexagonal,6/mmm,Al3(V3C2)4,(0001),3
Al3BC (0001),3.48117666213094,"Al, B, C",Hexagonal,6/mmm,Al3BC,(0001),3
Al3BC3 (0001),5.893813274794365,"Al, B, C",Hexagonal,6mm,Al3BC3,(0001),3
Al3Ir (0001),4.270125667480826,"Al, Ir",Hexagonal,6/mmm,Al3Ir,(0001),2
Al3Ni2 (0001),3.994195728785262,"Al, Ni",Trigonal,-3m,Al3Ni2,(0001),2
Al3Pd2 (0001),4.212153536827607,"Al, Pd",Trigonal,-3m,Al3Pd2,(0001),2
Al3Pt2 (0001),4.207140033941686,"Al, Pt",Trigonal,-3m,Al3Pt2,(0001),2
Al4(B2O5)3 (0001),11.414908610820445,"Al, B, O",Trigonal,3,Al4(B2O5)3,(0001),3
Al4C3 (0001),3.3330319433644853,"Al, C",Trigonal,-3m,Al4C3,(0001),2
Al4Cu9 (111),12.187311406544817,"Al, Cu",Cubic,-43m,Al4Cu9,(111),2
Al4Ni3 (111),15.997080405985853,"Al, Ni",Cubic,m-3m,Al4Ni3,(111),2
Al5Co2 (0001),7.604740588837739,"Al, Co",Hexagonal,6/mmm,Al5Co2,(0001),2
Al5CuS8 (111),14.064418231558378,"Al, Cu, S",Cubic,-43m,Al5CuS8,(111),3
Al5Mo (0001),4.8676123694352516,"Al, Mo",Hexagonal,622,Al5Mo,(0001),2
Al5Rh2 (0001),7.898790565723372,"Al, Rh",Hexagonal,6/mmm,Al5Rh2,(0001),2
Al5W (0001),4.863709733643858,"Al, W",Hexagonal,622,Al5W,(0001),2
Al6CoCu3 (0001),4.076487164181888,"Al, Co, Cu",Trigonal,3m,Al6CoCu3,(0001),3
Al6SnTe10 (0001),14.70977091212196,"Al, Sn, Te",Trigonal,32,Al6SnTe10,(0001),3
AlAg3 (0001),9.844685110215126,"Ag, Al",Trigonal,3,AlAg3,(0001),2
AlAgO2 (0001),2.877864693569708,"Ag, Al, O",Hexagonal,6/mmm,AlAgO2,(0001),3
AlAs (111),8.026795601338657,"Al, As",Cubic,-43m,AlAs,(111),2
AlAsO4 (0001),5.027055922481331,"Al, As, O",Trigonal,32,AlAsO4,(0001),3
AlAu4 (111),9.868758532184135,"Al, Au",Cubic,23,AlAu4,(111),2
AlCo (111),3.9872382573802403,"Al, Co",Cubic,m-3m,AlCo,(111),2
AlCr2C (0001),2.825101064592686,"Al, C, Cr",Hexagonal,6/mmm,AlCr2C,(0001),3
AlCrRu2 (111),8.400449377719823,"Al, Cr, Ru",Cubic,m-3m,AlCrRu2,(111),3
AlCuAu2 (111),8.808531816861182,"Al, Au, Cu",Cubic,m-3m,AlCuAu2,(111),3
AlCuO2 (0001),2.8427727407067565,"Al, Cu, O",Hexagonal,6/mmm,AlCuO2,(0001),3
AlCuPd2 (111),8.506011761954259,"Al, Cu, Pd",Cubic,m-3m,AlCuPd2,(111),3
AlF3 (0001),4.872429184310668,"Al, F",Trigonal,-3m,AlF3,(0001),2
AlFe (111),4.024153177014016,"Al, Fe",Cubic,m-3m,AlFe,(111),2
AlFe2Si (111),7.846418882717899,"Al, Fe, Si",Cubic,m-3m,AlFe2Si,(111),3
AlFe2W (111),8.229896862585361,"Al, Fe, W",Cubic,m-3m,AlFe2W,(111),3
AlFe3 (111),5.146734845185836,"Al, Fe",Cubic,m-3m,AlFe3,(111),2
AlFe3C (111),5.359551712459379,"Al, C, Fe",Cubic,m-3m,AlFe3C,(111),3
AlFe3H (111),5.23195877685126,"Al, Fe, H",Cubic,m-3m,AlFe3H,(111),3
AlFeCo2 (111),7.996342631485807,"Al, Co, Fe",Cubic,m-3m,AlFeCo2,(111),3
AlFeRh2 (111),8.448640981788285,"Al, Fe, Rh",Cubic,m-3m,AlFeRh2,(111),3
AlGaAs2 (0001),4.011322867022715,"Al, As, Ga",Trigonal,3m,AlGaAs2,(0001),3
AlGeMo (0001),4.816612776416508,"Al, Ge, Mo",Trigonal,32,AlGeMo,(0001),3
AlGeRu2 (111),8.442868091269236,"Al, Ge, Ru",Cubic,m-3m,AlGeRu2,(111),3
AlH3 (0001),4.40740473085373,"Al, H",Trigonal,-3m,AlH3,(0001),2
AlInS3 (0001),6.770805373320753,"Al, In, S",Hexagonal,6,AlInS3,(0001),3
AlInSe3 (0001),7.069713617311698,"Al, In, Se",Hexagonal,6,AlInSe3,(0001),3
AlIr (111),4.234940082140129,"Al, Ir",Cubic,m-3m,AlIr,(111),2
AlMo3 (111),7.002017788164572,"Al, Mo",Cubic,m-3m,AlMo3,(111),2
AlN (0001),3.1285881359767513,"Al, N",Hexagonal,6mm,AlN,(0001),2
AlNi (111),4.044242490789459,"Al, Ni",Cubic,m-3m,AlNi,(111),2
AlNi3 (111),4.982351775434637,"Al, Ni",Cubic,m-3m,AlNi3,(111),2
AlP (111),7.739944760299932,"Al, P",Cubic,-43m,AlP,(111),2
AlPO4 (0001),4.942236911127688,"Al, O, P",Trigonal,32,AlPO4,(0001),3
AlPd (111),6.881269320929219,"Al, Pd",Cubic,23,AlPd,(111),2
AlPt (111),6.899851903291039,"Al, Pt",Cubic,23,AlPt,(111),2
AlRh (111),4.2105698166321615,"Al, Rh",Cubic,m-3m,AlRh,(111),2
AlRu (111),4.217885500963911,"Al, Ru",Cubic,m-3m,AlRu,(111),2
AlSb (111),8.746970686288842,"Al, Sb",Cubic,-43m,AlSb,(111),2
AlSiMo6 (111),6.960440574111178,"Al, Mo, Si",Cubic,m-3,AlSiMo6,(111),3
AlSiRu2 (111),8.306168141152376,"Al, Ru, Si",Cubic,m-3m,AlSiRu2,(111),3
AlSiTe3 (0001),6.889315724899234,"Al, Si, Te",Trigonal,-3m,AlSiTe3,(0001),3
AlV2C (0001),2.8875990725729777,"Al, C, V",Hexagonal,6/mmm,AlV2C,(0001),3
AlV3 (111),6.773453733012776,"Al, V",Cubic,m-3m,AlV3,(111),2
AlV6Ga (111),6.7531345859632195,"Al, Ga, V",Cubic,m-3,AlV6Ga,(111),3
AlV6Ge (111),6.7353352752110105,"Al, Ge, V",Cubic,m-3,AlV6Ge,(111),3
AlVCo2 (111),8.089514843924189,"Al, Co, V",Cubic,m-3m,AlVCo2,(111),3
AlVFe2 (111),8.000342882262956,"Al, Fe, V",Cubic,m-3m,AlVFe2,(111),3
AlVOs2 (111),8.489860857035945,"Al, Os, V",Cubic,m-3m,AlVOs2,(111),3
AlVRu2 (111),8.440403385731747,"Al, Ru, V",Cubic,m-3m,AlVRu2,(111),3
AlZnIr2 (111),8.482682671964895,"Al, Ir, Zn",Cubic,m-3m,AlZnIr2,(111),3
AlZnRh2 (111),8.430517764229032,"Al, Rh, Zn",Cubic,m-3m,AlZnRh2,(111),3
Ar (111),7.584653393248766,Ar,Cubic,m-3m,Ar,(111),1
As2PbO6 (0001),4.894081558584741,"As, O, Pb",Trigonal,-3m,As2PbO6,(0001),3
As2Pd (111),8.52456132563911,"As, Pd",Cubic,m-3,As2Pd,(111),2
As2Pt (111),8.49709052417486,"As, Pt",Cubic,m-3,As2Pt,(111),2
As3Ir (111),12.047180542104076,"As, Ir",Cubic,m-3,As3Ir,(111),2
As3Rh (111),12.021709654559784,"As, Rh",Cubic,m-3,As3Rh,(111),2
As4PRh10 (0001),4.0364862762466345,"As, P, Rh",Trigonal,-3m,As4PRh10,(0001),3
AsF5 (0001),5.624206489359093,"As, F",Hexagonal,6/mmm,AsF5,(0001),2
AsI3 (0001),7.384495725335668,"As, I",Trigonal,-3,AsI3,(0001),2
AsIF12 (111),13.091723324256696,"As, F, I",Cubic,m-3,AsIF12,(111),3
AsIrS (111),8.225351184216096,"As, Ir, S",Cubic,23,AsIrS,(111),3
AsIrSe (111),8.452778631213771,"As, Ir, Se",Cubic,23,AsIrSe,(111),3
AsPdS (111),8.475651244559183,"As, Pd, S",Cubic,23,AsPdS,(111),3
AsPdSe (111),8.685434185352305,"As, Pd, Se",Cubic,23,AsPdSe,(111),3
AsRh2 (111),8.057467048454969,"As, Rh",Cubic,m-3m,AsRh2,(111),2
AsRhS (111),8.211419639133936,"As, Rh, S",Cubic,23,AsRhS,(111),3
AsRhSe (111),8.443762524778895,"As, Rh, Se",Cubic,23,AsRhSe,(111),3
Au (111),5.89909281378291,Au,Cubic,m-3m,Au,(111),1
Au2S (111),7.458537126670021,"Au, S",Cubic,m-3m,Au2S,(111),2
AuF3 (0001),5.056490239734063,"Au, F",Hexagonal,622,AuF3,(0001),2
B (0001),4.898392785868914,B,Trigonal,-3m,B,(0001),1
B13C2 (0001),5.648711848114358,"B, C",Trigonal,-3m,B13C2,(0001),2
B2Mo (0001),3.0148025280845085,"B, Mo",Trigonal,-3m,B2Mo,(0001),2
B2O3 (0001),4.337417236747534,"B, O",Trigonal,32,B2O3,(0001),2
B2W (0001),3.0151548991296,"B, W",Hexagonal,6/mmm,B2W,(0001),2
B3Os2 (0001),2.9327185538371765,"B, Os",Hexagonal,6/mmm,B3Os2,(0001),2
B3Ru2 (0001),2.909993747945413,"B, Ru",Hexagonal,6/mmm,B3Ru2,(0001),2
B4OsW (0001),2.9204037784700283,"B, Os, W",Hexagonal,-6m2,B4OsW,(0001),3
B4Rh5 (0001),3.3232114794545753,"B, Rh",Hexagonal,6/mmm,B4Rh5,(0001),2
B6As (0001),6.136844435663036,"As, B",Trigonal,-3m,B6As,(0001),2
B6H10N (111),15.339960802620363,"B, H, N",Cubic,m-3,B6H10N,(111),3
B6O (0001),5.37647256412057,"B, O",Trigonal,-3m,B6O,(0001),2
B6P (0001),5.979366668463106,"B, P",Trigonal,-3m,B6P,(0001),2
BBr3 (0001),6.57294825986312,"B, Br",Hexagonal,6/m,BBr3,(0001),2
BCl3 (0001),6.182459317126892,"B, Cl",Hexagonal,6/m,BCl3,(0001),2
BI3 (0001),7.218455931205784,"B, I",Hexagonal,6/m,BI3,(0001),2
BIr (0001),3.0421080791504487,"B, Ir",Hexagonal,-6m2,BIr,(0001),2
BN (0001),2.5022255372995517,"B, N",Hexagonal,-6m2,BN,(0001),2
BOs (0001),2.888286965498275,"B, Os",Hexagonal,-6m2,BOs,(0001),2
BP (111),6.409420599084413,"B, P",Cubic,-43m,BP,(111),2
BRh (0001),3.377070281206179,"B, Rh",Hexagonal,6/mmm,BRh,(0001),2
Ba (111),7.1188801945204245,Ba,Cubic,mmm,Ba,(111),1
Ba(AuF6)2 (111),14.797121026675084,"Au, Ba, F",Cubic,m-3m,Ba(AuF6)2,(111),3
Ba(B2Pt3)2 (0001),6.2386948607426636,"B, Ba, Pt",Trigonal,-3m,Ba(B2Pt3)2,(0001),3
Ba(BH)12 (0001),7.305369619132209,"B, Ba, H",Trigonal,3m,Ba(BH)12,(0001),3
Ba(BO2)2 (0001),7.277988127325904,"B, Ba, O",Trigonal,-3m,Ba(BO2)2,(0001),3
Ba(CdAs)2 (0001),4.560450920233018,"As, Ba, Cd",Trigonal,-3m,Ba(CdAs)2,(0001),3
Ba(CdP)2 (0001),4.437200700112346,"Ba, Cd, P",Trigonal,-3m,Ba(CdP)2,(0001),3
Ba(CdSb)2 (0001),4.831399018200273,"Ba, Cd, Sb",Trigonal,-3m,Ba(CdSb)2,(0001),3
Ba(FeSb3)4 (111),13.077235639691136,"Ba, Fe, Sb",Cubic,m-3,Ba(FeSb3)4,(111),3
Ba(GaH)2 (0001),4.526187447608367,"Ba, Ga, H",Trigonal,-3m,Ba(GaH)2,(0001),3
Ba(GaO2)2 (0001),10.860386359008729,"Ba, Ga, O",Hexagonal,6,Ba(GaO2)2,(0001),3
Ba(Ge3Pt)4 (111),12.335992115364322,"Ba, Ge, Pt",Cubic,m-3,Ba(Ge3Pt)4,(111),3
Ba(IrO3)2 (0001),13.401143011829365,"Ba, Ir, O",Trigonal,3,Ba(IrO3)2,(0001),3
Ba(MgAs)2 (0001),4.492983555272888,"As, Ba, Mg",Trigonal,-3m,Ba(MgAs)2,(0001),3
Ba(MgBi)2 (0001),4.898356991462862,"Ba, Bi, Mg",Trigonal,-3m,Ba(MgBi)2,(0001),3
Ba(MgP)2 (0001),4.374277007884123,"Ba, Mg, P",Trigonal,-3m,Ba(MgP)2,(0001),3
Ba(MgSb)2 (0001),4.798539425659251,"Ba, Mg, Sb",Trigonal,-3m,Ba(MgSb)2,(0001),3
Ba(NO3)2 (111),11.530280541672607,"Ba, N, O",Cubic,m-3,Ba(NO3)2,(111),3
Ba(NbN2)2 (111),15.918137542271019,"Ba, N, Nb",Cubic,m-3,Ba(NbN2)2,(111),3
Ba(Ni2B)6 (0001),9.633931268560717,"B, Ba, Ni",Trigonal,-3m,Ba(Ni2B)6,(0001),3
Ba(PN2)2 (111),14.523728159934922,"Ba, N, P",Cubic,m-3,Ba(PN2)2,(111),3
Ba(SbO3)2 (0001),5.32814760746502,"Ba, O, Sb",Trigonal,-3m,Ba(SbO3)2,(0001),3
Ba(TeMo)6 (0001),9.59032381421712,"Ba, Mo, Te",Hexagonal,-6,Ba(TeMo)6,(0001),3
Ba15(ZrSe3)14 (0001),12.630892597613506,"Ba, Se, Zr",Trigonal,-3m,Ba15(ZrSe3)14,(0001),3
Ba2(IrO3)3 (111),13.423879131013479,"Ba, Ir, O",Cubic,23,Ba2(IrO3)3,(111),3
Ba2(Mo2S3)3 (0001),10.754159863237021,"Ba, Mo, S",Hexagonal,6mm,Ba2(Mo2S3)3,(0001),3
Ba21Al40 (0001),10.617252709415013,"Al, Ba",Trigonal,3m,Ba21Al40,(0001),2
Ba2AsAu (111),11.346586135882811,"As, Au, Ba",Cubic,m-3m,Ba2AsAu,(111),3
Ba2BiAu (111),11.868145071268984,"Au, Ba, Bi",Cubic,m-3m,Ba2BiAu,(111),3
Ba2CdPb (111),12.106467068007893,"Ba, Cd, Pb",Cubic,m-3m,Ba2CdPb,(111),3
Ba2Eu3Si7 (0001),9.2850240801621,"Ba, Eu, Si",Hexagonal,-6m2,Ba2Eu3Si7,(0001),3
Ba2H6Os (111),11.444404007016693,"Ba, H, Os",Cubic,m-3m,Ba2H6Os,(111),3
Ba2H6Ru (111),11.408895593481375,"Ba, H, Ru",Cubic,m-3m,Ba2H6Ru,(111),3
Ba2HgPb (111),12.049930826150733,"Ba, Hg, Pb",Cubic,m-3m,Ba2HgPb,(111),3
Ba2Mg17 (0001),10.614029326801333,"Ba, Mg",Trigonal,-3m,Ba2Mg17,(0001),2
Ba2MgH6 (0001),5.717818886919488,"Ba, H, Mg",Trigonal,-3m,Ba2MgH6,(0001),3
Ba2MgTl (111),12.179309616503284,"Ba, Mg, Tl",Cubic,m-3m,Ba2MgTl,(111),3
Ba2N (0001),4.0456206004257815,"Ba, N",Trigonal,-3m,Ba2N,(0001),2
Ba2Nb15O32 (0001),7.863206635029353,"Ba, Nb, O",Trigonal,-3,Ba2Nb15O32,(0001),3
Ba2PCl (0001),4.6811803458170145,"Ba, Cl, P",Trigonal,-3m,Ba2PCl,(0001),3
Ba2Re6S11 (0001),9.275180346537123,"Ba, Re, S",Trigonal,-3m,Ba2Re6S11,(0001),3
Ba2Si3Ni (0001),11.479509610417832,"Ba, Ni, Si",Hexagonal,-6m2,Ba2Si3Ni,(0001),3
Ba2SnHg (111),11.99410467978184,"Ba, Hg, Sn",Cubic,m-3m,Ba2SnHg,(111),3
Ba2Ta15O32 (0001),7.810781418734738,"Ba, O, Ta",Trigonal,-3,Ba2Ta15O32,(0001),3
Ba2TlCd (111),12.031164862716281,"Ba, Cd, Tl",Cubic,m-3m,Ba2TlCd,(111),3
Ba2TlHg (111),11.950919047643225,"Ba, Hg, Tl",Cubic,m-3m,Ba2TlHg,(111),3
Ba2TlZn (111),11.857107728384358,"Ba, Tl, Zn",Cubic,m-3m,Ba2TlZn,(111),3
Ba3(AsO4)2 (0001),5.803854913680265,"As, Ba, O",Trigonal,-3m,Ba3(AsO4)2,(0001),3
Ba3(BO3)2 (0001),9.574845517959034,"B, Ba, O",Trigonal,-3m,Ba3(BO3)2,(0001),3
Ba3(H6Ir)2 (0001),5.508951416187608,"Ba, H, Ir",Trigonal,-3m,Ba3(H6Ir)2,(0001),3
Ba3(PO4)2 (0001),5.6290751516991735,"Ba, O, P",Trigonal,-3m,Ba3(PO4)2,(0001),3
Ba3Ag2 (0001),10.56053063304509,"Ag, Ba",Trigonal,-3,Ba3Ag2,(0001),2
Ba3Al3As5 (0001),15.10294237359208,"Al, As, Ba",Trigonal,-3m,Ba3Al3As5,(0001),3
Ba3Al3Ga2 (0001),5.9559059778385475,"Al, Ba, Ga",Hexagonal,6/mmm,Ba3Al3Ga2,(0001),3
Ba3Al3P5 (0001),14.718969710106322,"Al, Ba, P",Trigonal,-3m,Ba3Al3P5,(0001),3
Ba3Au2 (0001),10.118317329355685,"Au, Ba",Trigonal,-3,Ba3Au2,(0001),2
Ba3BiN (0001),7.727985063404506,"Ba, Bi, N",Hexagonal,6/mmm,Ba3BiN,(0001),3
Ba3CrN3 (0001),8.337857160276098,"Ba, Cr, N",Hexagonal,6/m,Ba3CrN3,(0001),3
Ba3FeN3 (0001),8.122511224986688,"Ba, Fe, N",Hexagonal,6/m,Ba3FeN3,(0001),3
Ba3Ga3P5 (0001),14.73883252989352,"Ba, Ga, P",Trigonal,-3m,Ba3Ga3P5,(0001),3
Ba3GaN3 (0001),8.079936684961487,"Ba, Ga, N",Hexagonal,6/m,Ba3GaN3,(0001),3
Ba3IrN3 (0001),8.17935158884051,"Ba, Ir, N",Hexagonal,6/m,Ba3IrN3,(0001),3
Ba3Lu4O9 (0001),5.97737378048962,"Ba, Lu, O",Trigonal,3,Ba3Lu4O9,(0001),3
Ba3Mn2O8 (0001),5.730119691789402,"Ba, Mn, O",Trigonal,2/m,Ba3Mn2O8,(0001),3
Ba3MnN3 (0001),8.202536345663518,"Ba, Mn, N",Hexagonal,6/m,Ba3MnN3,(0001),3
Ba3N (0001),7.795591577042754,"Ba, N",Hexagonal,6/mmm,Ba3N,(0001),2
Ba3NaN (0001),8.543394542721943,"Ba, N, Na",Hexagonal,6/mmm,Ba3NaN,(0001),3
Ba3Nb2O8 (0001),6.093028949050128,"Ba, Nb, O",Trigonal,-3m,Ba3Nb2O8,(0001),3
Ba3OsN3 (0001),8.225172190720155,"Ba, N, Os",Hexagonal,6/m,Ba3OsN3,(0001),3
Ba3PbO (111),7.809069134840098,"Ba, O, Pb",Cubic,m-3m,Ba3PbO,(111),3
Ba3PuO6 (111),12.856560284636334,"Ba, O, Pu",Cubic,m-3m,Ba3PuO6,(111),3
Ba3Re2O9 (0001),5.7483016751359655,"Ba, O, Re",Trigonal,-3m,Ba3Re2O9,(0001),3
Ba3ReN3 (0001),8.25044602429004,"Ba, N, Re",Hexagonal,6/m,Ba3ReN3,(0001),3
Ba3RuN3 (0001),8.228960038489888,"Ba, N, Ru",Hexagonal,6/m,Ba3RuN3,(0001),3
Ba3SbN (0001),7.629523817753167,"Ba, N, Sb",Hexagonal,6/mmm,Ba3SbN,(0001),3
Ba3SnO (111),7.781167252797768,"Ba, O, Sn",Cubic,m-3m,Ba3SnO,(111),3
Ba3Te2O9 (0001),5.896237041131874,"Ba, O, Te",Hexagonal,6/mmm,Ba3Te2O9,(0001),3
Ba3Tm4O9 (0001),6.07462183098314,"Ba, O, Tm",Trigonal,3,Ba3Tm4O9,(0001),3
Ba3Tm4O9 (0001),6.024944185808446,"Ba, O, Tm",Trigonal,32,Ba3Tm4O9,(0001),3
Ba3V2O8 (0001),5.812073833857275,"Ba, O, V",Trigonal,-3m,Ba3V2O8,(0001),3
Ba3Yb4O9 (0001),6.002535978060079,"Ba, O, Yb",Trigonal,3,Ba3Yb4O9,(0001),3
Ba4(Sn3Bi)3 (0001),7.426062444793558,"Ba, Bi, Sn",Hexagonal,6/mmm,Ba4(Sn3Bi)3,(0001),3
Ba4Ag3Ge20 (111),15.584624972070138,"Ag, Ba, Ge",Cubic,m-3m,Ba4Ag3Ge20,(111),3
Ba4Al5 (0001),6.116503876290374,"Al, Ba",Hexagonal,6/mmm,Ba4Al5,(0001),2
Ba4As3 (111),14.182320869801307,"As, Ba",Cubic,-43m,Ba4As3,(111),2
Ba4Bi3 (111),15.168728261960057,"Ba, Bi",Cubic,-43m,Ba4Bi3,(111),2
Ba4Cu3Ge20 (111),15.300874334488473,"Ba, Cu, Ge",Cubic,m-3m,Ba4Cu3Ge20,(111),3
Ba4Cu3Si20 (111),14.628106468790321,"Ba, Cu, Si",Cubic,m-3m,Ba4Cu3Si20,(111),3
Ba4Ge20Au3 (111),15.561597332634014,"Au, Ba, Ge",Cubic,m-3m,Ba4Ge20Au3,(111),3
Ba4IrO6 (0001),10.305921455797463,"Ba, Ir, O",Trigonal,-3m,Ba4IrO6,(0001),3
Ba4Nb2O9 (0001),6.141848029012652,"Ba, Nb, O",Hexagonal,6/m,Ba4Nb2O9,(0001),3
Ba4PdO6 (0001),10.282914623119703,"Ba, O, Pd",Trigonal,-3m,Ba4PdO6,(0001),3
Ba4PtO6 (0001),10.300406912122398,"Ba, O, Pt",Trigonal,-3m,Ba4PtO6,(0001),3
Ba4Sb2O9 (0001),6.044795361915898,"Ba, O, Sb",Hexagonal,6/mmm,Ba4Sb2O9,(0001),3
Ba4Si20Au3 (111),14.866613190104127,"Au, Ba, Si",Cubic,m-3m,Ba4Si20Au3,(111),3
Ba4Sm3Cl16 (0001),13.407886369186322,"Ba, Cl, Sm",Trigonal,-3,Ba4Sm3Cl16,(0001),3
Ba4USe6 (0001),12.771671970750777,"Ba, Se, U",Trigonal,-3m,Ba4USe6,(0001),3
Ba5(Ga3H)2 (0001),7.807478617053395,"Ba, Ga, H",Trigonal,3m,Ba5(Ga3H)2,(0001),3
Ba5(Ga3H)2 (0001),7.804707007001316,"Ba, Ga, H",Trigonal,-3m,Ba5(Ga3H)2,(0001),3
Ba5(RuO5)2 (0001),5.996534633536726,"Ba, O, Ru",Hexagonal,6/mmm,Ba5(RuO5)2,(0001),3
Ba5Al5Pb (0001),6.09149370712778,"Al, Ba, Pb",Hexagonal,-6m2,Ba5Al5Pb,(0001),3
Ba5Al5Sn (0001),6.077842770510836,"Al, Ba, Sn",Hexagonal,-6m2,Ba5Al5Sn,(0001),3
Ba5Bi3 (0001),10.288935478966234,"Ba, Bi",Hexagonal,6/mmm,Ba5Bi3,(0001),2
Ba5Ga5Pb (0001),6.028652896631909,"Ba, Ga, Pb",Hexagonal,-6m2,Ba5Ga5Pb,(0001),3
Ba5Ga5Sn (0001),6.012211066333265,"Ba, Ga, Sn",Hexagonal,-6m2,Ba5Ga5Sn,(0001),3
Ba5Ga6 (0001),7.84507372119125,"Ba, Ga",Hexagonal,6/m,Ba5Ga6,(0001),2
Ba5Ga6 (0001),7.818791263608638,"Ba, Ga",Hexagonal,6/mmm,Ba5Ga6,(0001),2
Ba5Mg18Ge13 (0001),14.668835885768502,"Ba, Ge, Mg",Trigonal,3m,Ba5Mg18Ge13,(0001),3
Ba5Mg18Si13 (0001),14.520605410468928,"Ba, Mg, Si",Hexagonal,-6m2,Ba5Mg18Si13,(0001),3
Ba5Nb4O15 (0001),5.853237644530825,"Ba, Nb, O",Trigonal,-3m,Ba5Nb4O15,(0001),3
Ba5Pt2O9 (0001),10.24936880468863,"Ba, O, Pt",Trigonal,32,Ba5Pt2O9,(0001),3
Ba5Re3O16 (0001),11.078618161590143,"Ba, O, Re",Hexagonal,6mm,Ba5Re3O16,(0001),3
Ba5Sb3 (0001),10.134924245077546,"Ba, Sb",Hexagonal,6/mmm,Ba5Sb3,(0001),2
Ba5Ta4O15 (0001),5.81978595187172,"Ba, O, Ta",Trigonal,-3m,Ba5Ta4O15,(0001),3
Ba6Ga5N (0001),7.961829727209665,"Ba, Ga, N",Trigonal,-3m,Ba6Ga5N,(0001),3
Ba6In5N (0001),8.297686466669507,"Ba, In, N",Trigonal,-3m,Ba6In5N,(0001),3
Ba7(BIr)12 (0001),15.384770114017748,"B, Ba, Ir",Trigonal,-3m,Ba7(BIr)12,(0001),3
Ba7Al10 (0001),6.067085128785797,"Al, Ba",Trigonal,-3m,Ba7Al10,(0001),2
Ba7Al64O103 (0001),9.806362337138172,"Al, Ba, O",Hexagonal,-6m2,Ba7Al64O103,(0001),3
Ba7Cd31 (0001),10.662437912357518,"Ba, Cd",Hexagonal,-6m2,Ba7Cd31,(0001),2
Ba7Cu3H17 (0001),11.814575734215344,"Ba, Cu, H",Trigonal,3m,Ba7Cu3H17,(0001),3
Ba8Si43Ni3 (0001),14.607304507710829,"Ba, Ni, Si",Trigonal,32,Ba8Si43Ni3,(0001),3
Ba9(RhO3)8 (0001),10.222998226842012,"Ba, O, Rh",Trigonal,-3m,Ba9(RhO3)8,(0001),3
BaAg2 (0001),4.849718265716754,"Ag, Ba",Hexagonal,mmm,BaAg2,(0001),2
BaAg5 (0001),5.8903878735327675,"Ag, Ba",Hexagonal,6/mmm,BaAg5,(0001),2
BaAgAs (0001),4.632092700956831,"Ag, As, Ba",Hexagonal,6/mmm,BaAgAs,(0001),3
BaAgBi (0001),4.98849595398509,"Ag, Ba, Bi",Hexagonal,6/mmm,BaAgBi,(0001),3
BaAgP (0001),4.504588214253769,"Ag, Ba, P",Hexagonal,6/mmm,BaAgP,(0001),3
BaAgSb (0001),4.868260500099471,"Ag, Ba, Sb",Hexagonal,6/mmm,BaAgSb,(0001),3
BaAl2O4 (0001),10.480410564807723,"Al, Ba, O",Hexagonal,6,BaAl2O4,(0001),3
BaAl9Fe2 (0001),7.941259587040294,"Al, Ba, Fe",Hexagonal,6/mmm,BaAl9Fe2,(0001),3
BaAlGe (0001),4.35261677459315,"Al, Ba, Ge",Hexagonal,-6m2,BaAlGe,(0001),3
BaAlSi (0001),4.30761441900783,"Al, Ba, Si",Hexagonal,-6m2,BaAlSi,(0001),3
BaAs2F12 (111),14.24459229919718,"As, Ba, F",Cubic,m-3m,BaAs2F12,(111),3
BaAsAu (0001),4.5808460746635005,"As, Au, Ba",Hexagonal,6/mmm,BaAsAu,(0001),3
BaAsPd (0001),4.369118253734559,"As, Ba, Pd",Hexagonal,-6m2,BaAsPd,(0001),3
BaAsPt (111),9.588956732422009,"As, Ba, Pt",Cubic,23,BaAsPt,(111),3
BaAu2 (0001),4.860429712955245,"Au, Ba",Hexagonal,6/mmm,BaAu2,(0001),2
BaAu5 (0001),5.855377648280997,"Au, Ba",Hexagonal,6/mmm,BaAu5,(0001),2
BaB6 (111),6.047752607921612,"B, Ba",Cubic,m-3m,BaB6,(111),2
BaC6 (0001),4.316475320155197,"Ba, C",Hexagonal,6/mmm,BaC6,(0001),2
BaCN2 (0001),4.32035191433069,"Ba, C, N",Trigonal,-3m,BaCN2,(0001),3
BaCd (111),6.013198449129641,"Ba, Cd",Cubic,m-3m,BaCd,(111),2
BaCdGe (0001),4.700143595107066,"Ba, Cd, Ge",Hexagonal,6/mmm,BaCdGe,(0001),3
BaCeN2 (0001),3.6803611605666333,"Ba, Ce, N",Hexagonal,6/mmm,BaCeN2,(0001),3
BaCl2 (111),10.430328062014373,"Ba, Cl",Cubic,m-3m,BaCl2,(111),2
BaCoO2 (0001),5.8749216505112924,"Ba, Co, O",Trigonal,32,BaCoO2,(0001),3
BaCoO3 (0001),9.845111906762329,"Ba, Co, O",Hexagonal,6/mmm,BaCoO3,(0001),3
BaCrF6 (0001),7.3587298094021785,"Ba, Cr, F",Trigonal,-3m,BaCrF6,(0001),3
BaCuAs (0001),4.338743896358129,"As, Ba, Cu",Hexagonal,6/mmm,BaCuAs,(0001),3
BaCuP (0001),4.198266412917265,"Ba, Cu, P",Hexagonal,6/mmm,BaCuP,(0001),3
BaCuSb (0001),4.600111809527412,"Ba, Cu, Sb",Hexagonal,6/mmm,BaCuSb,(0001),3
BaF2 (111),8.804512957131934,"Ba, F",Cubic,m-3m,BaF2,(111),2
BaFeO3 (0001),5.64448117783631,"Ba, Fe, O",Hexagonal,6/mmm,BaFeO3,(0001),3
BaGa2 (0001),4.402531542302123,"Ba, Ga",Hexagonal,6/mmm,BaGa2,(0001),2
BaGaCu2 (0001),4.278729840359761,"Ba, Cu, Ga",Trigonal,-3m,BaGaCu2,(0001),3
BaGaGe (0001),4.345643181783863,"Ba, Ga, Ge",Hexagonal,6/mmm,BaGaGe,(0001),3
BaGaSi (0001),4.237799997083986,"Ba, Ga, Si",Hexagonal,-6m2,BaGaSi,(0001),3
BaGe4O9 (0001),11.672407572774661,"Ba, Ge, O",Trigonal,32,BaGe4O9,(0001),3
BaGeF6 (0001),7.343411509373228,"Ba, F, Ge",Trigonal,-3m,BaGeF6,(0001),3
BaGePt (111),9.623824747629875,"Ba, Ge, Pt",Cubic,23,BaGePt,(111),3
BaH6F8 (0001),7.768361614403066,"Ba, F, H",Hexagonal,-6m2,BaH6F8,(0001),3
BaHfO3 (111),5.896657917595919,"Ba, Hf, O",Cubic,m-3m,BaHfO3,(111),3
BaHg (111),5.909659122470739,"Ba, Hg",Cubic,m-3m,BaHg,(111),2
BaHg2 (0001),5.1705286732963645,"Ba, Hg",Hexagonal,mmm,BaHg2,(0001),2
BaHg2Pb (111),11.172203308167473,"Ba, Hg, Pb",Cubic,m-3m,BaHg2Pb,(111),3
BaHg3 (0001),7.3849789465767355,"Ba, Hg",Hexagonal,6/mmm,BaHg3,(0001),2
BaHgO2 (0001),4.160198275340768,"Ba, Hg, O",Trigonal,-3m,BaHgO2,(0001),3
BaIn9Ir2 (0001),8.932328461636173,"Ba, In, Ir",Hexagonal,6/mmm,BaIn9Ir2,(0001),3
BaIrF6 (0001),7.476289473942449,"Ba, F, Ir",Trigonal,-3,BaIrF6,(0001),3
BaLi4 (0001),10.85303614701155,"Ba, Li",Hexagonal,6/mmm,BaLi4,(0001),2
BaLiAs (0001),4.532278736656025,"As, Ba, Li",Hexagonal,-6m2,BaLiAs,(0001),3
BaLiH3 (111),5.673007651360248,"Ba, H, Li",Cubic,m-3m,BaLiH3,(111),3
BaLiP (0001),4.523617695411071,"Ba, Li, P",Hexagonal,6/mmm,BaLiP,(0001),3
BaLiSb (0001),4.940407598328941,"Ba, Li, Sb",Hexagonal,6/mmm,BaLiSb,(0001),3
BaMg2 (0001),6.644726110692559,"Ba, Mg",Hexagonal,6/mmm,BaMg2,(0001),2
BaMnO3 (0001),5.69250880534336,"Ba, Mn, O",Trigonal,-3m,BaMnO3,(0001),3
BaMoO3 (111),5.725301280814559,"Ba, Mo, O",Cubic,m-3m,BaMoO3,(111),3
BaNaBi (0001),8.69672842010737,"Ba, Bi, Na",Hexagonal,-6m2,BaNaBi,(0001),3
BaNaHg2 (111),11.264284931102473,"Ba, Hg, Na",Cubic,m-3m,BaNaHg2,(111),3
BaNaP (0001),7.968933961543186,"Ba, Na, P",Hexagonal,-6m2,BaNaP,(0001),3
BaNbO3 (111),5.845754757242937,"Ba, Nb, O",Cubic,m-3m,BaNbO3,(111),3
BaNi9As5 (0001),6.6991733181723045,"As, Ba, Ni",Hexagonal,6/mmm,BaNi9As5,(0001),3
BaNi9P5 (0001),6.467486010649882,"Ba, Ni, P",Hexagonal,6/mmm,BaNi9P5,(0001),3
BaNiF6 (0001),7.315122782312094,"Ba, F, Ni",Trigonal,-3m,BaNiF6,(0001),3
BaNiO3 (0001),5.676584350981493,"Ba, Ni, O",Hexagonal,6/mmm,BaNiO3,(0001),3
BaNpO3 (111),6.233431032774246,"Ba, Np, O",Cubic,m-3m,BaNpO3,(111),3
BaO (111),7.892419599868063,"Ba, O",Cubic,m-3m,BaO,(111),2
BaPAu (0001),4.4279877450434455,"Au, Ba, P",Hexagonal,6/mmm,BaPAu,(0001),3
BaPIr (111),9.223909943354514,"Ba, Ir, P",Cubic,23,BaPIr,(111),3
BaPPt (111),9.315661715118223,"Ba, P, Pt",Cubic,23,BaPPt,(111),3
BaPaO3 (111),6.355242946182098,"Ba, O, Pa",Cubic,m-3m,BaPaO3,(111),3
BaPb3 (0001),7.4215526454995375,"Ba, Pb",Trigonal,-3m,BaPb3,(0001),2
BaPb3O4 (0001),7.885980797360528,"Ba, O, Pb",Hexagonal,-6m2,BaPb3O4,(0001),3
BaPbF6 (0001),7.613544879184851,"Ba, F, Pb",Trigonal,-3m,BaPbF6,(0001),3
BaPd (0001),5.156114302293467,"Ba, Pd",Hexagonal,6/mmm,BaPd,(0001),2
BaPd2 (111),11.40266269594656,"Ba, Pd",Cubic,m-3m,BaPd2,(111),2
BaPd5 (0001),5.586982171811451,"Ba, Pd",Hexagonal,6/mmm,BaPd5,(0001),2
BaPt (0001),5.1451323937401465,"Ba, Pt",Hexagonal,6/mmm,BaPt,(0001),2
BaPt2 (111),11.35583959075637,"Ba, Pt",Cubic,m-3m,BaPt2,(111),2
BaPt5 (0001),5.591984552111309,"Ba, Pt",Hexagonal,6/mmm,BaPt5,(0001),2
BaReH9 (0001),5.225242204489672,"Ba, H, Re",Hexagonal,6/mmm,BaReH9,(0001),3
BaRh2 (111),11.193232423403087,"Ba, Rh",Cubic,m-3m,BaRh2,(111),2
BaRhF6 (0001),7.467657218924824,"Ba, F, Rh",Trigonal,-3m,BaRhF6,(0001),3
BaRuO3 (0001),5.781550622926529,"Ba, O, Ru",Hexagonal,6/mmm,BaRuO3,(0001),3
BaRuO5 (0001),9.621310011979812,"Ba, O, Ru",Trigonal,-3m,BaRuO5,(0001),3
BaS (111),9.12358841359985,"Ba, S",Cubic,m-3m,BaS,(111),2
BaSbAu (0001),4.803660514684498,"Au, Ba, Sb",Hexagonal,6/mmm,BaSbAu,(0001),3
BaSbPt (0001),4.567997617066739,"Ba, Pt, Sb",Hexagonal,-6m2,BaSbPt,(0001),3
BaSe (111),9.428906567007873,"Ba, Se",Cubic,m-3m,BaSe,(111),2
BaSiAu (0001),4.322365340446666,"Au, Ba, Si",Hexagonal,-6m2,BaSiAu,(0001),3
BaSiF6 (0001),7.196892947392347,"Ba, F, Si",Trigonal,-3m,BaSiF6,(0001),3
BaSiPd (111),9.503361979818393,"Ba, Pd, Si",Cubic,23,BaSiPd,(111),3
BaSiPt (111),9.463524517147295,"Ba, Pt, Si",Cubic,23,BaSiPt,(111),3
BaSn2 (0001),4.713825336512515,"Ba, Sn",Trigonal,-3m,BaSn2,(0001),2
BaSn3 (0001),7.347911857170174,"Ba, Sn",Hexagonal,6/mmm,BaSn3,(0001),2
BaSnF6 (0001),7.402572944092788,"Ba, F, Sn",Trigonal,-3,BaSnF6,(0001),3
BaSnHg (0001),4.956457106920644,"Ba, Hg, Sn",Hexagonal,6/mmm,BaSnHg,(0001),3
BaSnO3 (111),5.859744992187933,"Ba, O, Sn",Cubic,m-3m,BaSnO3,(111),3
BaSr4 (0001),4.301313830747469,"Ba, Sr",Trigonal,-3m,BaSr4,(0001),2
BaSrTl2 (111),11.839026583725351,"Ba, Sr, Tl",Cubic,m-3m,BaSrTl2,(111),3
BaTaF7 (111),14.019334609357577,"Ba, F, Ta",Cubic,m-3,BaTaF7,(111),3
BaTaS3 (0001),6.945788689312773,"Ba, S, Ta",Hexagonal,6/mmm,BaTaS3,(0001),3
BaTcO3 (0001),5.798878591069892,"Ba, O, Tc",Hexagonal,6/mmm,BaTcO3,(0001),3
BaTe (111),10.02654723240425,"Ba, Te",Cubic,m-3m,BaTe,(111),2
BaThN2 (0001),3.7637553472591008,"Ba, N, Th",Hexagonal,6/mmm,BaThN2,(0001),3
BaTiF6 (0001),7.409294745509793,"Ba, F, Ti",Trigonal,-3m,BaTiF6,(0001),3
BaTiSe3 (0001),7.108258999705824,"Ba, Se, Ti",Hexagonal,6/mmm,BaTiSe3,(0001),3
BaTl2 (0001),5.294107462965234,"Ba, Tl",Hexagonal,6/mmm,BaTl2,(0001),2
BaTlHg2 (111),11.151588119082291,"Ba, Hg, Tl",Cubic,m-3m,BaTlHg2,(111),3
BaZnGe (0001),4.434101164725586,"Ba, Ge, Zn",Hexagonal,6/mmm,BaZnGe,(0001),3
BaZnO2 (0001),5.909806532173574,"Ba, O, Zn",Trigonal,32,BaZnO2,(0001),3
BaZnSi (0001),4.360611892842304,"Ba, Si, Zn",Hexagonal,6/mmm,BaZnSi,(0001),3
BaZnSn (0001),4.700237596491604,"Ba, Sn, Zn",Hexagonal,6/mmm,BaZnSn,(0001),3
Be (0001),2.2647826536123414,Be,Hexagonal,mmm,Be,(0001),1
Be(CoO2)2 (111),10.854904441900754,"Be, Co, O",Cubic,m-3m,Be(CoO2)2,(111),3
Be(GaO2)2 (0001),7.765834845128299,"Be, Ga, O",Trigonal,3,Be(GaO2)2,(0001),3
Be(PN2)2 (0001),12.777508725610325,"Be, N, P",Trigonal,-3,Be(PN2)2,(0001),3
Be15(Nb3Cu4)2 (111),15.292202562903887,"Be, Cu, Nb",Cubic,m-3m,Be15(Nb3Cu4)2,(111),3
Be15(Nb3Ni4)2 (111),15.104515406926712,"Be, Nb, Ni",Cubic,m-3m,Be15(Nb3Ni4)2,(111),3
Be17Nb2 (0001),7.380968967459249,"Be, Nb",Trigonal,-3m,Be17Nb2,(0001),2
Be17Os3 (111),15.948425188450939,"Be, Os",Cubic,m-3,Be17Os3,(111),2
Be17Ru3 (111),15.939459007614825,"Be, Ru",Cubic,m-3,Be17Ru3,(111),2
Be2C (111),6.115783444322806,"Be, C",Cubic,m-3m,Be2C,(111),2
Be2CoIr (111),7.628529222046016,"Be, Co, Ir",Cubic,m-3m,Be2CoIr,(111),3
Be2CoNi (111),7.279374935936374,"Be, Co, Ni",Cubic,m-3m,Be2CoNi,(111),3
Be2CoPt (111),7.661994120475949,"Be, Co, Pt",Cubic,m-3m,Be2CoPt,(111),3
Be2Cr (0001),4.313351130140926,"Be, Cr",Hexagonal,6/mmm,Be2Cr,(0001),2
Be2Cu (111),8.433677530212707,"Be, Cu",Cubic,m-3m,Be2Cu,(111),2
Be2CuIr (111),7.735853271196518,"Be, Cu, Ir",Cubic,m-3m,Be2CuIr,(111),3
Be2CuPt (111),7.818998978799759,"Be, Cu, Pt",Cubic,m-3m,Be2CuPt,(111),3
Be2CuRh (111),7.690395144491989,"Be, Cu, Rh",Cubic,m-3m,Be2CuRh,(111),3
Be2Fe (0001),4.188349051252951,"Be, Fe",Hexagonal,6/mmm,Be2Fe,(0001),2
Be2IrPd (111),7.908322687298232,"Be, Ir, Pd",Cubic,m-3m,Be2IrPd,(111),3
Be2IrPt (111),7.932420801548256,"Be, Ir, Pt",Cubic,m-3m,Be2IrPt,(111),3
Be2IrRu (111),7.865736615715847,"Be, Ir, Ru",Cubic,m-3m,Be2IrRu,(111),3
Be2Mo (0001),4.4418626829558585,"Be, Mo",Hexagonal,6/mmm,Be2Mo,(0001),2
Be2NiIr (111),7.633808344588854,"Be, Ir, Ni",Cubic,m-3m,Be2NiIr,(111),3
Be2NiPt (111),7.700841306795487,"Be, Ni, Pt",Cubic,m-3m,Be2NiPt,(111),3
Be2NiRh (111),7.586102527540083,"Be, Ni, Rh",Cubic,m-3m,Be2NiRh,(111),3
Be2PdPt (111),7.988461125940592,"Be, Pd, Pt",Cubic,m-3m,Be2PdPt,(111),3
Be2PdRh (111),7.876549268349684,"Be, Pd, Rh",Cubic,m-3m,Be2PdRh,(111),3
Be2PtRh (111),7.89858438442346,"Be, Pt, Rh",Cubic,m-3m,Be2PtRh,(111),3
Be2Re (0001),4.3616826730946645,"Be, Re",Hexagonal,6/mmm,Be2Re,(0001),2
Be2RhAu (111),8.034045250130616,"Au, Be, Rh",Cubic,m-3m,Be2RhAu,(111),3
Be2Ru (0001),4.330064872129594,"Be, Ru",Hexagonal,6/mmm,Be2Ru,(0001),2
Be2RuAu (111),8.007792755852764,"Au, Be, Ru",Cubic,m-3m,Be2RuAu,(111),3
Be2RuPt (111),7.9144957294979905,"Be, Pt, Ru",Cubic,m-3m,Be2RuPt,(111),3
Be2SiO4 (0001),12.470170914291016,"Be, O, Si",Trigonal,-3,Be2SiO4,(0001),3
Be2V (0001),4.3615329010805555,"Be, V",Hexagonal,6/mmm,Be2V,(0001),2
Be2W (0001),4.444094300195196,"Be, W",Hexagonal,6/mmm,Be2W,(0001),2
Be3Fe (111),4.580639293589766,"Be, Fe",Cubic,m-3m,Be3Fe,(111),2
Be3N2 (111),11.494028280259048,"Be, N",Cubic,m-3,Be3N2,(111),2
Be3Nb (0001),4.5715047145641705,"Be, Nb",Trigonal,-3m,Be3Nb,(0001),2
Be3P2 (111),14.417061200409943,"Be, P",Cubic,m-3,Be3P2,(111),2
Be3Rh (0001),4.8088811329223216,"Be, Rh",Hexagonal,6/mmm,Be3Rh,(0001),2
Be3Tc (111),4.766826180072267,"Be, Tc",Cubic,m-3m,Be3Tc,(111),2
Be4AlCr (0001),4.306708482403696,"Al, Be, Cr",Trigonal,-3m,Be4AlCr,(0001),3
Be4AlFe (111),8.443644726214501,"Al, Be, Fe",Cubic,-43m,Be4AlFe,(111),3
Be4AlNi (111),8.483436900341982,"Al, Be, Ni",Cubic,-43m,Be4AlNi,(111),3
Be4N6O19 (0001),13.455094625346284,"Be, N, O",Trigonal,3,Be4N6O19,(0001),3
Be4TeO7 (111),10.717618019584362,"Be, O, Te",Cubic,-43m,Be4TeO7,(111),3
Be5Au (111),8.62356193293303,"Au, Be",Cubic,-43m,Be5Au,(111),2
Be5Pd (111),8.451104460681552,"Be, Pd",Cubic,-43m,Be5Pd,(111),2
Be5Pt (111),8.432395641849965,"Be, Pt",Cubic,-43m,Be5Pt,(111),2
BeAlB (111),6.996550997382281,"Al, B, Be",Cubic,-43m,BeAlB,(111),3
BeAlIr2 (111),8.214822166254331,"Al, Be, Ir",Cubic,m-3m,BeAlIr2,(111),3
BeAlRh2 (111),8.156424366800747,"Al, Be, Rh",Cubic,m-3m,BeAlRh2,(111),3
BeAu (111),6.628405644950938,"Au, Be",Cubic,23,BeAu,(111),2
BeCo (111),3.6370084100798996,"Be, Co",Cubic,m-3m,BeCo,(111),2
BeCo2Ge (111),7.690702853782021,"Be, Co, Ge",Cubic,m-3m,BeCo2Ge,(111),3
BeCo2Si (111),7.503952926453631,"Be, Co, Si",Cubic,m-3m,BeCo2Si,(111),3
BeCrFe2 (111),7.598090419928522,"Be, Cr, Fe",Cubic,m-3m,BeCrFe2,(111),3
BeCrRu2 (111),8.112653863075604,"Be, Cr, Ru",Cubic,m-3m,BeCrRu2,(111),3
BeF2 (111),11.718471750610957,"Be, F",Cubic,-43m,BeF2,(111),2
BeFe2Si (111),7.55981195800431,"Be, Fe, Si",Cubic,m-3m,BeFe2Si,(111),3
BeFeRh2 (111),8.17968464436788,"Be, Fe, Rh",Cubic,m-3m,BeFeRh2,(111),3
BeGaIr2 (111),8.262090048403493,"Be, Ga, Ir",Cubic,m-3m,BeGaIr2,(111),3
BeGaRh2 (111),8.198160609353858,"Be, Ga, Rh",Cubic,m-3m,BeGaRh2,(111),3
BeGeRu2 (111),8.20075450311679,"Be, Ge, Ru",Cubic,m-3m,BeGeRu2,(111),3
BeNbRu2 (111),8.524863288518949,"Be, Nb, Ru",Cubic,m-3m,BeNbRu2,(111),3
BeNi (111),3.658569906031636,"Be, Ni",Cubic,m-3m,BeNi,(111),2
BeO (0001),2.6942767113365518,"Be, O",Hexagonal,6mm,BeO,(0001),2
BePd (111),3.976255559707664,"Be, Pd",Cubic,m-3m,BePd,(111),2
BeRh (111),3.9143851729938097,"Be, Rh",Cubic,m-3m,BeRh,(111),2
BeRu2W (111),8.421033916090947,"Be, Ru, W",Cubic,m-3m,BeRu2W,(111),3
BeS (111),6.887648976599379,"Be, S",Cubic,-43m,BeS,(111),2
BeSe (111),7.308567268567406,"Be, Se",Cubic,-43m,BeSe,(111),2
BeSiIr2 (111),8.13150589554746,"Be, Ir, Si",Cubic,m-3m,BeSiIr2,(111),3
BeSiNi2 (111),7.625126534570103,"Be, Ni, Si",Cubic,m-3m,BeSiNi2,(111),3
BeSiOs2 (111),8.115235311943817,"Be, Os, Si",Cubic,m-3m,BeSiOs2,(111),3
BeSiRh2 (111),8.058614160704373,"Be, Rh, Si",Cubic,m-3m,BeSiRh2,(111),3
BeSiRu2 (111),8.05323729245596,"Be, Ru, Si",Cubic,m-3m,BeSiRu2,(111),3
BeTe (111),8.008574837335322,"Be, Te",Cubic,-43m,BeTe,(111),2
BeVCo2 (111),7.73483603415282,"Be, Co, V",Cubic,m-3m,BeVCo2,(111),3
BeVFe2 (111),7.733665942126418,"Be, Fe, V",Cubic,m-3m,BeVFe2,(111),3
BeVOs2 (111),8.263398365654316,"Be, Os, V",Cubic,m-3m,BeVOs2,(111),3
BeVRu2 (111),8.197655933398751,"Be, Ru, V",Cubic,m-3m,BeVRu2,(111),3
Bi (0001),4.5380094843588585,Bi,Trigonal,-3m,Bi,(0001),1
Bi15AsO25 (0001),14.70198173041107,"As, Bi, O",Trigonal,3,Bi15AsO25,(0001),3
Bi2Ir2O7 (111),14.629912504361668,"Bi, Ir, O",Cubic,m-3m,Bi2Ir2O7,(111),3
Bi2Os2O7 (111),14.650569384466097,"Bi, O, Os",Cubic,m-3m,Bi2Os2O7,(111),3
Bi2PbSe4 (0001),4.215136284963699,"Bi, Pb, Se",Trigonal,-3m,Bi2PbSe4,(0001),3
Bi2Pd3S2 (111),11.863192858822513,"Bi, Pd, S",Cubic,23,Bi2Pd3S2,(111),3
Bi2PdPt (0001),4.328992151937722,"Bi, Pd, Pt",Trigonal,-3m,Bi2PdPt,(0001),3
Bi2Pt2O7 (111),14.743760429656508,"Bi, O, Pt",Cubic,m-3m,Bi2Pt2O7,(111),3
Bi2Rh2O7 (111),14.525782154782558,"Bi, O, Rh",Cubic,m-3m,Bi2Rh2O7,(111),3
Bi2Ru2O7 (111),14.539655330059215,"Bi, O, Ru",Cubic,m-3m,Bi2Ru2O7,(111),3
Bi2Se3 (0001),4.191366525881255,"Bi, Se",Trigonal,-3m,Bi2Se3,(0001),2
Bi2Te2S (0001),4.277348004328559,"Bi, S, Te",Trigonal,-3m,Bi2Te2S,(0001),3
Bi2Te2Se (0001),4.3219375234624335,"Bi, Se, Te",Trigonal,-3m,Bi2Te2Se,(0001),3
Bi2Te3 (0001),4.418130446801545,"Bi, Te",Trigonal,-3m,Bi2Te3,(0001),2
Bi3Ir3O11 (111),13.424275162616118,"Bi, Ir, O",Cubic,m-3,Bi3Ir3O11,(111),3
Bi3Pt3O11 (111),13.303123125991627,"Bi, O, Pt",Cubic,m-3,Bi3Pt3O11,(111),3
Bi3Ru3O11 (111),13.296003164081755,"Bi, O, Ru",Cubic,m-3,Bi3Ru3O11,(111),3
BiI3 (0001),7.673539631066871,"Bi, I",Trigonal,-3,BiI3,(0001),2
BiIrS (111),8.79507334035777,"Bi, Ir, S",Cubic,23,BiIrS,(111),3
BiIrSe (111),8.9762946118961,"Bi, Ir, Se",Cubic,23,BiIrSe,(111),3
BiPd (0001),4.280816712471095,"Bi, Pd",Hexagonal,6/mmm,BiPd,(0001),2
BiPdSe (111),9.186255753009098,"Bi, Pd, Se",Cubic,23,BiPdSe,(111),3
BiPt (0001),4.382296511562622,"Bi, Pt",Hexagonal,6/mmm,BiPt,(0001),2
BiPtSe (111),9.199822921252865,"Bi, Pt, Se",Cubic,23,BiPtSe,(111),3
BiRh (0001),4.134168797411928,"Bi, Rh",Hexagonal,6/mmm,BiRh,(0001),2
BiRhS (111),8.799412147567132,"Bi, Rh, S",Cubic,23,BiRhS,(111),3
BiRhSe (111),8.970172339963227,"Bi, Rh, Se",Cubic,23,BiRhSe,(111),3
BiSb (0001),4.452591275903185,"Bi, Sb",Trigonal,3m,BiSb,(0001),2
BiTeIr (111),9.28597318637187,"Bi, Ir, Te",Cubic,23,BiTeIr,(111),3
BiTePd (111),9.508636939837503,"Bi, Pd, Te",Cubic,23,BiTePd,(111),3
BiTePt (111),9.505759522731115,"Bi, Pt, Te",Cubic,23,BiTePt,(111),3
BiTeRh (111),9.286778411290012,"Bi, Rh, Te",Cubic,23,BiTeRh,(111),3
CO2 (111),7.774035585934754,"C, O",Cubic,m-3,CO2,(111),2
Ca (111),7.886808648079254,Ca,Cubic,m-3m,Ca,(111),1
Ca(AlGe)2 (0001),4.169670516537616,"Al, Ca, Ge",Trigonal,-3m,Ca(AlGe)2,(0001),3
Ca(AlSi)2 (0001),4.137602168726243,"Al, Ca, Si",Trigonal,-3m,Ca(AlSi)2,(0001),3
Ca(As2Rh3)2 (0001),7.235378018800897,"As, Ca, Rh",Hexagonal,-6m2,Ca(As2Rh3)2,(0001),3
Ca(AsO3)2 (0001),4.848555640614101,"As, Ca, O",Trigonal,-3m,Ca(AsO3)2,(0001),3
Ca(B2Pt3)2 (0001),6.115018747889945,"B, Ca, Pt",Trigonal,-3m,Ca(B2Pt3)2,(0001),3
Ca(BeAs)2 (0001),3.8822938274710554,"As, Be, Ca",Trigonal,-3m,Ca(BeAs)2,(0001),3
Ca(BeP)2 (0001),3.7458380505035738,"Be, Ca, P",Trigonal,-3m,Ca(BeP)2,(0001),3
Ca(CdAs)2 (0001),4.413878640360806,"As, Ca, Cd",Trigonal,-3m,Ca(CdAs)2,(0001),3
Ca(CdP)2 (0001),4.29230685198745,"Ca, Cd, P",Trigonal,-3m,Ca(CdP)2,(0001),3
Ca(CdSb)2 (0001),4.692603314041912,"Ca, Cd, Sb",Trigonal,-3m,Ca(CdSb)2,(0001),3
Ca(CoO2)4 (0001),5.5857409096863755,"Ca, Co, O",Trigonal,-3m,Ca(CoO2)4,(0001),3
Ca(Cu2As)2 (0001),4.119561455447039,"As, Ca, Cu",Trigonal,-3m,Ca(Cu2As)2,(0001),3
Ca(FeSb3)4 (111),12.952802388157368,"Ca, Fe, Sb",Cubic,m-3,Ca(FeSb3)4,(111),3
Ca(GaAs)2 (0001),3.989346576723482,"As, Ca, Ga",Trigonal,-3m,Ca(GaAs)2,(0001),3
Ca(GaP)2 (0001),3.8409401838780273,"Ca, Ga, P",Hexagonal,6/mmm,Ca(GaP)2,(0001),3
Ca(HO)2 (0001),6.2140488626387524,"Ca, H, O",Trigonal,-3m,Ca(HO)2,(0001),3
Ca(InP)2 (0001),4.050089510998257,"Ca, In, P",Hexagonal,6/mmm,Ca(InP)2,(0001),3
Ca(MgAs)2 (0001),4.354346239332193,"As, Ca, Mg",Trigonal,-3m,Ca(MgAs)2,(0001),3
Ca(MgBi)2 (0001),4.761142088462529,"Bi, Ca, Mg",Trigonal,-3m,Ca(MgBi)2,(0001),3
Ca(MgSb)2 (0001),4.668702966660666,"Ca, Mg, Sb",Trigonal,-3m,Ca(MgSb)2,(0001),3
Ca(NO3)2 (111),10.622551444628828,"Ca, N, O",Cubic,m-3,Ca(NO3)2,(111),3
Ca(Ni2B)6 (0001),9.4488011930966,"B, Ca, Ni",Trigonal,-3m,Ca(Ni2B)6,(0001),3
Ca(PIr)2 (0001),6.624176692963633,"Ca, Ir, P",Trigonal,32,Ca(PIr)2,(0001),3
Ca(SbO3)2 (0001),5.257915544365719,"Ca, O, Sb",Trigonal,-3m,Ca(SbO3)2,(0001),3
Ca(TiS2)4 (0001),6.874368936287549,"Ca, S, Ti",Trigonal,-3m,Ca(TiS2)4,(0001),3
Ca(TiS2)8 (0001),6.8485608994190645,"Ca, S, Ti",Trigonal,-3m,Ca(TiS2)8,(0001),3
Ca(ZnAs)2 (0001),4.148552387674991,"As, Ca, Zn",Trigonal,-3m,Ca(ZnAs)2,(0001),3
Ca(ZnN)2 (0001),3.446247358368104,"Ca, N, Zn",Trigonal,-3m,Ca(ZnN)2,(0001),3
Ca(ZnP)2 (0001),4.015433515824463,"Ca, P, Zn",Trigonal,-3m,Ca(ZnP)2,(0001),3
Ca(ZnSb)2 (0001),4.449442281351577,"Ca, Sb, Zn",Trigonal,-3m,Ca(ZnSb)2,(0001),3
Ca10Si3Pt7 (0001),8.775574245723421,"Ca, Pt, Si",Hexagonal,6/mmm,Ca10Si3Pt7,(0001),3
Ca2AgPb (111),10.729201022891187,"Ag, Ca, Pb",Cubic,m-3m,Ca2AgPb,(111),3
Ca2AgSn (111),10.6356161757922,"Ag, Ca, Sn",Cubic,m-3m,Ca2AgSn,(111),3
Ca2AlZn16 (0001),8.954756669406677,"Al, Ca, Zn",Trigonal,3m,Ca2AlZn16,(0001),3
Ca2AsI (0001),4.396499437035258,"As, Ca, I",Trigonal,-3m,Ca2AsI,(0001),3
Ca2BrN (0001),3.7095114065778385,"Br, Ca, N",Trigonal,-3m,Ca2BrN,(0001),3
Ca2CdIn (111),10.830363537384354,"Ca, Cd, In",Cubic,m-3m,Ca2CdIn,(111),3
Ca2CdPb (111),10.95081598143683,"Ca, Cd, Pb",Cubic,m-3m,Ca2CdPb,(111),3
Ca2CdSn (111),10.820636972482149,"Ca, Cd, Sn",Cubic,m-3m,Ca2CdSn,(111),3
Ca2Co12P7 (0001),9.031379557261227,"Ca, Co, P",Hexagonal,-6,Ca2Co12P7,(0001),3
Ca2FeH6 (111),9.888400572636206,"Ca, Fe, H",Cubic,m-3m,Ca2FeH6,(111),3
Ca2Ge (111),10.164533633716959,"Ca, Ge",Cubic,m-3m,Ca2Ge,(111),2
Ca2GePd3 (0001),5.6113814593847815,"Ca, Ge, Pd",Trigonal,-3m,Ca2GePd3,(0001),3
Ca2H6Os (111),10.224258616030287,"Ca, H, Os",Cubic,m-3m,Ca2H6Os,(111),3
Ca2H6Ru (111),10.172964411300503,"Ca, H, Ru",Cubic,m-3m,Ca2H6Ru,(111),3
Ca2HN (111),14.26692905336202,"Ca, H, N",Cubic,m-3m,Ca2HN,(111),3
Ca2HgPb (111),10.904922092616326,"Ca, Hg, Pb",Cubic,m-3m,Ca2HgPb,(111),3
Ca2MgIn (111),10.951563902421428,"Ca, In, Mg",Cubic,m-3m,Ca2MgIn,(111),3
Ca2MgTl (111),10.954527217235754,"Ca, Mg, Tl",Cubic,m-3m,Ca2MgTl,(111),3
Ca2N (0001),3.6031297370701063,"Ca, N",Trigonal,-3m,Ca2N,(0001),2
Ca2NCl (0001),3.6578330179360052,"Ca, Cl, N",Trigonal,-3m,Ca2NCl,(0001),3
Ca2Ni12As7 (0001),9.389499042016352,"As, Ca, Ni",Hexagonal,-6,Ca2Ni12As7,(0001),3
Ca2Ni7 (0001),4.988539090740193,"Ca, Ni",Trigonal,-3m,Ca2Ni7,(0001),2
Ca2PI (0001),4.311202296987753,"Ca, I, P",Trigonal,-3m,Ca2PI,(0001),3
Ca2Pt3O8 (0001),6.2436868726054,"Ca, O, Pt",Trigonal,-3m,Ca2Pt3O8,(0001),3
Ca2Ru2O7 (111),14.478322245504115,"Ca, O, Ru",Cubic,m-3m,Ca2Ru2O7,(111),3
Ca2Si (111),10.140569756618275,"Ca, Si",Cubic,m-3m,Ca2Si,(111),2
Ca2SnHg (111),10.828171534646946,"Ca, Hg, Sn",Cubic,m-3m,Ca2SnHg,(111),3
Ca2TlCd (111),10.836706002368885,"Ca, Cd, Tl",Cubic,m-3m,Ca2TlCd,(111),3
Ca2TlHg (111),10.774848923404651,"Ca, Hg, Tl",Cubic,m-3m,Ca2TlHg,(111),3
Ca2TlIn (111),10.902575035503942,"Ca, In, Tl",Cubic,m-3m,Ca2TlIn,(111),3
Ca2TlPb (111),11.0146975071156,"Ca, Pb, Tl",Cubic,m-3m,Ca2TlPb,(111),3
Ca3(AsO4)2 (0001),10.929240081255466,"As, Ca, O",Trigonal,3,Ca3(AsO4)2,(0001),3
Ca3(BO3)2 (0001),8.650187092027451,"B, Ca, O",Trigonal,-3m,Ca3(BO3)2,(0001),3
Ca3(Cu2Sn)4 (0001),9.083647691458367,"Ca, Cu, Sn",Hexagonal,6mm,Ca3(Cu2Sn)4,(0001),3
Ca3(GaNi)4 (111),10.362367938628365,"Ca, Ga, Ni",Cubic,-43m,Ca3(GaNi)4,(111),3
Ca3(GeIr)4 (111),10.73580630532415,"Ca, Ge, Ir",Cubic,-43m,Ca3(GeIr)4,(111),3
Ca3(InNi2)4 (0001),8.926665463574182,"Ca, In, Ni",Hexagonal,6mm,Ca3(InNi2)4,(0001),3
Ca3(SiIr)4 (111),10.510000213812134,"Ca, Ir, Si",Cubic,-43m,Ca3(SiIr)4,(111),3
Ca3Al7Ag2 (0001),5.607842418598497,"Ag, Al, Ca",Trigonal,-3m,Ca3Al7Ag2,(0001),3
Ca3Al7Cu2 (0001),5.5526105169534805,"Al, Ca, Cu",Trigonal,-3m,Ca3Al7Cu2,(0001),3
Ca3AsBr3 (111),8.389782855773388,"As, Br, Ca",Cubic,m-3m,Ca3AsBr3,(111),3
Ca3AsCl3 (111),8.140460200849661,"As, Ca, Cl",Cubic,m-3m,Ca3AsCl3,(111),3
Ca3Au4 (0001),13.729254684269456,"Au, Ca",Trigonal,-3,Ca3Au4,(0001),2
Ca3BiN (111),6.9301463376960575,"Bi, Ca, N",Cubic,m-3m,Ca3BiN,(111),3
Ca3FeN3 (0001),7.181037982051381,"Ca, Fe, N",Hexagonal,6/m,Ca3FeN3,(0001),3
Ca3GaN3 (0001),7.172614778752083,"Ca, Ga, N",Hexagonal,6/m,Ca3GaN3,(0001),3
Ca3GeN (111),6.79414093385598,"Ca, Ge, N",Cubic,m-3m,Ca3GeN,(111),3
Ca3Ni7B2 (0001),5.105525843818292,"B, Ca, Ni",Trigonal,-3m,Ca3Ni7B2,(0001),3
Ca3PCl3 (111),8.046130968299982,"Ca, Cl, P",Cubic,m-3m,Ca3PCl3,(111),3
Ca3PN (111),6.6632905317266085,"Ca, N, P",Cubic,m-3m,Ca3PN,(111),3
Ca3PbO (111),6.853181611224792,"Ca, O, Pb",Cubic,m-3m,Ca3PbO,(111),3
Ca3Pd2 (0001),8.940268288775858,"Ca, Pd",Trigonal,-3,Ca3Pd2,(0001),2
Ca3Pt2 (0001),8.79568863678978,"Ca, Pt",Trigonal,-3,Ca3Pt2,(0001),2
Ca3RhN3 (0001),7.292714136676945,"Ca, N, Rh",Hexagonal,6/m,Ca3RhN3,(0001),3
Ca3SbN (111),6.873335144438102,"Ca, N, Sb",Cubic,m-3m,Ca3SbN,(111),3
Ca3Sn13Ir4 (111),13.821168113064552,"Ca, Ir, Sn",Cubic,m-3m,Ca3Sn13Ir4,(111),3
Ca3Sn13Rh4 (111),13.80228499146527,"Ca, Rh, Sn",Cubic,m-3m,Ca3Sn13Rh4,(111),3
Ca3SnO (111),6.825682596199973,"Ca, O, Sn",Cubic,m-3m,Ca3SnO,(111),3
Ca3Tl (0001),7.375839859211167,"Ca, Tl",Hexagonal,6/mmm,Ca3Tl,(0001),2
Ca3UO6 (0001),9.642777909393022,"Ca, O, U",Trigonal,-3,Ca3UO6,(0001),3
Ca3V2O8 (0001),10.935056193179092,"Ca, O, V",Trigonal,3,Ca3V2O8,(0001),3
Ca3WO6 (0001),9.384013041159776,"Ca, O, W",Trigonal,-3,Ca3WO6,(0001),3
Ca4(H4Rh)3 (111),10.282034001238989,"Ca, H, Rh",Cubic,m-3m,Ca4(H4Rh)3,(111),3
Ca43Al16Pb13 (0001),11.623098366981516,"Al, Ca, Pb",Trigonal,-3m,Ca43Al16Pb13,(0001),3
Ca4PdO6 (0001),9.29999704888108,"Ca, O, Pd",Trigonal,-3m,Ca4PdO6,(0001),3
Ca4Zn51 (0001),8.656116140704011,"Ca, Zn",Trigonal,-3,Ca4Zn51,(0001),2
Ca5(GePd)6 (111),12.423080662950829,"Ca, Ge, Pd",Cubic,m-3m,Ca5(GePd)6,(111),3
Ca5(IO6)2 (0001),9.775634383524546,"Ca, I, O",Trigonal,-3m,Ca5(IO6)2,(0001),3
Ca5(ReO6)2 (0001),9.657652342672254,"Ca, O, Re",Trigonal,-3m,Ca5(ReO6)2,(0001),3
Ca5As3 (0001),8.498812800870724,"As, Ca",Hexagonal,6/mmm,Ca5As3,(0001),2
Ca5Ni15B4 (0001),5.084364265832104,"B, Ca, Ni",Hexagonal,6/mmm,Ca5Ni15B4,(0001),3
Ca5P12Ir19 (0001),12.606579916919316,"Ca, Ir, P",Hexagonal,-6m2,Ca5P12Ir19,(0001),3
Ca5P12Rh19 (0001),12.71013182900024,"Ca, P, Rh",Hexagonal,-6m2,Ca5P12Rh19,(0001),3
Ca5P3H (0001),8.259517859790515,"Ca, H, P",Hexagonal,6/mmm,Ca5P3H,(0001),3
Ca65Ga24Sn19 (0001),11.487694866070022,"Ca, Ga, Sn",Trigonal,-3m,Ca65Ga24Sn19,(0001),3
Ca6Ag16N (111),13.846678885242794,"Ag, Ca, N",Cubic,m-3m,Ca6Ag16N,(111),3
Ca6Al43W4 (0001),11.000527000446217,"Al, Ca, W",Hexagonal,6/mmm,Ca6Al43W4,(0001),3
Ca6FeN5 (0001),6.221241677602798,"Ca, Fe, N",Hexagonal,6/mmm,Ca6FeN5,(0001),3
Ca6GaN5 (0001),6.301296759261801,"Ca, Ga, N",Hexagonal,6/mmm,Ca6GaN5,(0001),3
Ca6MnN5 (0001),6.205815551506346,"Ca, Mn, N",Hexagonal,6/mmm,Ca6MnN5,(0001),3
Ca6Te3N2 (0001),12.06208380899578,"Ca, N, Te",Trigonal,-3m,Ca6Te3N2,(0001),3
CaAcAu2 (111),10.685454419375246,"Ac, Au, Ca",Cubic,m-3m,CaAcAu2,(111),3
CaAcHg2 (111),11.088326344212145,"Ac, Ca, Hg",Cubic,m-3m,CaAcHg2,(111),3
CaAcIn2 (111),11.310460705689682,"Ac, Ca, In",Cubic,m-3m,CaAcIn2,(111),3
CaAcMg2 (111),11.482682836636428,"Ac, Ca, Mg",Cubic,m-3m,CaAcMg2,(111),3
CaAcTl2 (111),11.359592290320432,"Ac, Ca, Tl",Cubic,m-3m,CaAcTl2,(111),3
CaAcZn2 (111),10.754987745901666,"Ac, Ca, Zn",Cubic,m-3m,CaAcZn2,(111),3
CaAgAs (0001),7.203269883080129,"Ag, As, Ca",Hexagonal,-6m2,CaAgAs,(0001),3
CaAgBi (0001),4.853582032597811,"Ag, Bi, Ca",Hexagonal,6mm,CaAgBi,(0001),3
CaAgP (0001),7.02965857219385,"Ag, Ca, P",Hexagonal,-6m2,CaAgP,(0001),3
CaAgPb (0001),4.898842750560374,"Ag, Ca, Pb",Hexagonal,-6m2,CaAgPb,(0001),3
CaAgSn (0001),4.860931482057323,"Ag, Ca, Sn",Trigonal,3m,CaAgSn,(0001),3
CaAgSn (0001),4.804301044904071,"Ag, Ca, Sn",Hexagonal,-6m2,CaAgSn,(0001),3
CaAl2 (111),11.298797559886498,"Al, Ca",Cubic,m-3m,CaAl2,(111),2
CaAl9Co2 (0001),7.820788213778086,"Al, Ca, Co",Hexagonal,6/mmm,CaAl9Co2,(0001),3
CaAl9Ni (0001),7.509536423803941,"Al, Ca, Ni",Hexagonal,6/mmm,CaAl9Ni,(0001),3
CaAlSi (0001),4.190572648268583,"Al, Ca, Si",Hexagonal,-6m2,CaAlSi,(0001),3
CaAs (0001),7.865851850542921,"As, Ca",Hexagonal,-6m2,CaAs,(0001),2
CaAsAu (0001),4.412599635527419,"As, Au, Ca",Hexagonal,6/mmm,CaAsAu,(0001),3
CaAu5 (111),11.030417911357402,"Au, Ca",Cubic,-43m,CaAu5,(111),2
CaB2Rh3 (0001),5.569696943618866,"B, Ca, Rh",Hexagonal,6/mmm,CaB2Rh3,(0001),3
CaB6 (111),5.852640563078129,"B, Ca",Cubic,m-3m,CaB6,(111),2
CaBPd3 (111),6.050602384957106,"B, Ca, Pd",Cubic,m-3m,CaBPd3,(111),3
CaBe13 (111),14.517306652538494,"Be, Ca",Cubic,m-3m,CaBe13,(111),2
CaBiAu (111),9.782241835323727,"Au, Bi, Ca",Cubic,-43m,CaBiAu,(111),3
CaCN2 (0001),3.693055649529556,"C, Ca, N",Trigonal,-3m,CaCN2,(0001),3
CaCO3 (0001),5.006801275052415,"C, Ca, O",Trigonal,-3m,CaCO3,(0001),3
CaCd (111),5.38710759301154,"Ca, Cd",Cubic,m-3m,CaCd,(111),2
CaCdAu2 (111),9.855409317820554,"Au, Ca, Cd",Cubic,m-3m,CaCdAu2,(111),3
CaCdGe (0001),7.313843680778883,"Ca, Cd, Ge",Hexagonal,-6m2,CaCdGe,(0001),3
CaCdHg2 (111),10.258699552884453,"Ca, Cd, Hg",Cubic,m-3m,CaCdHg2,(111),3
CaCdPb (0001),7.803933184711325,"Ca, Cd, Pb",Hexagonal,-6m2,CaCdPb,(0001),3
CaCdSn (0001),7.678397657633171,"Ca, Cd, Sn",Hexagonal,-6m2,CaCdSn,(0001),3
CaCeHg2 (111),10.75508939008982,"Ca, Ce, Hg",Cubic,m-3m,CaCeHg2,(111),3
CaCeIn2 (111),10.937094970327701,"Ca, Ce, In",Cubic,m-3m,CaCeIn2,(111),3
CaCoF6 (0001),5.242528868627969,"Ca, Co, F",Trigonal,-3,CaCoF6,(0001),3
CaCrF6 (0001),5.232405657166238,"Ca, Cr, F",Trigonal,-3,CaCrF6,(0001),3
CaCu3O4 (111),7.837350973640234,"Ca, Cu, O",Cubic,m-3m,CaCu3O4,(111),3
CaCu5 (0001),5.045628192250579,"Ca, Cu",Hexagonal,6/mmm,CaCu5,(0001),2
CaCuAs (0001),4.158125987326135,"As, Ca, Cu",Hexagonal,6/mmm,CaCuAs,(0001),3
CaCuP (0001),4.014018009800043,"Ca, Cu, P",Hexagonal,6/mmm,CaCuP,(0001),3
CaCuSb (0001),4.439615873402685,"Ca, Cu, Sb",Hexagonal,6/mmm,CaCuSb,(0001),3
CaDyHg2 (111),10.491886214918893,"Ca, Dy, Hg",Cubic,m-3m,CaDyHg2,(111),3
CaDyRh2 (111),9.58998018463496,"Ca, Dy, Rh",Cubic,m-3m,CaDyRh2,(111),3
CaEuTl2 (111),11.07720076854075,"Ca, Eu, Tl",Cubic,m-3m,CaEuTl2,(111),3
CaEuZn2 (111),10.45280234421915,"Ca, Eu, Zn",Cubic,m-3m,CaEuZn2,(111),3
CaF2 (111),7.80087545908734,"Ca, F",Cubic,m-3m,CaF2,(111),2
CaGa2 (0001),4.44326179830366,"Ca, Ga",Hexagonal,6/mmm,CaGa2,(0001),2
CaGaAu3 (111),13.001722080824754,"Au, Ca, Ga",Cubic,m-3,CaGaAu3,(111),3
CaGaGe (0001),4.192581334712845,"Ca, Ga, Ge",Hexagonal,6/mmm,CaGaGe,(0001),3
CaGaSi (0001),4.107918248281936,"Ca, Ga, Si",Hexagonal,-6m2,CaGaSi,(0001),3
CaGdHg2 (111),12.94007000655698,"Ca, Gd, Hg",Cubic,m-3m,CaGdHg2,(111),3
CaGe2 (0001),3.97537255133722,"Ca, Ge",Trigonal,-3m,CaGe2,(0001),2
CaH3Pd (111),5.242088307765926,"Ca, H, Pd",Cubic,m-3m,CaH3Pd,(111),3
CaHfN2 (0001),3.274843576165988,"Ca, Hf, N",Trigonal,-3m,CaHfN2,(0001),3
CaHg (111),5.309883570483613,"Ca, Hg",Cubic,m-3m,CaHg,(111),2
CaHg2 (0001),4.9500480311975465,"Ca, Hg",Hexagonal,6/mmm,CaHg2,(0001),2
CaHg3 (0001),6.708505687557331,"Ca, Hg",Hexagonal,6/mmm,CaHg3,(0001),2
CaHgO2 (0001),3.5889344719284155,"Ca, Hg, O",Trigonal,-3m,CaHgO2,(0001),3
CaHoHg2 (111),10.46491567735057,"Ca, Hg, Ho",Cubic,m-3m,CaHoHg2,(111),3
CaI2 (0001),4.528965534996328,"Ca, I",Trigonal,-3m,CaI2,(0001),2
CaIn2 (0001),4.903350194533216,"Ca, In",Hexagonal,6/mmm,CaIn2,(0001),2
CaIn2O4 (111),9.284908576792308,"Ca, In, O",Cubic,m-3m,CaIn2O4,(111),3
CaIr2 (111),10.666445679676677,"Ca, Ir",Cubic,m-3m,CaIr2,(111),2
CaLaAg2 (111),10.613882400344293,"Ag, Ca, La",Cubic,m-3m,CaLaAg2,(111),3
CaLaAu2 (111),10.454454909335324,"Au, Ca, La",Cubic,m-3m,CaLaAu2,(111),3
CaLaCd2 (111),10.969904922964655,"Ca, Cd, La",Cubic,m-3m,CaLaCd2,(111),3
CaLaHg2 (111),10.843673068915374,"Ca, Hg, La",Cubic,m-3m,CaLaHg2,(111),3
CaLaMg2 (111),11.232124781313157,"Ca, La, Mg",Cubic,m-3m,CaLaMg2,(111),3
CaLaZn2 (111),10.495948643904214,"Ca, La, Zn",Cubic,m-3m,CaLaZn2,(111),3
CaMg2 (111),8.769431362610362,"Ca, Mg",Cubic,m-3m,CaMg2,(111),2
CaMg2N2 (0001),3.536657790893035,"Ca, Mg, N",Trigonal,-3m,CaMg2N2,(0001),3
CaMgCd2 (111),10.272691555596403,"Ca, Cd, Mg",Cubic,m-3m,CaMgCd2,(111),3
CaMgHg2 (111),10.18822196544515,"Ca, Hg, Mg",Cubic,m-3m,CaMgHg2,(111),3
CaMgTl2 (111),10.548595061531714,"Ca, Mg, Tl",Cubic,m-3m,CaMgTl2,(111),3
CaMnF6 (0001),5.241191125287803,"Ca, F, Mn",Trigonal,-3,CaMnF6,(0001),3
CaMoF6 (0001),5.605442123696194,"Ca, F, Mo",Trigonal,-3,CaMoF6,(0001),3
CaNdAg2 (111),10.475465088271907,"Ag, Ca, Nd",Cubic,m-3m,CaNdAg2,(111),3
CaNdCd2 (111),10.825535327429598,"Ca, Cd, Nd",Cubic,m-3m,CaNdCd2,(111),3
CaNdHg2 (111),10.704984991514333,"Ca, Hg, Nd",Cubic,m-3m,CaNdHg2,(111),3
CaNdZn2 (111),10.34676563257593,"Ca, Nd, Zn",Cubic,m-3m,CaNdZn2,(111),3
CaNi2 (111),10.076738003833622,"Ca, Ni",Cubic,m-3m,CaNi2,(111),2
CaNi4B (0001),4.985828552262241,"B, Ca, Ni",Hexagonal,6/mmm,CaNi4B,(0001),3
CaNiF6 (0001),5.0087377560036535,"Ca, F, Ni",Trigonal,-3,CaNiF6,(0001),3
CaNiH3 (111),4.955779386134202,"Ca, H, Ni",Cubic,m-3m,CaNiH3,(111),3
CaO (111),6.798282126497636,"Ca, O",Cubic,m-3m,CaO,(111),2
CaP (0001),7.6536130112787175,"Ca, P",Hexagonal,-6m2,CaP,(0001),2
CaPAu (0001),4.261250601889291,"Au, Ca, P",Hexagonal,6/mmm,CaPAu,(0001),3
CaPb3 (111),6.954418697199101,"Ca, Pb",Cubic,m-3m,CaPb3,(111),2
CaPbF6 (111),12.210272643301106,"Ca, F, Pb",Cubic,m-3m,CaPbF6,(111),3
CaPd2 (111),10.860140610045386,"Ca, Pd",Cubic,m-3m,CaPd2,(111),2
CaPd3O4 (111),8.157052659460103,"Ca, O, Pd",Cubic,m-3m,CaPd3O4,(111),3
CaPd5 (0001),5.304889514078509,"Ca, Pd",Hexagonal,6/mmm,CaPd5,(0001),2
CaPdF6 (0001),5.141007422395145,"Ca, F, Pd",Trigonal,-3,CaPdF6,(0001),3
CaPdPb (0001),7.968003177713665,"Ca, Pb, Pd",Hexagonal,-6m2,CaPdPb,(0001),3
CaPmAg2 (111),10.428208038998632,"Ag, Ca, Pm",Cubic,m-3m,CaPmAg2,(111),3
CaPmAu2 (111),10.277726657868488,"Au, Ca, Pm",Cubic,m-3m,CaPmAu2,(111),3
CaPmCd2 (111),10.780438347951492,"Ca, Cd, Pm",Cubic,m-3m,CaPmCd2,(111),3
CaPmHg2 (111),10.65639459341018,"Ca, Hg, Pm",Cubic,m-3m,CaPmHg2,(111),3
CaPmMg2 (111),11.08145359156552,"Ca, Mg, Pm",Cubic,m-3m,CaPmMg2,(111),3
CaPmPd2 (111),10.0242824543497,"Ca, Pd, Pm",Cubic,m-3m,CaPmPd2,(111),3
CaPmPt2 (111),9.9514793624127,"Ca, Pm, Pt",Cubic,m-3m,CaPmPt2,(111),3
CaPmZn2 (111),10.299553369036193,"Ca, Pm, Zn",Cubic,m-3m,CaPmZn2,(111),3
CaPrAg2 (111),10.52430583046087,"Ag, Ca, Pr",Cubic,m-3m,CaPrAg2,(111),3
CaPrCd2 (111),10.872889957438677,"Ca, Cd, Pr",Cubic,m-3m,CaPrCd2,(111),3
CaPrHg2 (111),10.753442962660506,"Ca, Hg, Pr",Cubic,m-3m,CaPrHg2,(111),3
CaPrZn2 (111),10.397945442029867,"Ca, Pr, Zn",Cubic,m-3m,CaPrZn2,(111),3
CaPt2 (111),10.834245903367428,"Ca, Pt",Cubic,m-3m,CaPt2,(111),2
CaPt5 (0001),5.355657329549133,"Ca, Pt",Hexagonal,6/mmm,CaPt5,(0001),2
CaPtF6 (0001),5.1919305248511,"Ca, F, Pt",Trigonal,-3,CaPtF6,(0001),3
CaRh2 (111),10.626983671377836,"Ca, Rh",Cubic,m-3m,CaRh2,(111),2
CaRhF6 (0001),5.213843425826271,"Ca, F, Rh",Trigonal,-3,CaRhF6,(0001),3
CaS (111),8.06773281660783,"Ca, S",Cubic,m-3m,CaS,(111),2
CaSbAu (0001),4.649508073561915,"Au, Ca, Sb",Hexagonal,6/mmm,CaSbAu,(0001),3
CaSe (111),8.401102023622355,"Ca, Se",Cubic,m-3m,CaSe,(111),2
CaSi2 (0001),3.8696087754619066,"Ca, Si",Trigonal,-3m,CaSi2,(0001),2
CaSi7Ir3 (0001),7.638612113279479,"Ca, Ir, Si",Trigonal,-3m,CaSi7Ir3,(0001),3
CaSiAu (0001),4.327593623625347,"Au, Ca, Si",Hexagonal,-6m2,CaSiAu,(0001),3
CaSiNi2 (0001),3.9505561348129707,"Ca, Ni, Si",Hexagonal,6/mmm,CaSiNi2,(0001),3
CaSiPt (111),8.982479462779102,"Ca, Pt, Si",Cubic,23,CaSiPt,(111),3
CaSmCd2 (111),10.746695862891508,"Ca, Cd, Sm",Cubic,m-3m,CaSmCd2,(111),3
CaSmHg2 (111),10.62402977863412,"Ca, Hg, Sm",Cubic,m-3m,CaSmHg2,(111),3
CaSmZn2 (111),10.280230156874962,"Ca, Sm, Zn",Cubic,m-3m,CaSmZn2,(111),3
CaSn3 (111),6.70573926902995,"Ca, Sn",Cubic,m-3m,CaSn3,(111),2
CaSnAu2 (111),9.936921193443192,"Au, Ca, Sn",Cubic,m-3m,CaSnAu2,(111),3
CaSnF6 (0001),5.798224279699307,"Ca, F, Sn",Trigonal,-3,CaSnF6,(0001),3
CaSnHg (0001),4.842512365412616,"Ca, Hg, Sn",Hexagonal,6mm,CaSnHg,(0001),3
CaSnRh2 (111),9.26149596389218,"Ca, Rh, Sn",Cubic,m-3m,CaSnRh2,(111),3
CaTa4O11 (0001),6.229978184461984,"Ca, O, Ta",Hexagonal,622,CaTa4O11,(0001),3
CaTbHg2 (111),10.519467438168466,"Ca, Hg, Tb",Cubic,m-3m,CaTbHg2,(111),3
CaTbRh2 (111),9.615999847420724,"Ca, Rh, Tb",Cubic,m-3m,CaTbRh2,(111),3
CaTe (111),9.039241212379402,"Ca, Te",Cubic,m-3m,CaTe,(111),2
CaTiF6 (111),8.237078348683674,"Ca, F, Ti",Cubic,m-3m,CaTiF6,(111),3
CaTl (111),5.466627987237777,"Ca, Tl",Cubic,m-3m,CaTl,(111),2
CaTl3 (111),6.823781058786142,"Ca, Tl",Cubic,m-3m,CaTl3,(111),2
CaTmHg2 (111),10.41377186009101,"Ca, Hg, Tm",Cubic,m-3m,CaTmHg2,(111),3
CaUO4 (0001),3.8680934398914864,"Ca, O, U",Trigonal,-3m,CaUO4,(0001),3
CaWF6 (0001),5.646329955088635,"Ca, F, W",Trigonal,-3,CaWF6,(0001),3
CaYHg2 (111),10.515242107455432,"Ca, Hg, Y",Cubic,m-3m,CaYHg2,(111),3
CaYbPb2 (111),10.903895589718395,"Ca, Pb, Yb",Cubic,m-3m,CaYbPb2,(111),3
CaZn3Ni2 (0001),8.926836805317983,"Ca, Ni, Zn",Hexagonal,6/mmm,CaZn3Ni2,(0001),3
CaZn5 (0001),5.307016599228598,"Ca, Zn",Hexagonal,6/mmm,CaZn5,(0001),2
CaZnGe (0001),4.256213175006199,"Ca, Ge, Zn",Hexagonal,6/mmm,CaZnGe,(0001),3
CaZnSi (0001),4.194334361917408,"Ca, Si, Zn",Hexagonal,6/mmm,CaZnSi,(0001),3
CaZnSn (0001),4.651426680864837,"Ca, Sn, Zn",Hexagonal,6mm,CaZnSn,(0001),3
CaZrF6 (111),12.07271550369684,"Ca, F, Zr",Cubic,m-3m,CaZrF6,(111),3
CaZrN2 (0001),3.314180928001271,"Ca, N, Zr",Trigonal,-3m,CaZrN2,(0001),3
Cd (0001),2.9584748202407445,Cd,Hexagonal,6/mmm,Cd,(0001),1
Cd(AsO3)2 (0001),4.853158773644379,"As, Cd, O",Trigonal,-3m,Cd(AsO3)2,(0001),3
Cd(CoO2)2 (111),11.822791445722029,"Cd, Co, O",Cubic,m-3m,Cd(CoO2)2,(111),3
Cd(CuSe)2 (0001),3.990398168004142,"Cd, Cu, Se",Trigonal,-3m,Cd(CuSe)2,(0001),3
Cd(FeO2)2 (111),12.354319707772532,"Cd, Fe, O",Cubic,m-3m,Cd(FeO2)2,(111),3
Cd(GaO2)2 (111),12.213390404099053,"Cd, Ga, O",Cubic,m-3m,Cd(GaO2)2,(111),3
Cd(InS2)2 (111),15.451865249638288,"Cd, In, S",Cubic,m-3m,Cd(InS2)2,(111),3
Cd(RhO2)2 (111),12.462532413014927,"Cd, O, Rh",Cubic,m-3m,Cd(RhO2)2,(111),3
Cd(SbO3)2 (0001),5.263299531517678,"Cd, O, Sb",Trigonal,-3m,Cd(SbO3)2,(0001),3
Cd2AgAu (111),9.48341300831704,"Ag, Au, Cd",Cubic,m-3m,Cd2AgAu,(111),3
Cd2AgPt (111),9.32732653041834,"Ag, Cd, Pt",Cubic,m-3m,Cd2AgPt,(111),3
Cd2AgRh (111),9.241173894137876,"Ag, Cd, Rh",Cubic,m-3m,Cd2AgRh,(111),3
Cd2Os2O7 (111),14.578895683480008,"Cd, O, Os",Cubic,m-3m,Cd2Os2O7,(111),3
Cd2Os2O7 (0001),7.234620797196511,"Cd, O, Os",Trigonal,-3m,Cd2Os2O7,(0001),3
Cd2PdRh (111),9.10449633815855,"Cd, Pd, Rh",Cubic,m-3m,Cd2PdRh,(111),3
Cd2PtRh (111),9.123109651381078,"Cd, Pt, Rh",Cubic,m-3m,Cd2PtRh,(111),3
Cd2RhAu (111),9.249875993304128,"Au, Cd, Rh",Cubic,m-3m,Cd2RhAu,(111),3
Cd2Ru2O7 (111),10.156544170460126,"Cd, O, Ru",Cubic,m-3m,Cd2Ru2O7,(111),3
Cd2Sb2O7 (111),14.570848808310105,"Cd, O, Sb",Cubic,m-3m,Cd2Sb2O7,(111),3
Cd2Tc2O7 (111),14.409215342133733,"Cd, O, Tc",Cubic,m-3m,Cd2Tc2O7,(111),3
Cd3(CuP5)2 (0001),7.427565271279606,"Cd, Cu, P",Trigonal,3m,Cd3(CuP5)2,(0001),3
Cd3Au (0001),8.195764132135835,"Au, Cd",Hexagonal,6mm,Cd3Au,(0001),2
Cd41Ir8 (0001),14.971967906380574,"Cd, Ir",Trigonal,-3,Cd41Ir8,(0001),2
Cd8Ag5 (111),14.187889884310092,"Ag, Cd",Cubic,-43m,Cd8Ag5,(111),2
CdAg (111),4.741457145092055,"Ag, Cd",Cubic,m-3m,CdAg,(111),2
CdAgPd2 (111),9.083263726999064,"Ag, Cd, Pd",Cubic,m-3m,CdAgPd2,(111),3
CdAu (0001),8.217577528649517,"Au, Cd",Trigonal,3m,CdAu,(0001),2
CdAu3 (0001),5.842230263612388,"Au, Cd",Hexagonal,6/mmm,CdAu3,(0001),2
CdBiO3 (0001),5.829992488413998,"Bi, Cd, O",Trigonal,3,CdBiO3,(0001),3
CdBr2 (0001),4.018499030134022,"Br, Cd",Trigonal,-3m,CdBr2,(0001),2
CdCN2 (0001),3.5567422044331076,"C, Cd, N",Trigonal,-3m,CdCN2,(0001),3
CdCO3 (0001),4.952250057611407,"C, Cd, O",Trigonal,-3m,CdCO3,(0001),3
CdCl2 (0001),3.857208118873614,"Cd, Cl",Trigonal,-3m,CdCl2,(0001),2
CdF2 (111),7.6382208836732275,"Cd, F",Cubic,m-3m,CdF2,(111),2
CdGaRh2 (111),8.782134983318333,"Cd, Ga, Rh",Cubic,m-3m,CdGaRh2,(111),3
CdHgO2 (0001),6.1997545583529465,"Cd, Hg, O",Trigonal,-3m,CdHgO2,(0001),3
CdI2 (0001),4.285132943173133,"Cd, I",Trigonal,3m,CdI2,(0001),2
CdIn2O4 (111),13.041930320636284,"Cd, In, O",Cubic,m-3m,CdIn2O4,(111),3
CdInPd2 (111),9.210215505318224,"Cd, In, Pd",Cubic,m-3m,CdInPd2,(111),3
CdInRh2 (111),9.056766291017201,"Cd, In, Rh",Cubic,m-3m,CdInRh2,(111),3
CdNi3N (111),5.404467366188564,"Cd, N, Ni",Cubic,m-3m,CdNi3N,(111),3
CdO (111),6.67789599180199,"Cd, O",Cubic,m-3m,CdO,(111),2
CdPSe3 (0001),6.562835721269854,"Cd, P, Se",Trigonal,-3,CdPSe3,(0001),3
CdPbF6 (0001),5.2879034475538935,"Cd, F, Pb",Trigonal,-3,CdPbF6,(0001),3
CdPd2Au (111),9.105978320834831,"Au, Cd, Pd",Cubic,m-3m,CdPd2Au,(111),3
CdPdF6 (0001),5.056799392418005,"Cd, F, Pd",Trigonal,-3,CdPdF6,(0001),3
CdPtF6 (0001),5.074298764309589,"Cd, F, Pt",Trigonal,-3,CdPtF6,(0001),3
CdRh2Pb (111),9.335325548601292,"Cd, Pb, Rh",Cubic,m-3m,CdRh2Pb,(111),3
CdRhF6 (0001),5.115328352738927,"Cd, F, Rh",Trigonal,-3,CdRhF6,(0001),3
CdS (0001),4.168838099510944,"Cd, S",Hexagonal,6mm,CdS,(0001),2
CdSe (0001),4.346085383174449,"Cd, Se",Hexagonal,6mm,CdSe,(0001),2
CdSe2 (111),9.541581525605595,"Cd, Se",Cubic,m-3,CdSe2,(111),2
CdSnAu (111),9.277701069407888,"Au, Cd, Sn",Cubic,-43m,CdSnAu,(111),3
CdSnF6 (0001),5.254960409629441,"Cd, F, Sn",Trigonal,-3,CdSnF6,(0001),3
CdSnO3 (0001),5.493087149637208,"Cd, O, Sn",Trigonal,-3,CdSnO3,(0001),3
CdSnRh2 (111),9.059630243186636,"Cd, Rh, Sn",Cubic,m-3m,CdSnRh2,(111),3
CdTe (111),9.28321900888696,"Cd, Te",Cubic,-43m,CdTe,(111),2
Ce (111),6.607812739312581,Ce,Cubic,m-3m,Ce,(111),1
Ce(AlBr4)3 (0001),10.74831638320099,"Al, Br, Ce",Trigonal,32,Ce(AlBr4)3,(0001),3
Ce(As3Os)4 (111),12.102205915270625,"As, Ce, Os",Cubic,m-3,Ce(As3Os)4,(111),3
Ce(As3Ru)4 (111),12.064358350072467,"As, Ce, Ru",Cubic,m-3,Ce(As3Ru)4,(111),3
Ce(Co2B)6 (0001),9.390935117792754,"B, Ce, Co",Trigonal,-3m,Ce(Co2B)6,(0001),3
Ce(FeAs3)4 (111),11.690278243589928,"As, Ce, Fe",Cubic,m-3,Ce(FeAs3)4,(111),3
Ce(FeP3)4 (111),10.96226437397125,"Ce, Fe, P",Cubic,m-3,Ce(FeP3)4,(111),3
Ce(FeSb3)4 (111),12.948901415760028,"Ce, Fe, Sb",Cubic,m-3,Ce(FeSb3)4,(111),3
Ce(Ge2Rh3)2 (0001),7.16848709674891,"Ce, Ge, Rh",Hexagonal,-6m2,Ce(Ge2Rh3)2,(0001),3
Ce(Ge3Pt)4 (111),12.217010150639451,"Ce, Ge, Pt",Cubic,m-3,Ce(Ge3Pt)4,(111),3
Ce(Mo3S4)2 (0001),9.165307887130771,"Ce, Mo, S",Trigonal,-3,Ce(Mo3S4)2,(0001),3
Ce(P3Os)4 (111),11.432945963881533,"Ce, Os, P",Cubic,m-3,Ce(P3Os)4,(111),3
Ce(P3Ru)4 (111),11.391897941425736,"Ce, P, Ru",Cubic,m-3,Ce(P3Ru)4,(111),3
Ce(Sb3Os)4 (111),13.236605825983066,"Ce, Os, Sb",Cubic,m-3,Ce(Sb3Os)4,(111),3
Ce(ZnP)3 (0001),4.027632371792594,"Ce, P, Zn",Hexagonal,6/mmm,Ce(ZnP)3,(0001),3
Ce10Si8O3 (0001),10.805364627653205,"Ce, O, Si",Hexagonal,6/mmm,Ce10Si8O3,(0001),3
Ce12(ReC3)5 (0001),10.845150256407257,"C, Ce, Re",Hexagonal,-6m2,Ce12(ReC3)5,(0001),3
Ce15B8N25 (0001),14.133656075075839,"B, Ce, N",Trigonal,-3m,Ce15B8N25,(0001),3
Ce16Ru9 (0001),13.501885150127524,"Ce, Ru",Trigonal,-3m,Ce16Ru9,(0001),2
Ce2(Al5Ru)3 (0001),13.121419976736302,"Al, Ce, Ru",Hexagonal,6/mmm,Ce2(Al5Ru)3,(0001),3
Ce2(B2Rh3)3 (0001),5.625257684791351,"B, Ce, Rh",Hexagonal,6/mmm,Ce2(B2Rh3)3,(0001),3
Ce2(Zn2Ge)3 (0001),7.62663176023248,"Ce, Ge, Zn",Hexagonal,-6m2,Ce2(Zn2Ge)3,(0001),3
Ce2AlRu (0001),7.815103221445384,"Al, Ce, Ru",Hexagonal,6mm,Ce2AlRu,(0001),3
Ce2B2Ir5 (0001),5.508847775150077,"B, Ce, Ir",Trigonal,-3m,Ce2B2Ir5,(0001),3
Ce2C3 (111),11.87703907647321,"C, Ce",Cubic,-43m,Ce2C3,(111),2
Ce2Co12P7 (0001),9.019661631463622,"Ce, Co, P",Hexagonal,-6,Ce2Co12P7,(0001),3
Ce2Co5B2 (0001),5.09179190353067,"B, Ce, Co",Hexagonal,6/mmm,Ce2Co5B2,(0001),3
Ce2CoRu3 (0001),5.288218222375562,"Ce, Co, Ru",Trigonal,-3m,Ce2CoRu3,(0001),3
Ce2CoRu3 (0001),5.553879080035575,"Ce, Co, Ru",Trigonal,-3m,Ce2CoRu3,(0001),3
Ce2Fe12P7 (0001),8.986642666831669,"Ce, Fe, P",Hexagonal,-6,Ce2Fe12P7,(0001),3
Ce2FeRu3 (0001),5.6130222689664135,"Ce, Fe, Ru",Trigonal,-3m,Ce2FeRu3,(0001),3
Ce2In (0001),5.558904166967964,"Ce, In",Hexagonal,6/mmm,Ce2In,(0001),2
Ce2Ni12As7 (0001),9.402307495795116,"As, Ce, Ni",Hexagonal,-6,Ce2Ni12As7,(0001),3
Ce2Ni12P7 (0001),9.068199509311702,"Ce, Ni, P",Hexagonal,-6,Ce2Ni12P7,(0001),3
Ce2Ni7 (0001),4.909062259481635,"Ce, Ni",Hexagonal,6/mmm,Ce2Ni7,(0001),2
Ce2NiRu3 (0001),5.312654574128473,"Ce, Ni, Ru",Trigonal,-3m,Ce2NiRu3,(0001),3
Ce2O3 (111),15.826342528795175,"Ce, O",Cubic,m-3,Ce2O3,(111),2
Ce2SO2 (0001),3.979256411630664,"Ce, O, S",Trigonal,-3m,Ce2SO2,(0001),3
Ce2SeN2 (0001),3.928640414660586,"Ce, N, Se",Trigonal,-3m,Ce2SeN2,(0001),3
Ce2SeO2 (0001),4.024009975335533,"Ce, O, Se",Trigonal,-3m,Ce2SeO2,(0001),3
Ce2Si3Rh (0001),8.213548209322546,"Ce, Rh, Si",Hexagonal,6/mmm,Ce2Si3Rh,(0001),3
Ce2Si7Rh15 (111),12.514378627724506,"Ce, Rh, Si",Cubic,m-3m,Ce2Si7Rh15,(111),3
Ce2ThS3 (0001),4.047838641523048,"Ce, S, Th",Trigonal,-3m,Ce2ThS3,(0001),3
Ce2Zn17 (0001),8.951647451509821,"Ce, Zn",Trigonal,-3m,Ce2Zn17,(0001),2
Ce3(Al3Os)4 (0001),8.862351404010761,"Al, Ce, Os",Hexagonal,6/mmm,Ce3(Al3Os)4,(0001),3
Ce3(Al3Ru)4 (0001),8.85347440587427,"Al, Ce, Ru",Hexagonal,6/mmm,Ce3(Al3Ru)4,(0001),3
Ce3Al (111),6.694964588030265,"Al, Ce",Cubic,m-3m,Ce3Al,(111),2
Ce3AlC (111),7.053116228024962,"Al, C, Ce",Cubic,m-3m,Ce3AlC,(111),3
Ce3AlN (111),6.942717484755937,"Al, Ce, N",Cubic,m-3m,Ce3AlN,(111),3
Ce3Bi4Au3 (111),14.622654279526959,"Au, Bi, Ce",Cubic,-43m,Ce3Bi4Au3,(111),3
Ce3Bi4Pt3 (111),14.229030561857403,"Bi, Ce, Pt",Cubic,-43m,Ce3Bi4Pt3,(111),3
Ce3Cu3Sb4 (111),13.755911071419735,"Ce, Cu, Sb",Cubic,-43m,Ce3Cu3Sb4,(111),3
Ce3Ga (111),6.640448427681779,"Ce, Ga",Cubic,m-3m,Ce3Ga,(111),2
Ce3Ge13Os4 (111),12.85582082064884,"Ce, Ge, Os",Cubic,m-3m,Ce3Ge13Os4,(111),3
Ce3HfSb5 (0001),9.544089728307558,"Ce, Hf, Sb",Hexagonal,6/mmm,Ce3HfSb5,(0001),3
Ce3In (111),6.930157561837697,"Ce, In",Cubic,m-3m,Ce3In,(111),2
Ce3InC (111),7.135999108271595,"C, Ce, In",Cubic,m-3m,Ce3InC,(111),3
Ce3IrI3 (0001),10.858276728643137,"Ce, I, Ir",Trigonal,32,Ce3IrI3,(0001),3
Ce3Ni13B2 (0001),4.902643331657112,"B, Ce, Ni",Hexagonal,6/mmm,Ce3Ni13B2,(0001),3
Ce3PBr3 (111),14.60149920508346,"Br, Ce, P",Cubic,432,Ce3PBr3,(111),3
Ce3Pb (111),6.9779633589714924,"Ce, Pb",Cubic,m-3m,Ce3Pb,(111),2
Ce3Pd4 (0001),13.77941964917737,"Ce, Pd",Trigonal,-3,Ce3Pd4,(0001),2
Ce3Pt4 (0001),13.685404647755743,"Ce, Pt",Trigonal,-3,Ce3Pt4,(0001),2
Ce3Sb4Pt3 (111),13.9050879748331,"Ce, Pt, Sb",Cubic,-43m,Ce3Sb4Pt3,(111),3
Ce3Se4 (111),12.781885365029376,"Ce, Se",Cubic,-43m,Ce3Se4,(111),2
Ce3Sn (111),6.888401544049567,"Ce, Sn",Cubic,m-3m,Ce3Sn,(111),2
Ce3Sn13Ir4 (111),13.874624400486018,"Ce, Ir, Sn",Cubic,m-3m,Ce3Sn13Ir4,(111),3
Ce3Sn13Rh4 (111),13.836256786538838,"Ce, Rh, Sn",Cubic,m-3m,Ce3Sn13Rh4,(111),3
Ce3SnN (111),7.0333137827566,"Ce, N, Sn",Cubic,m-3m,Ce3SnN,(111),3
Ce3Te4 (111),13.691627880804981,"Ce, Te",Cubic,-43m,Ce3Te4,(111),2
Ce3TiSb5 (0001),9.461374747722651,"Ce, Sb, Ti",Hexagonal,6/mmm,Ce3TiSb5,(0001),3
Ce3Tl (111),6.932366323005819,"Ce, Tl",Cubic,m-3m,Ce3Tl,(111),2
Ce3ZrSb5 (0001),9.541503388205271,"Ce, Sb, Zr",Hexagonal,6/mmm,Ce3ZrSb5,(0001),3
Ce4Bi3 (111),13.86021596847489,"Bi, Ce",Cubic,-43m,Ce4Bi3,(111),2
Ce4Ge3 (111),13.01938417922097,"Ce, Ge",Cubic,-43m,Ce4Ge3,(111),2
Ce4SiRh12 (111),11.669885142653392,"Ce, Rh, Si",Cubic,m-3m,Ce4SiRh12,(111),3
Ce4UO10 (0001),3.87388387533777,"Ce, O, U",Trigonal,-3m,Ce4UO10,(0001),3
Ce5(FeB3)2 (0001),5.314001684870113,"B, Ce, Fe",Trigonal,-3m,Ce5(FeB3)2,(0001),3
Ce5AgPb3 (0001),9.756923542324262,"Ag, Ce, Pb",Hexagonal,6/mmm,Ce5AgPb3,(0001),3
Ce5AgSn3 (0001),9.543424163208506,"Ag, Ce, Sn",Hexagonal,6/mmm,Ce5AgSn3,(0001),3
Ce5BiSb4 (0001),4.533521059803848,"Bi, Ce, Sb",Trigonal,-3m,Ce5BiSb4,(0001),3
Ce5CuPb3 (0001),9.627554,"Ce, Cu, Pb",Hexagonal,6/mmm,Ce5CuPb3,(0001),3
Ce5Ge3C (0001),8.829926556658872,"C, Ce, Ge",Hexagonal,6/mmm,Ce5Ge3C,(0001),3
Ce5NiPb3 (0001),9.606094244591006,"Ce, Ni, Pb",Hexagonal,6/mmm,Ce5NiPb3,(0001),3
Ce5P12Ru19 (0001),12.635959687188148,"Ce, P, Ru",Hexagonal,-6m2,Ce5P12Ru19,(0001),3
Ce5Pb3 (0001),9.494619948350326,"Ce, Pb",Hexagonal,6/mmm,Ce5Pb3,(0001),2
Ce5Sn3Au (0001),9.545266068468024,"Au, Ce, Sn",Hexagonal,6/mmm,Ce5Sn3Au,(0001),3
Ce6Ni20As13 (0001),13.208818050259644,"As, Ce, Ni",Hexagonal,-6,Ce6Ni20As13,(0001),3
Ce6Ni20P13 (0001),12.75372265401851,"Ce, Ni, P",Hexagonal,-6,Ce6Ni20P13,(0001),3
Ce7Ir3 (0001),9.880411091802966,"Ce, Ir",Hexagonal,6mm,Ce7Ir3,(0001),2
Ce7O12 (0001),10.340922380313225,"Ce, O",Trigonal,-3,Ce7O12,(0001),2
Ce8Re13B12 (0001),10.656317690341348,"B, Ce, Re",Trigonal,-3m,Ce8Re13B12,(0001),3
CeAgHg2 (111),10.229556656014733,"Ag, Ce, Hg",Cubic,m-3m,CeAgHg2,(111),3
CeAgPb (0001),4.884054801890407,"Ag, Ce, Pb",Hexagonal,6mm,CeAgPb,(0001),3
CeAgSn (0001),4.798835937638321,"Ag, Ce, Sn",Hexagonal,6mm,CeAgSn,(0001),3
CeAl2 (111),11.239461056334852,"Al, Ce",Cubic,m-3m,CeAl2,(111),2
CeAl3 (0001),6.537129781921093,"Al, Ce",Hexagonal,6/mmm,CeAl3,(0001),2
CeAl3Ni2 (0001),5.250375460967173,"Al, Ce, Ni",Hexagonal,6/mmm,CeAl3Ni2,(0001),3
CeAl3Pd2 (0001),5.432649333046886,"Al, Ce, Pd",Hexagonal,6/mmm,CeAl3Pd2,(0001),3
CeAlNi (0001),6.865760856989062,"Al, Ce, Ni",Hexagonal,-6m2,CeAlNi,(0001),3
CeAlPd (0001),7.173930882034645,"Al, Ce, Pd",Hexagonal,-6m2,CeAlPd,(0001),3
CeAs (111),8.606981511830137,"As, Ce",Cubic,m-3m,CeAs,(111),2
CeAsPd (0001),4.380679246796868,"As, Ce, Pd",Hexagonal,6/mmm,CeAsPd,(0001),3
CeAu3 (0001),6.522742868328831,"Au, Ce",Hexagonal,6/mmm,CeAu3,(0001),2
CeB2C (0001),6.612855567726864,"B, C, Ce",Trigonal,-3m,CeB2C,(0001),3
CeB2Ir3 (0001),5.569129991183268,"B, Ce, Ir",Hexagonal,6/mmm,CeB2Ir3,(0001),3
CeB2Rh3 (0001),5.495379064079958,"B, Ce, Rh",Hexagonal,6/mmm,CeB2Rh3,(0001),3
CeB2Ru3 (0001),5.518839468647868,"B, Ce, Ru",Hexagonal,6/mmm,CeB2Ru3,(0001),3
CeB6 (111),5.838318633770171,"B, Ce",Cubic,m-3m,CeB6,(111),2
CeBPt4 (0001),5.453902133755181,"B, Ce, Pt",Hexagonal,6/mmm,CeBPt4,(0001),3
CeBRh3 (111),5.955954954355894,"B, Ce, Rh",Cubic,m-3m,CeBRh3,(111),3
CeBe13 (111),14.580615559422704,"Be, Ce",Cubic,m-3m,CeBe13,(111),2
CeBi (111),9.336348688442445,"Bi, Ce",Cubic,m-3m,CeBi,(111),2
CeBiAu2 (111),10.31684194536867,"Au, Bi, Ce",Cubic,m-3m,CeBiAu2,(111),3
CeBiPd (111),9.712020620812357,"Bi, Ce, Pd",Cubic,-43m,CeBiPd,(111),3
CeBiPt (111),9.713188252097993,"Bi, Ce, Pt",Cubic,-43m,CeBiPt,(111),3
CeBr3 (0001),8.086764346897269,"Br, Ce",Hexagonal,6/m,CeBr3,(0001),2
CeCd11 (111),13.244094925183195,"Cd, Ce",Cubic,m-3m,CeCd11,(111),2
CeCd2 (0001),5.1615333702732515,"Cd, Ce",Hexagonal,6/mmm,CeCd2,(0001),2
CeCd3 (111),10.329171919754838,"Cd, Ce",Cubic,m-3m,CeCd3,(111),2
CeCdAu (0001),7.888388338934452,"Au, Cd, Ce",Hexagonal,-6m2,CeCdAu,(0001),3
CeCdAu2 (111),10.064750854259515,"Au, Cd, Ce",Cubic,m-3m,CeCdAu2,(111),3
CeCdHg2 (111),10.355271219027173,"Cd, Ce, Hg",Cubic,m-3m,CeCdHg2,(111),3
CeCdIn (0001),4.93525436740892,"Cd, Ce, In",Trigonal,-3m,CeCdIn,(0001),3
CeCdNi4 (111),9.912321829229587,"Cd, Ce, Ni",Cubic,-43m,CeCdNi4,(111),3
CeCdPd (0001),7.73255591725525,"Cd, Ce, Pd",Hexagonal,-6m2,CeCdPd,(0001),3
CeCl3 (0001),7.504530635848222,"Ce, Cl",Hexagonal,6/m,CeCl3,(0001),2
CeCo2 (111),9.893705617927122,"Ce, Co",Cubic,m-3m,CeCo2,(111),2
CeCo3B2 (0001),5.118881772896692,"B, Ce, Co",Hexagonal,6/mmm,CeCo3B2,(0001),3
CeCrGe3 (0001),6.109508050947234,"Ce, Cr, Ge",Hexagonal,6/mmm,CeCrGe3,(0001),3
CeCuGe (0001),4.266103450629522,"Ce, Cu, Ge",Hexagonal,6/mmm,CeCuGe,(0001),3
CeCuPb (0001),4.661512190944181,"Ce, Cu, Pb",Hexagonal,6mm,CeCuPb,(0001),3
CeCuSi (0001),4.173104780450814,"Ce, Cu, Si",Hexagonal,6/mmm,CeCuSi,(0001),3
CeCuSn (0001),4.556266286710986,"Ce, Cu, Sn",Hexagonal,6/mmm,CeCuSn,(0001),3
CeEuAl4 (111),11.345702134612983,"Al, Ce, Eu",Cubic,-43m,CeEuAl4,(111),3
CeF3 (0001),12.286446675357604,"Ce, F",Trigonal,-3m,CeF3,(0001),2
CeFe2 (111),10.395147743755173,"Ce, Fe",Cubic,m-3m,CeFe2,(111),2
CeGa2 (0001),4.25068455487861,"Ce, Ga",Hexagonal,6/mmm,CeGa2,(0001),2
CeGa2Co3 (0001),8.877140739187755,"Ce, Co, Ga",Hexagonal,-6m2,CeGa2Co3,(0001),3
CeGa2Ni3 (0001),8.820869563973497,"Ce, Ga, Ni",Hexagonal,-6m2,CeGa2Ni3,(0001),3
CeGa3 (0001),6.501060020066095,"Ce, Ga",Hexagonal,6/mmm,CeGa3,(0001),2
CeGa3Pd2 (0001),5.379950081226708,"Ce, Ga, Pd",Hexagonal,6/mmm,CeGa3Pd2,(0001),3
CeGa8Pd3 (0001),12.02960356287808,"Ce, Ga, Pd",Trigonal,-3m,CeGa8Pd3,(0001),3
CeGaNi (0001),6.846782662247678,"Ce, Ga, Ni",Hexagonal,-6m2,CeGaNi,(0001),3
CeGe3Ru (111),12.776044736610524,"Ce, Ge, Ru",Cubic,m-3m,CeGe3Ru,(111),3
CeGeAu (0001),4.372709711753414,"Au, Ce, Ge",Hexagonal,6mm,CeGeAu,(0001),3
CeHSe (0001),4.042129451011455,"Ce, H, Se",Hexagonal,6/mmm,CeHSe,(0001),3
CeHg (111),5.4327277607970474,"Ce, Hg",Cubic,m-3m,CeHg,(111),2
CeHg2 (0001),5.0606612621740545,"Ce, Hg",Hexagonal,6/mmm,CeHg2,(0001),2
CeHg3 (0001),6.839585979298523,"Ce, Hg",Hexagonal,6/mmm,CeHg3,(0001),2
CeHgAu2 (111),10.094605100551108,"Au, Ce, Hg",Cubic,m-3m,CeHgAu2,(111),3
CeHgPd (0001),7.8068295287176594,"Ce, Hg, Pd",Hexagonal,-6m2,CeHgPd,(0001),3
CeHoIn2 (111),10.75399543933078,"Ce, Ho, In",Cubic,m-3m,CeHoIn2,(111),3
CeIn3 (111),6.6395967222778856,"Ce, In",Cubic,m-3m,CeIn3,(111),2
CeInAg2 (111),10.097377977367124,"Ag, Ce, In",Cubic,m-3m,CeInAg2,(111),3
CeInAu (0001),7.770334154806982,"Au, Ce, In",Hexagonal,-6m2,CeInAu,(0001),3
CeInAu2 (111),10.074088793274779,"Au, Ce, In",Cubic,m-3m,CeInAu2,(111),3
CeInCu (0001),7.510987078104368,"Ce, Cu, In",Hexagonal,-6m2,CeInCu,(0001),3
CeInIr (0001),7.552137592920126,"Ce, In, Ir",Hexagonal,-6m2,CeInIr,(0001),3
CeInNi (0001),7.290207755872154,"Ce, In, Ni",Hexagonal,-6m2,CeInNi,(0001),3
CeInNi4 (111),9.951357089514211,"Ce, In, Ni",Cubic,-43m,CeInNi4,(111),3
CeInPd (0001),7.701351838143493,"Ce, In, Pd",Hexagonal,-6m2,CeInPd,(0001),3
CeInPt (0001),7.75125312928772,"Ce, In, Pt",Hexagonal,-6m2,CeInPt,(0001),3
CeInPt4 (111),10.786198590640483,"Ce, In, Pt",Cubic,-43m,CeInPt4,(111),3
CeInRh (0001),7.583598230490465,"Ce, In, Rh",Hexagonal,-6m2,CeInRh,(0001),3
CeIr2 (111),10.740258096160987,"Ce, Ir",Cubic,m-3m,CeIr2,(111),2
CeIr3 (0001),5.300783491090065,"Ce, Ir",Hexagonal,6/mmm,CeIr3,(0001),2
CeMg2Ni9 (0001),4.81384406464333,"Ce, Mg, Ni",Trigonal,-3m,CeMg2Ni9,(0001),3
CeMg3 (111),10.429567261063275,"Ce, Mg",Cubic,m-3m,CeMg3,(111),2
CeMgAu (0001),7.869568307473584,"Au, Ce, Mg",Hexagonal,-6m2,CeMgAu,(0001),3
CeMgAu2 (111),10.02525763945377,"Au, Ce, Mg",Cubic,m-3m,CeMgAu2,(111),3
CeMgCd2 (111),10.39790019784904,"Cd, Ce, Mg",Cubic,m-3m,CeMgCd2,(111),3
CeMgGa (0001),7.47893981849823,"Ce, Ga, Mg",Hexagonal,-6m2,CeMgGa,(0001),3
CeMgHg2 (111),10.35607426605643,"Ce, Hg, Mg",Cubic,m-3m,CeMgHg2,(111),3
CeMgNi4 (111),9.84012529187315,"Ce, Mg, Ni",Cubic,-43m,CeMgNi4,(111),3
CeMgPd (0001),7.670395567040867,"Ce, Mg, Pd",Hexagonal,-6m2,CeMgPd,(0001),3
CeMgPt (0001),7.554609516184687,"Ce, Mg, Pt",Hexagonal,-6m2,CeMgPt,(0001),3
CeMgRh (0001),7.404147106467094,"Ce, Mg, Rh",Hexagonal,-6m2,CeMgRh,(0001),3
CeMgTl (0001),7.763375882853394,"Ce, Mg, Tl",Hexagonal,-6m2,CeMgTl,(0001),3
CeMgZn2 (111),9.787018873571142,"Ce, Mg, Zn",Cubic,m-3m,CeMgZn2,(111),3
CeN (111),7.1963687161305,"Ce, N",Cubic,m-3m,CeN,(111),2
CeNdN2 (0001),3.613563372589683,"Ce, N, Nd",Trigonal,-3m,CeNdN2,(0001),3
CeNdS2 (0001),4.0460971120592175,"Ce, Nd, S",Trigonal,-3m,CeNdS2,(0001),3
CeNi2 (111),10.071452860305918,"Ce, Ni",Cubic,m-3m,CeNi2,(111),2
CeNi3 (0001),4.886830404781392,"Ce, Ni",Hexagonal,6/mmm,CeNi3,(0001),2
CeNi4B (0001),4.950548230240478,"B, Ce, Ni",Hexagonal,6/mmm,CeNi4B,(0001),3
CeNi5 (0001),4.841253420938829,"Ce, Ni",Hexagonal,6/mmm,CeNi5,(0001),2
CeNi5Sn (0001),4.8807776803360845,"Ce, Ni, Sn",Hexagonal,6/mmm,CeNi5Sn,(0001),3
CeNiAs (0001),4.09521859632057,"As, Ce, Ni",Hexagonal,-6m2,CeNiAs,(0001),3
CeNiGe (0001),4.170623669043987,"Ce, Ge, Ni",Hexagonal,6/mmm,CeNiGe,(0001),3
CeNiP (0001),3.949291443750468,"Ce, Ni, P",Hexagonal,6/mmm,CeNiP,(0001),3
CeNiSb (0001),4.356148380622491,"Ce, Ni, Sb",Hexagonal,-6m2,CeNiSb,(0001),3
CeO (111),7.02338460962902,"Ce, O",Cubic,m-3m,CeO,(111),2
CeO2 (111),7.7321424334110525,"Ce, O",Cubic,m-3m,CeO2,(111),2
CeOs2 (0001),5.309509275212939,"Ce, Os",Hexagonal,6/mmm,CeOs2,(0001),2
CeP (111),8.378897884960734,"Ce, P",Cubic,m-3m,CeP,(111),2
CeP2O7 (111),12.487057973314172,"Ce, O, P",Cubic,m-3,CeP2O7,(111),3
CePPd (0001),4.238947085238291,"Ce, P, Pd",Hexagonal,6/mmm,CePPd,(0001),3
CePb3 (111),6.923776432254372,"Ce, Pb",Cubic,m-3m,CePb3,(111),2
CePbAu2 (111),10.251156675143909,"Au, Ce, Pb",Cubic,m-3m,CePbAu2,(111),3
CePd3 (111),5.853018327804912,"Ce, Pd",Cubic,m-3m,CePd3,(111),2
CePd7 (111),11.360527679454856,"Ce, Pd",Cubic,m-3m,CePd7,(111),2
CePmTl2 (111),10.9845182462631,"Ce, Pm, Tl",Cubic,m-3m,CePmTl2,(111),3
CePmZn2 (111),10.29905659766625,"Ce, Pm, Zn",Cubic,m-3m,CePmZn2,(111),3
CePt2 (111),10.976729106812835,"Ce, Pt",Cubic,m-3m,CePt2,(111),2
CePt3 (111),5.86775897746442,"Ce, Pt",Cubic,m-3m,CePt3,(111),2
CePt5 (0001),5.368539330100849,"Ce, Pt",Hexagonal,6/mmm,CePt5,(0001),2
CeRh2 (111),10.704080140444614,"Ce, Rh",Cubic,m-3m,CeRh2,(111),2
CeRh3 (111),5.7086804247957845,"Ce, Rh",Cubic,m-3m,CeRh3,(111),2
CeRhPb (0001),7.723901680928311,"Ce, Pb, Rh",Hexagonal,-6m2,CeRhPb,(0001),3
CeRu2 (111),10.647174935075832,"Ce, Ru",Cubic,m-3m,CeRu2,(111),2
CeRu3C (111),5.882341211634716,"C, Ce, Ru",Cubic,m-3m,CeRu3C,(111),3
CeS (111),8.037286756661315,"Ce, S",Cubic,m-3m,CeS,(111),2
CeSb (111),9.17298817340064,"Ce, Sb",Cubic,m-3m,CeSb,(111),2
CeSbAu (0001),4.6437563250427685,"Au, Ce, Sb",Hexagonal,6/mmm,CeSbAu,(0001),3
CeSbPd (0001),4.6057233867992515,"Ce, Pd, Sb",Hexagonal,6/mmm,CeSbPd,(0001),3
CeSbPt5 (0001),5.399105858348628,"Ce, Pt, Sb",Trigonal,-3,CeSbPt5,(0001),3
CeSe (111),8.544536632880385,"Ce, Se",Cubic,m-3m,CeSe,(111),2
CeSiI (0001),4.197671546436723,"Ce, I, Si",Trigonal,-3m,CeSiI,(0001),3
CeSiIr (111),8.975999827150735,"Ce, Ir, Si",Cubic,23,CeSiIr,(111),3
CeSn3 (111),6.6772722766761845,"Ce, Sn",Cubic,m-3m,CeSn3,(111),2
CeSn3Ru (111),13.903246668774889,"Ce, Ru, Sn",Cubic,m-3m,CeSn3Ru,(111),3
CeSnAu (0001),4.754913281932552,"Au, Ce, Sn",Hexagonal,6mm,CeSnAu,(0001),3
CeSnAu2 (111),10.105157057056859,"Au, Ce, Sn",Cubic,m-3m,CeSnAu2,(111),3
CeSnIr (0001),7.467430893585077,"Ce, Ir, Sn",Hexagonal,-6m2,CeSnIr,(0001),3
CeSnRh (0001),7.463705190189557,"Ce, Rh, Sn",Hexagonal,-6m2,CeSnRh,(0001),3
CeTe (111),9.088066090240858,"Ce, Te",Cubic,m-3m,CeTe,(111),2
CeThN2 (0001),3.6204156205769107,"Ce, N, Th",Trigonal,-3m,CeThN2,(0001),3
CeTiGe3 (0001),6.2496957815183265,"Ce, Ge, Ti",Hexagonal,6/mmm,CeTiGe3,(0001),3
CeTl3 (111),6.796883744491661,"Ce, Tl",Cubic,m-3m,CeTl3,(111),2
CeTlAu2 (111),10.188146644430818,"Au, Ce, Tl",Cubic,m-3m,CeTlAu2,(111),3
CeTlPd (0001),7.930689588185547,"Ce, Pd, Tl",Hexagonal,-6m2,CeTlPd,(0001),3
CeTmIn2 (111),10.710889502842868,"Ce, In, Tm",Cubic,m-3m,CeTmIn2,(111),3
CeU4N5 (0001),3.4640940017347965,"Ce, N, U",Trigonal,-3m,CeU4N5,(0001),3
CeUN2 (0001),3.487282378538561,"Ce, N, U",Trigonal,-3m,CeUN2,(0001),3
CeYIn2 (111),10.801639078023468,"Ce, In, Y",Cubic,m-3m,CeYIn2,(111),3
CeYTl2 (111),10.872855054647959,"Ce, Tl, Y",Cubic,m-3m,CeYTl2,(111),3
CeZn3Cu2 (0001),5.173810953211775,"Ce, Cu, Zn",Hexagonal,6/mmm,CeZn3Cu2,(0001),3
CeZn3Pd2 (0001),5.308993192525559,"Ce, Pd, Zn",Hexagonal,6/mmm,CeZn3Pd2,(0001),3
CeZn4Ni (0001),5.210887833948672,"Ce, Ni, Zn",Hexagonal,-6m2,CeZn4Ni,(0001),3
CeZnGa (0001),4.472347351831834,"Ce, Ga, Zn",Hexagonal,6/mmm,CeZnGa,(0001),3
CeZnGe (0001),4.277202725045431,"Ce, Ge, Zn",Hexagonal,6/mmm,CeZnGe,(0001),3
CeZnIn (0001),4.767330323641073,"Ce, In, Zn",Hexagonal,6/mmm,CeZnIn,(0001),3
CeZnNi (0001),7.008321657293679,"Ce, Ni, Zn",Hexagonal,-6m2,CeZnNi,(0001),3
CeZnSi (0001),4.164585534587884,"Ce, Si, Zn",Hexagonal,-6m2,CeZnSi,(0001),3
CeZnSn (0001),4.559157246510169,"Ce, Sn, Zn",Hexagonal,6/mmm,CeZnSn,(0001),3
Co (111),4.968576972722298,Co,Cubic,m-3m,Co,(111),1
Co(AsO3)2 (0001),4.790043347802628,"As, Co, O",Trigonal,-3m,Co(AsO3)2,(0001),3
Co(BiO3)2 (0001),8.80988121141601,"Bi, Co, O",Trigonal,32,Co(BiO3)2,(0001),3
Co(ClO4)2 (0001),4.808423509435329,"Cl, Co, O",Trigonal,-1,Co(ClO4)2,(0001),3
Co(NO3)2 (0001),7.339446750435977,"Co, N, O",Trigonal,-3,Co(NO3)2,(0001),3
Co(NiO2)2 (111),11.488152044115196,"Co, Ni, O",Cubic,m-3m,Co(NiO2)2,(111),3
Co(ReO4)2 (0001),5.696863113575013,"Co, O, Re",Trigonal,2/m,Co(ReO4)2,(0001),3
Co(RhO2)2 (111),12.025881457683491,"Co, O, Rh",Cubic,m-3m,Co(RhO2)2,(111),3
Co2(GeS)3 (0001),11.301264985495285,"Co, Ge, S",Trigonal,-3,Co2(GeS)3,(0001),3
Co2(GeSe)3 (0001),11.714683252363352,"Co, Ge, Se",Trigonal,-3,Co2(GeSe)3,(0001),3
Co2(GeTe)3 (0001),12.317818797569227,"Co, Ge, Te",Trigonal,-3,Co2(GeTe)3,(0001),3
Co2(SnSe)3 (0001),12.352525527933999,"Co, Se, Sn",Trigonal,-3,Co2(SnSe)3,(0001),3
Co2(SnTe)3 (0001),12.922406286525153,"Co, Sn, Te",Trigonal,-3,Co2(SnTe)3,(0001),3
Co21Cu3O32 (0001),5.761179369775082,"Co, Cu, O",Trigonal,3m,Co21Cu3O32,(0001),3
Co2CuS4 (111),13.323701913332288,"Co, Cu, S",Cubic,m-3m,Co2CuS4,(111),3
Co2Mo4N (111),15.850082996757829,"Co, Mo, N",Cubic,m-3m,Co2Mo4N,(111),3
Co2NiS4 (111),13.140010170177979,"Co, Ni, S",Cubic,m-3m,Co2NiS4,(111),3
Co3(SnS)2 (0001),5.36235660158021,"Co, S, Sn",Trigonal,-3m,Co3(SnS)2,(0001),3
Co3Ni (0001),4.945890467814314,"Co, Ni",Hexagonal,6/mmm,Co3Ni,(0001),2
Co3O4 (0001),10.20951121523773,"Co, O",Trigonal,-3m,Co3O4,(0001),2
Co3Pt (0001),5.1927333001122165,"Co, Pt",Hexagonal,6/mmm,Co3Pt,(0001),2
Co3S4 (111),13.39686990585983,"Co, S",Cubic,m-3m,Co3S4,(111),2
Co3Se4 (111),9.984435758230212,"Co, Se",Cubic,m-3m,Co3Se4,(111),2
Co5NiS8 (111),13.247122291365752,"Co, Ni, S",Cubic,-43m,Co5NiS8,(111),3
Co5SbO8 (0001),5.877972169057445,"Co, O, Sb",Trigonal,-3m,Co5SbO8,(0001),3
Co8RhS8 (111),14.00324005291604,"Co, Rh, S",Cubic,m-3m,Co8RhS8,(111),3
Co8RuS8 (111),13.944595444911553,"Co, Ru, S",Cubic,m-3m,Co8RuS8,(111),3
Co9S8 (111),13.741669563342514,"Co, S",Cubic,m-3m,Co9S8,(111),2
CoAgO2 (0001),2.861520861046852,"Ag, Co, O",Hexagonal,6/mmm,CoAgO2,(0001),3
CoAs3 (111),11.593979764091008,"As, Co",Cubic,m-3,CoAs3,(111),2
CoAuO2 (0001),2.884613560145662,"Au, Co, O",Hexagonal,6/mmm,CoAuO2,(0001),3
CoBr2 (0001),3.743188456195523,"Br, Co",Trigonal,-3m,CoBr2,(0001),2
CoCO3 (0001),4.6535045622817055,"C, Co, O",Trigonal,-3m,CoCO3,(0001),3
CoCl2 (0001),3.5479059181270367,"Cl, Co",Trigonal,-3m,CoCl2,(0001),2
CoH (111),5.212682890432622,"Co, H",Cubic,m-3m,CoH,(111),2
CoHO2 (0001),2.8488726017040245,"Co, H, O",Trigonal,-3m,CoHO2,(0001),3
CoI2 (0001),3.8917671034164703,"Co, I",Trigonal,-3m,CoI2,(0001),2
CoMoP2 (0001),3.2941430499214475,"Co, Mo, P",Hexagonal,6/mmm,CoMoP2,(0001),3
CoNiO3 (0001),4.805697332433949,"Co, Ni, O",Trigonal,-3,CoNiO3,(0001),3
CoNiP (0001),5.747122101470433,"Co, Ni, P",Hexagonal,-6m2,CoNiP,(0001),3
CoO (111),4.531761777792567,"Co, O",Cubic,3m,CoO,(111),2
CoP3 (111),10.865574524566766,"Co, P",Cubic,m-3,CoP3,(111),2
CoPS (111),7.639074357250365,"Co, P, S",Cubic,23,CoPS,(111),3
CoPt3 (111),5.478516375559969,"Co, Pt",Cubic,m-3m,CoPt3,(111),2
CoPtF6 (0001),4.985625215019651,"Co, F, Pt",Trigonal,-3,CoPtF6,(0001),3
CoPtO2 (0001),2.824539834533779,"Co, O, Pt",Trigonal,2/m,CoPtO2,(0001),3
CoRe3 (0001),5.389150125051203,"Co, Re",Hexagonal,6/mmm,CoRe3,(0001),2
CoS2 (111),7.8122088775125045,"Co, S",Cubic,m-3,CoS2,(111),2
CoSb3 (111),12.803144493082655,"Co, Sb",Cubic,m-3,CoSb3,(111),2
CoSi (111),6.198665062502992,"Co, Si",Cubic,23,CoSi,(111),2
CoSi2 (111),7.513489937932789,"Co, Si",Cubic,m-3m,CoSi2,(111),2
CoSi4Ni (0001),3.7704174393714727,"Co, Ni, Si",Trigonal,-3m,CoSi4Ni,(0001),3
CoSn (0001),5.24603992763168,"Co, Sn",Hexagonal,6/mmm,CoSn,(0001),2
CoSnF6 (0001),5.209866114450586,"Co, F, Sn",Trigonal,-3,CoSnF6,(0001),3
CoTc3 (0001),5.329922676956257,"Co, Tc",Hexagonal,6/mmm,CoTc3,(0001),2
Cr (111),4.198657733325824,Cr,Cubic,m-3m,Cr,(111),1
Cr(NO3)5 (0001),10.867089995486417,"Cr, N, O",Trigonal,32,Cr(NO3)5,(0001),3
Cr12P7 (0001),8.954887794996123,"Cr, P",Hexagonal,-6,Cr12P7,(0001),2
Cr2(SO4)3 (0001),8.125931441927463,"Cr, O, S",Trigonal,-3,Cr2(SO4)3,(0001),3
Cr21(MoC3)2 (111),14.955827240991097,"C, Cr, Mo",Cubic,m-3m,Cr21(MoC3)2,(111),3
Cr21(WC3)2 (111),14.971860590962851,"C, Cr, W",Cubic,m-3m,Cr21(WC3)2,(111),3
Cr23C6 (111),14.830428935975123,"C, Cr",Cubic,m-3m,Cr23C6,(111),2
Cr2AgS4 (111),14.33817590191785,"Ag, Cr, S",Cubic,m-3m,Cr2AgS4,(111),3
Cr2CdO4 (111),12.208267941016388,"Cd, Cr, O",Cubic,m-3m,Cr2CdO4,(111),3
Cr2CdS4 (111),14.549484185062793,"Cd, Cr, S",Cubic,m-3m,Cr2CdS4,(111),3
Cr2CdSe4 (111),15.305155465359501,"Cd, Cr, Se",Cubic,m-3m,Cr2CdSe4,(111),3
Cr2CoO4 (111),11.804367617820626,"Co, Cr, O",Cubic,m-3m,Cr2CoO4,(111),3
Cr2CuS4 (111),13.905959456123508,"Cr, Cu, S",Cubic,m-3m,Cr2CuS4,(111),3
Cr2CuSe4 (111),14.664906819716542,"Cr, Cu, Se",Cubic,m-3m,Cr2CuSe4,(111),3
Cr2CuTe4 (111),15.837471914613259,"Cr, Cu, Te",Cubic,m-3m,Cr2CuTe4,(111),3
Cr2GaC (0001),2.8434506017332084,"C, Cr, Ga",Hexagonal,6/mmm,Cr2GaC,(0001),3
Cr2HgO4 (111),12.311483326634715,"Cr, Hg, O",Cubic,m-3m,Cr2HgO4,(111),3
Cr2HgS4 (111),14.56709424102118,"Cr, Hg, S",Cubic,m-3m,Cr2HgS4,(111),3
Cr2HgSe4 (111),15.327657205919493,"Cr, Hg, Se",Cubic,m-3m,Cr2HgSe4,(111),3
Cr2Ir2C (0001),2.72959818469782,"C, Cr, Ir",Trigonal,-3m,Cr2Ir2C,(0001),3
Cr2NiO4 (0001),10.14565516383459,"Cr, Ni, O",Trigonal,-3m,Cr2NiO4,(0001),3
Cr2O3 (0001),5.003740424086609,"Cr, O",Trigonal,-3m,Cr2O3,(0001),2
Cr2Rh2C (0001),2.7240529088862218,"C, Cr, Rh",Trigonal,-3m,Cr2Rh2C,(0001),3
Cr2S3 (0001),6.0161048458605,"Cr, S",Trigonal,-3,Cr2S3,(0001),2
Cr2Se3 (0001),6.334020659066983,"Cr, Se",Trigonal,-3,Cr2Se3,(0001),2
Cr2Te3 (0001),6.8959265099324485,"Cr, Te",Trigonal,-3m,Cr2Te3,(0001),2
Cr3GaS6 (0001),7.041588612569071,"Cr, Ga, S",Trigonal,3m,Cr3GaS6,(0001),3
Cr3Si (111),6.337428899324568,"Cr, Si",Cubic,m-3m,Cr3Si,(111),2
Cr4GaS8 (111),13.963966923777502,"Cr, Ga, S",Cubic,-43m,Cr4GaS8,(111),3
Cr7C3 (0001),13.937979672019107,"C, Cr",Hexagonal,6mm,Cr7C3,(0001),2
CrAgO2 (0001),2.9928262211308585,"Ag, Cr, O",Trigonal,-3m,CrAgO2,(0001),3
CrAgSe2 (0001),3.7350780078988683,"Ag, Cr, Se",Trigonal,3m,CrAgSe2,(0001),3
CrAuO2 (0001),3.0150451394120994,"Au, Cr, O",Trigonal,-3m,CrAuO2,(0001),3
CrAuS2 (0001),3.541241720078718,"Au, Cr, S",Trigonal,-3m,CrAuS2,(0001),3
CrBO3 (0001),4.584932283857689,"B, Cr, O",Trigonal,-3m,CrBO3,(0001),3
CrBr3 (0001),6.378475644635167,"Br, Cr",Trigonal,-3,CrBr3,(0001),2
CrCdF6 (0001),5.085541436825411,"Cd, Cr, F",Trigonal,-3,CrCdF6,(0001),3
CrCl3 (0001),5.996110061642545,"Cl, Cr",Trigonal,-3,CrCl3,(0001),2
CrCo2Ge (111),8.119659085104004,"Co, Cr, Ge",Cubic,m-3m,CrCo2Ge,(111),3
CrCuO2 (0001),2.9811529041234266,"Cr, Cu, O",Trigonal,-3m,CrCuO2,(0001),3
CrF3 (0001),4.908997072965129,"Cr, F",Trigonal,-3m,CrF3,(0001),2
CrF6 (0001),4.8048077435921,"Cr, F",Trigonal,-3,CrF6,(0001),2
CrGa4 (111),7.916884505910466,"Cr, Ga",Cubic,m-3m,CrGa4,(111),2
CrGaRh2 (111),8.510032346037528,"Cr, Ga, Rh",Cubic,m-3m,CrGaRh2,(111),3
CrGaRu2 (111),8.438738531098565,"Cr, Ga, Ru",Cubic,m-3m,CrGaRu2,(111),3
CrGeRu2 (111),8.444596741075069,"Cr, Ge, Ru",Cubic,m-3m,CrGeRu2,(111),3
CrGeTe3 (0001),6.903609844699178,"Cr, Ge, Te",Trigonal,-3,CrGeTe3,(0001),3
CrHO2 (0001),3.000551390100336,"Cr, H, O",Trigonal,3m,CrHO2,(0001),3
CrHgF6 (0001),5.099474817536849,"Cr, F, Hg",Trigonal,-3,CrHgF6,(0001),3
CrI3 (0001),6.968548679896094,"Cr, I",Trigonal,32,CrI3,(0001),2
CrIr3 (111),5.394004858690636,"Cr, Ir",Cubic,m-3m,CrIr3,(111),2
CrMoF6 (0001),5.030058127746861,"Cr, F, Mo",Trigonal,-3,CrMoF6,(0001),3
CrNiAs (0001),6.205290468725126,"As, Cr, Ni",Hexagonal,-6m2,CrNiAs,(0001),3
CrNiF6 (0001),4.878245602799905,"Cr, F, Ni",Trigonal,-3,CrNiF6,(0001),3
CrPd3 (111),5.502541808660976,"Cr, Pd",Cubic,m-3m,CrPd3,(111),2
CrPdO2 (0001),2.9441125801587122,"Cr, O, Pd",Trigonal,2/m,CrPdO2,(0001),3
CrPt3 (111),5.509708623445061,"Cr, Pt",Cubic,m-3m,CrPt3,(111),2
CrRh3 (111),5.360651551060881,"Cr, Rh",Cubic,m-3m,CrRh3,(111),2
CrS2 (0001),3.3578271930389647,"Cr, S",Trigonal,-3m,CrS2,(0001),2
CrSe2 (0001),3.528065803569787,"Cr, Se",Trigonal,-3m,CrSe2,(0001),2
CrSiRu2 (111),8.32553848532092,"Cr, Ru, Si",Cubic,m-3m,CrSiRu2,(111),3
CrSiTe3 (0001),6.830522865653686,"Cr, Si, Te",Trigonal,-3,CrSiTe3,(0001),3
CrTe2 (0001),3.863259590129434,"Cr, Te",Trigonal,-3m,CrTe2,(0001),2
Cs(BBr)6 (0001),10.008336675672501,"B, Br, Cs",Trigonal,-3,Cs(BBr)6,(0001),3
Cs(BCl)6 (0001),9.74451174026785,"B, Cl, Cs",Trigonal,-3,Cs(BCl)6,(0001),3
Cs(BH)6 (111),15.838309118188764,"B, Cs, H",Cubic,m-3,Cs(BH)6,(111),3
Cs(BI)6 (0001),10.767315864462972,"B, Cs, I",Trigonal,-3,Cs(BI)6,(0001),3
Cs(MoS)3 (0001),9.422925044597665,"Cs, Mo, S",Hexagonal,6/m,Cs(MoS)3,(0001),3
Cs(MoSe)3 (0001),9.753887265990128,"Cs, Mo, Se",Hexagonal,6/m,Cs(MoSe)3,(0001),3
Cs(Nb3S4)2 (0001),9.851295306170021,"Cs, Nb, S",Trigonal,-3,Cs(Nb3S4)2,(0001),3
Cs(OsO3)2 (111),14.411646794135548,"Cs, O, Os",Cubic,m-3m,Cs(OsO3)2,(111),3
Cs(TeO3)2 (0001),7.302093011188144,"Cs, O, Te",Trigonal,-3m,Cs(TeO3)2,(0001),3
Cs(Ti3Se4)2 (0001),3.6590774101793193,"Cs, Se, Ti",Trigonal,-3,Cs(Ti3Se4)2,(0001),3
Cs(WO3)3 (0001),7.422765367284822,"Cs, O, W",Hexagonal,6/mmm,Cs(WO3)3,(0001),3
Cs10(Mo2N5)3 (0001),13.202029081367616,"Cs, Mo, N",Trigonal,-3m,Cs10(Mo2N5)3,(0001),3
Cs19(W2N5)6 (0001),13.358124579594776,"Cs, N, W",Trigonal,-3,Cs19(W2N5)6,(0001),3
Cs2AgF6 (111),12.705111211432754,"Ag, Cs, F",Cubic,m-3m,Cs2AgF6,(111),3
Cs2CeCl6 (0001),7.530858134912631,"Ce, Cl, Cs",Trigonal,-3m,Cs2CeCl6,(0001),3
Cs2CoF6 (111),8.868019121517257,"Co, Cs, F",Cubic,m-3m,Cs2CoF6,(111),3
Cs2CrF6 (111),12.9567276736142,"Cr, Cs, F",Cubic,m-3m,Cs2CrF6,(111),3
Cs2GeCl6 (111),14.62236974517598,"Cl, Cs, Ge",Cubic,m-3m,Cs2GeCl6,(111),3
Cs2GeF6 (111),12.623245281831295,"Cs, F, Ge",Cubic,m-3m,Cs2GeF6,(111),3
Cs2H6Pt (111),12.688818207830103,"Cs, H, Pt",Cubic,m-3m,Cs2H6Pt,(111),3
Cs2HfBr6 (111),15.506670805222088,"Br, Cs, Hf",Cubic,m-3m,Cs2HfBr6,(111),3
Cs2HfCl6 (111),14.82567156605207,"Cl, Cs, Hf",Cubic,m-3m,Cs2HfCl6,(111),3
Cs2HfF6 (0001),6.360743962487298,"Cs, F, Hf",Trigonal,-3m,Cs2HfF6,(0001),3
Cs2HgTe (111),12.744037788576422,"Cs, Hg, Te",Cubic,m-3m,Cs2HgTe,(111),3
Cs2IrCl6 (111),14.562054819049777,"Cl, Cs, Ir",Cubic,m-3m,Cs2IrCl6,(111),3
Cs2IrF6 (0001),6.220119892049169,"Cs, F, Ir",Trigonal,-3m,Cs2IrF6,(0001),3
Cs2MnCl6 (111),14.528695391796905,"Cl, Cs, Mn",Cubic,m-3m,Cs2MnCl6,(111),3
Cs2MnF6 (111),12.598236823131543,"Cs, F, Mn",Cubic,m-3m,Cs2MnF6,(111),3
Cs2MoBr6 (111),15.295220912063892,"Br, Cs, Mo",Cubic,m-3m,Cs2MoBr6,(111),3
Cs2MoCl6 (111),14.636619817589109,"Cl, Cs, Mo",Cubic,m-3m,Cs2MoCl6,(111),3
Cs2NbF6 (0001),6.409296418877732,"Cs, F, Nb",Trigonal,-3m,Cs2NbF6,(0001),3
Cs2Ni3S4 (0001),5.849094642846373,"Cs, Ni, S",Hexagonal,6/mmm,Cs2Ni3S4,(0001),3
Cs2NiF6 (111),12.52918957431572,"Cs, F, Ni",Cubic,m-3m,Cs2NiF6,(111),3
Cs2NpBr6 (111),11.101820942041698,"Br, Cs, Np",Cubic,m-3m,Cs2NpBr6,(111),3
Cs2O (0001),4.197928893645642,"Cs, O",Trigonal,-3m,Cs2O,(0001),2
Cs2Pb2O3 (111),12.905580377389278,"Cs, O, Pb",Cubic,23,Cs2Pb2O3,(111),3
Cs2PbCl6 (111),14.918275752366625,"Cl, Cs, Pb",Cubic,m-3m,Cs2PbCl6,(111),3
Cs2PdBr6 (111),15.211635733362183,"Br, Cs, Pd",Cubic,m-3m,Cs2PdBr6,(111),3
Cs2PdCl6 (111),14.589273267453516,"Cl, Cs, Pd",Cubic,m-3m,Cs2PdCl6,(111),3
Cs2PdF6 (111),12.661130445263172,"Cs, F, Pd",Cubic,m-3m,Cs2PdF6,(111),3
Cs2PrF6 (0001),7.260495788915208,"Cs, F, Pr",Hexagonal,-6m2,Cs2PrF6,(0001),3
Cs2Pt (0001),5.807144570344886,"Cs, Pt",Hexagonal,6/mmm,Cs2Pt,(0001),2
Cs2PtBr6 (111),15.295564140406201,"Br, Cs, Pt",Cubic,m-3m,Cs2PtBr6,(111),3
Cs2PtC2 (0001),5.701100567982057,"C, Cs, Pt",Trigonal,-3m,Cs2PtC2,(0001),3
Cs2PtCl6 (111),14.621152622732751,"Cl, Cs, Pt",Cubic,m-3m,Cs2PtCl6,(111),3
Cs2PtF6 (0001),6.21941223787786,"Cs, F, Pt",Trigonal,-3m,Cs2PtF6,(0001),3
Cs2PuCl6 (0001),7.522263276621141,"Cl, Cs, Pu",Trigonal,-3m,Cs2PuCl6,(0001),3
Cs2Re2Se5 (0001),14.86342590019752,"Cs, Re, Se",Trigonal,-3m,Cs2Re2Se5,(0001),3
Cs2ReCl6 (111),14.630382841601728,"Cl, Cs, Re",Cubic,m-3m,Cs2ReCl6,(111),3
Cs2ReF6 (0001),6.281193555491334,"Cs, F, Re",Trigonal,-3m,Cs2ReF6,(0001),3
Cs2RhF6 (0001),6.202143405095544,"Cs, F, Rh",Trigonal,-3m,Cs2RhF6,(0001),3
Cs2SbCl6 (111),14.887312321848343,"Cl, Cs, Sb",Cubic,4/mmm,Cs2SbCl6,(111),3
Cs2Se (111),8.454017041426576,"Cs, Se",Cubic,m-3m,Cs2Se,(111),2
Cs2SeCl6 (111),14.708825216923659,"Cl, Cs, Se",Cubic,m-3m,Cs2SeCl6,(111),3
Cs2SiF6 (111),12.484964547517798,"Cs, F, Si",Cubic,m-3m,Cs2SiF6,(111),3
Cs2SnBr6 (111),15.536950722138503,"Br, Cs, Sn",Cubic,m-3m,Cs2SnBr6,(111),3
Cs2SnCl6 (111),14.839468953040935,"Cl, Cs, Sn",Cubic,m-3m,Cs2SnCl6,(111),3
Cs2SnF6 (0001),6.304412258578661,"Cs, F, Sn",Trigonal,-3m,Cs2SnF6,(0001),3
Cs2TaCl6 (111),14.692504682107531,"Cl, Cs, Ta",Cubic,m-3m,Cs2TaCl6,(111),3
Cs2TcCl6 (111),14.658190383363825,"Cl, Cs, Tc",Cubic,m-3m,Cs2TcCl6,(111),3
Cs2TcF6 (0001),6.248121429230405,"Cs, F, Tc",Trigonal,-3m,Cs2TcF6,(0001),3
Cs2Te10Mo9 (0001),10.452198080591204,"Cs, Mo, Te",Trigonal,-3,Cs2Te10Mo9,(0001),3
Cs2TeBr6 (111),15.669355155600474,"Br, Cs, Te",Cubic,m-3m,Cs2TeBr6,(111),3
Cs2TeCl6 (111),14.93195225886479,"Cl, Cs, Te",Cubic,m-3m,Cs2TeCl6,(111),3
Cs2TeO3 (0001),6.789768432648334,"Cs, O, Te",Trigonal,32,Cs2TeO3,(0001),3
Cs2ThCl6 (0001),7.641818630868421,"Cl, Cs, Th",Trigonal,-3m,Cs2ThCl6,(0001),3
Cs2Ti2S9 (0001),13.820353731632911,"Cs, S, Ti",Trigonal,3,Cs2Ti2S9,(0001),3
Cs2TiCl6 (111),14.634784249651618,"Cl, Cs, Ti",Cubic,m-3m,Cs2TiCl6,(111),3
Cs2UBr6 (111),11.234219394366443,"Br, Cs, U",Cubic,m-3m,Cs2UBr6,(111),3
Cs2UCl6 (0001),7.512454683497628,"Cl, Cs, U",Trigonal,-3m,Cs2UCl6,(0001),3
Cs2VCl6 (111),10.244456891041084,"Cl, Cs, V",Cubic,m-3m,Cs2VCl6,(111),3
Cs2WBr6 (111),15.344676648590678,"Br, Cs, W",Cubic,m-3m,Cs2WBr6,(111),3
Cs2WCl6 (111),14.677522291979454,"Cl, Cs, W",Cubic,m-3m,Cs2WCl6,(111),3
Cs2ZrCl6 (111),14.902979439904579,"Cl, Cs, Zr",Cubic,m-3m,Cs2ZrCl6,(111),3
Cs2ZrF6 (0001),6.388153074633143,"Cs, F, Zr",Trigonal,-3m,Cs2ZrF6,(0001),3
Cs3AlF6 (111),13.08159979625823,"Al, Cs, F",Cubic,m-3m,Cs3AlF6,(111),3
Cs3As (0001),10.858302369527362,"As, Cs",Hexagonal,6mm,Cs3As,(0001),2
Cs3As2Cl9 (0001),7.451914131354656,"As, Cl, Cs",Trigonal,-3m,Cs3As2Cl9,(0001),3
Cs3As5O9 (0001),8.549490463105464,"As, Cs, O",Trigonal,3m,Cs3As5O9,(0001),3
Cs3AuO (0001),7.85221848453646,"Au, Cs, O",Hexagonal,6/mmm,Cs3AuO,(0001),3
Cs3Bi (111),13.283973368659082,"Bi, Cs",Cubic,m-3m,Cs3Bi,(111),2
Cs3Bi2Br9 (0001),8.01402739357748,"Bi, Br, Cs",Trigonal,-3m,Cs3Bi2Br9,(0001),3
Cs3Bi2Cl9 (0001),7.688919278023425,"Bi, Cl, Cs",Trigonal,32,Cs3Bi2Cl9,(0001),3
Cs3BiF6 (111),14.248016237510907,"Bi, Cs, F",Cubic,m-3m,Cs3BiF6,(111),3
Cs3BiO3 (111),13.1165842794444,"Bi, Cs, O",Cubic,23,Cs3BiO3,(111),3
Cs3BiSe3 (111),15.175629247952331,"Bi, Cs, Se",Cubic,23,Cs3BiSe3,(111),3
Cs3CeF6 (111),14.34480705018725,"Ce, Cs, F",Cubic,m-3m,Cs3CeF6,(111),3
Cs3CoF6 (111),13.084102240506153,"Co, Cs, F",Cubic,m-3m,Cs3CoF6,(111),3
Cs3Cr2Br9 (0001),7.6232742793424535,"Br, Cr, Cs",Hexagonal,6/mmm,Cs3Cr2Br9,(0001),3
Cs3Cr2Cl9 (0001),7.285982859294833,"Cl, Cr, Cs",Hexagonal,6/mmm,Cs3Cr2Cl9,(0001),3
Cs3Cr2I9 (0001),8.18169021003708,"Cr, Cs, I",Hexagonal,6/mmm,Cs3Cr2I9,(0001),3
Cs3Er2Br9 (0001),13.66538506726753,"Br, Cs, Er",Trigonal,-3m,Cs3Er2Br9,(0001),3
Cs3Er2I9 (0001),8.482263542062508,"Cs, Er, I",Hexagonal,6/mmm,Cs3Er2I9,(0001),3
Cs3Fe2F9 (0001),6.318146068243022,"Cs, F, Fe",Hexagonal,6/mmm,Cs3Fe2F9,(0001),3
Cs3FeF6 (111),13.376860598236265,"Cs, F, Fe",Cubic,m-3m,Cs3FeF6,(111),3
Cs3Ga2F9 (0001),11.113597915368564,"Cs, F, Ga",Hexagonal,6mm,Cs3Ga2F9,(0001),3
Cs3GaF6 (111),13.298747502068082,"Cs, F, Ga",Cubic,m-3m,Cs3GaF6,(111),3
Cs3Ho2Br9 (0001),13.667814808167147,"Br, Cs, Ho",Trigonal,-3m,Cs3Ho2Br9,(0001),3
Cs3In2Cl9 (0001),12.838869266154967,"Cl, Cs, In",Trigonal,-3m,Cs3In2Cl9,(0001),3
Cs3InF6 (111),13.742831434445414,"Cs, F, In",Cubic,m-3m,Cs3InF6,(111),3
Cs3Mo2Cl9 (0001),7.387629968807728,"Cl, Cs, Mo",Hexagonal,6/mmm,Cs3Mo2Cl9,(0001),3
Cs3Nb2I9 (0001),8.425727340047608,"Cs, I, Nb",Hexagonal,6/mmm,Cs3Nb2I9,(0001),3
Cs3O (0001),8.906708289822419,"Cs, O",Hexagonal,6/mmm,Cs3O,(0001),2
Cs3P6N11 (111),15.081944260390994,"Cs, N, P",Cubic,432,Cs3P6N11,(111),3
Cs3Ru2Cl9 (0001),7.324023089701337,"Cl, Cs, Ru",Hexagonal,6/mmm,Cs3Ru2Cl9,(0001),3
Cs3Sb (111),13.075197237996887,"Cs, Sb",Cubic,m-3m,Cs3Sb,(111),2
Cs3Sb2Br9 (0001),7.985470999796347,"Br, Cs, Sb",Trigonal,-3m,Cs3Sb2Br9,(0001),3
Cs3Sb2Cl9 (0001),7.621228203881016,"Cl, Cs, Sb",Trigonal,-3m,Cs3Sb2Cl9,(0001),3
Cs3Sb2I9 (0001),8.479164364905577,"Cs, I, Sb",Hexagonal,6/mmm,Cs3Sb2I9,(0001),3
Cs3SbO3 (111),13.013918059954634,"Cs, O, Sb",Cubic,23,Cs3SbO3,(111),3
Cs3SbS3 (111),14.678232207847849,"Cs, S, Sb",Cubic,23,Cs3SbS3,(111),3
Cs3SbSe3 (111),15.185536761479842,"Cs, Sb, Se",Cubic,23,Cs3SbSe3,(111),3
Cs3Sc2Br9 (0001),7.75457919442148,"Br, Cs, Sc",Hexagonal,6/mmm,Cs3Sc2Br9,(0001),3
Cs3Sc2Cl9 (0001),12.794699973560975,"Cl, Cs, Sc",Trigonal,-3m,Cs3Sc2Cl9,(0001),3
Cs3Tb2Br9 (0001),13.736305471288306,"Br, Cs, Tb",Trigonal,-3m,Cs3Tb2Br9,(0001),3
Cs3TbF6 (111),14.060824792708342,"Cs, F, Tb",Cubic,m-3m,Cs3TbF6,(111),3
Cs3Te13Mo12 (0001),10.50698000330742,"Cs, Mo, Te",Trigonal,-3,Cs3Te13Mo12,(0001),3
Cs3Ti2Cl9 (0001),12.77283157742385,"Cl, Cs, Ti",Hexagonal,6/mmm,Cs3Ti2Cl9,(0001),3
Cs3TiF6 (111),9.50458954,"Cs, F, Ti",Cubic,m-3m,Cs3TiF6,(111),3
Cs3Tl2Cl9 (0001),12.933475348315756,"Cl, Cs, Tl",Trigonal,-3m,Cs3Tl2Cl9,(0001),3
Cs3TlF6 (111),13.949587422139816,"Cs, F, Tl",Cubic,m-3m,Cs3TlF6,(111),3
Cs3Tm2I9 (0001),8.47196607769223,"Cs, I, Tm",Hexagonal,6/mmm,Cs3Tm2I9,(0001),3
Cs3V2Cl9 (0001),7.312032363447317,"Cl, Cs, V",Hexagonal,6/mmm,Cs3V2Cl9,(0001),3
Cs3VSe4 (111),12.17319701779118,"Cs, Se, V",Cubic,-43m,Cs3VSe4,(111),3
Cs3Y2Br9 (0001),13.71362181208974,"Br, Cs, Y",Trigonal,-3m,Cs3Y2Br9,(0001),3
Cs3Y2Cl9 (0001),13.121133484384025,"Cl, Cs, Y",Trigonal,-3m,Cs3Y2Cl9,(0001),3
Cs3YF6 (111),14.016540759754431,"Cs, F, Y",Cubic,m-3m,Cs3YF6,(111),3
Cs3Zr2I9 (0001),8.445313604666973,"Cs, I, Zr",Hexagonal,6/mmm,Cs3Zr2I9,(0001),3
Cs4Au6S5 (0001),10.39863475568248,"Au, Cs, S",Trigonal,3m,Cs4Au6S5,(0001),3
Cs4PbBr6 (0001),13.845971242443238,"Br, Cs, Pb",Trigonal,-3m,Cs4PbBr6,(0001),3
Cs4PbCl6 (0001),13.251297625774503,"Cl, Cs, Pb",Trigonal,-3m,Cs4PbCl6,(0001),3
Cs4PbI6 (0001),14.756018836491469,"Cs, I, Pb",Trigonal,-3m,Cs4PbI6,(0001),3
Cs4Sn2Au7 (0001),6.931078071951508,"Au, Cs, Sn",Trigonal,-3m,Cs4Sn2Au7,(0001),3
Cs8Ga11Cl (0001),10.166808172341305,"Cl, Cs, Ga",Trigonal,-3m,Cs8Ga11Cl,(0001),3
Cs8Tl8O (0001),9.081734614662832,"Cs, O, Tl",Trigonal,-3,Cs8Tl8O,(0001),3
CsAcTe2 (111),11.955629085912706,"Ac, Cs, Te",Cubic,m-3m,CsAcTe2,(111),3
CsAlF4 (0001),9.436214920270888,"Al, Cs, F",Hexagonal,-6m2,CsAlF4,(0001),3
CsAlO2 (111),11.488980791906258,"Al, Cs, O",Cubic,m-3m,CsAlO2,(111),3
CsAsF6 (0001),7.711719652824057,"As, Cs, F",Trigonal,-3,CsAsF6,(0001),3
CsAu (111),6.056870721580743,"Au, Cs",Cubic,m-3m,CsAu,(111),2
CsAu3S2 (0001),6.333056179004627,"Au, Cs, S",Trigonal,-3m,CsAu3S2,(0001),3
CsAu3Se2 (0001),6.436280192397368,"Au, Cs, Se",Trigonal,-3m,CsAu3Se2,(0001),3
CsBH4 (111),10.368973845359992,"B, Cs, H",Cubic,-43m,CsBH4,(111),3
CsBO2 (0001),13.685485702693327,"B, Cs, O",Trigonal,-3m,CsBO2,(0001),3
CsBe2F5 (111),11.152352996484073,"Be, Cs, F",Cubic,432,CsBe2F5,(111),3
CsBi2 (111),13.801559755459364,"Bi, Cs",Cubic,m-3m,CsBi2,(111),2
CsBiF6 (0001),7.90624529045024,"Bi, Cs, F",Trigonal,-3,CsBiF6,(0001),3
CsBr (111),6.117353609226416,"Br, Cs",Cubic,m-3m,CsBr,(111),2
CsBrF6 (0001),7.8362453534778425,"Br, Cs, F",Trigonal,-3,CsBrF6,(0001),3
CsBrO3 (0001),6.487495564417428,"Br, Cs, O",Trigonal,3m,CsBrO3,(0001),3
CsC8 (0001),4.951196464759167,"C, Cs",Hexagonal,6/mmm,CsC8,(0001),2
CsCaBr3 (111),8.073272498420506,"Br, Ca, Cs",Cubic,m-3m,CsCaBr3,(111),3
CsCaF3 (111),6.392996291754417,"Ca, Cs, F",Cubic,m-3m,CsCaF3,(111),3
CsCdBr3 (0001),7.75054812400327,"Br, Cd, Cs",Hexagonal,6/mmm,CsCdBr3,(0001),3
CsCdCl3 (0001),7.466464064151673,"Cd, Cl, Cs",Hexagonal,6/mmm,CsCdCl3,(0001),3
CsCdF3 (111),6.34530851545645,"Cd, Cs, F",Cubic,m-3m,CsCdF3,(111),3
CsCeS2 (0001),4.291256316157876,"Ce, Cs, S",Trigonal,-3m,CsCeS2,(0001),3
CsCl (111),5.860074390810881,"Cl, Cs",Cubic,m-3m,CsCl,(111),2
CsCoCl3 (0001),7.2558365038306585,"Cl, Co, Cs",Hexagonal,6/mmm,CsCoCl3,(0001),3
CsCrF4 (0001),9.840308251958625,"Cr, Cs, F",Hexagonal,-6m2,CsCrF4,(0001),3
CsCu2F6 (111),10.285542000000001,"Cs, Cu, F",Cubic,m-3m,CsCu2F6,(111),3
CsCu3O2 (0001),5.109521114554128,"Cs, Cu, O",Trigonal,-3m,CsCu3O2,(0001),3
CsCu3S2 (0001),5.35939106278423,"Cs, Cu, S",Trigonal,-3m,CsCu3S2,(0001),3
CsCuCl3 (0001),7.283517814634306,"Cl, Cs, Cu",Hexagonal,622,CsCuCl3,(0001),3
CsDyO2 (0001),3.529457728795642,"Cs, Dy, O",Hexagonal,6/mmm,CsDyO2,(0001),3
CsDyS2 (0001),4.075463723997997,"Cs, Dy, S",Hexagonal,6/mmm,CsDyS2,(0001),3
CsErS2 (0001),4.041662458378783,"Cs, Er, S",Trigonal,-3m,CsErS2,(0001),3
CsEuF3 (111),6.745635548843108,"Cs, Eu, F",Cubic,m-3m,CsEuF3,(111),3
CsF (111),8.502646576547601,"Cs, F",Cubic,m-3m,CsF,(111),2
CsFeCl3 (0001),7.500080082092456,"Cl, Cs, Fe",Hexagonal,6/mmm,CsFeCl3,(0001),3
CsFeO2 (111),12.16400490305088,"Cs, Fe, O",Cubic,m-3m,CsFeO2,(111),3
CsGa7 (0001),6.640634374912051,"Cs, Ga",Trigonal,-3m,CsGa7,(0001),2
CsGa9Au5 (0001),7.8283897355452625,"Au, Cs, Ga",Hexagonal,6/mmm,CsGa9Au5,(0001),3
CsGdO2 (0001),3.5910458913211643,"Cs, Gd, O",Hexagonal,6/mmm,CsGdO2,(0001),3
CsGdS2 (0001),4.134965697224747,"Cs, Gd, S",Trigonal,-3m,CsGdS2,(0001),3
CsGeBr3 (0001),7.938565663203196,"Br, Cs, Ge",Trigonal,3m,CsGeBr3,(0001),3
CsGeCl3 (0001),7.693632781449086,"Cl, Cs, Ge",Trigonal,3m,CsGeCl3,(0001),3
CsGeI3 (0001),8.706732698398406,"Cs, Ge, I",Trigonal,3m,CsGeI3,(0001),3
CsH (111),9.02623056349417,"Cs, H",Cubic,m-3m,CsH,(111),2
CsHgCl3 (0001),13.387161992325556,"Cl, Cs, Hg",Trigonal,3,CsHgCl3,(0001),3
CsHgF3 (111),6.498947319227643,"Cs, F, Hg",Cubic,m-3m,CsHgF3,(111),3
CsHoO2 (0001),3.511468860567293,"Cs, Ho, O",Hexagonal,6/mmm,CsHoO2,(0001),3
CsHoS2 (0001),4.057412630374864,"Cs, Ho, S",Hexagonal,6/mmm,CsHoS2,(0001),3
CsI (111),11.04523773738777,"Cs, I",Cubic,m-3m,CsI,(111),2
CsICl2 (0001),6.367449288211168,"Cl, Cs, I",Trigonal,-3m,CsICl2,(0001),3
CsInCl3 (111),15.5850674794938,"Cl, Cs, In",Cubic,m-3m,CsInCl3,(111),3
CsInF3 (111),13.273396875434408,"Cs, F, In",Cubic,m-3m,CsInF3,(111),3
CsK2Bi (111),12.456612826169815,"Bi, Cs, K",Cubic,m-3m,CsK2Bi,(111),3
CsK2Sb (111),12.19625800678209,"Cs, K, Sb",Cubic,m-3m,CsK2Sb,(111),3
CsLaO2 (0001),3.765588503404068,"Cs, La, O",Hexagonal,6/mmm,CsLaO2,(0001),3
CsLaS2 (0001),4.3319612173956825,"Cs, La, S",Trigonal,-3m,CsLaS2,(0001),3
CsLuS2 (0001),3.989211863758989,"Cs, Lu, S",Hexagonal,6/mmm,CsLuS2,(0001),3
CsMgBr3 (0001),7.648346794435024,"Br, Cs, Mg",Hexagonal,6/mmm,CsMgBr3,(0001),3
CsMgCl3 (0001),7.292912703477013,"Cl, Cs, Mg",Hexagonal,6/mmm,CsMgCl3,(0001),3
CsMgI3 (0001),8.297215217345048,"Cs, I, Mg",Hexagonal,6/mmm,CsMgI3,(0001),3
CsMnBr3 (0001),7.659430328738886,"Br, Cs, Mn",Hexagonal,6/mmm,CsMnBr3,(0001),3
CsMnCl3 (0001),7.307200750774658,"Cl, Cs, Mn",Trigonal,-3m,CsMnCl3,(0001),3
CsMnF3 (0001),6.218677234777398,"Cs, F, Mn",Hexagonal,6/mmm,CsMnF3,(0001),3
CsMo3Cl7 (0001),9.901576645125306,"Cl, Cs, Mo",Trigonal,3m,CsMo3Cl7,(0001),3
CsMoF7 (111),14.932445043564627,"Cs, F, Mo",Cubic,m-3,CsMoF7,(111),3
CsNO2 (0001),5.906212013453092,"Cs, N, O",Trigonal,32,CsNO2,(0001),3
CsNO3 (0001),7.680832795714938,"Cs, N, O",Trigonal,3,CsNO3,(0001),3
CsNbF6 (0001),7.8462805613358615,"Cs, F, Nb",Trigonal,-3,CsNbF6,(0001),3
CsNdO2 (0001),3.681817907811,"Cs, Nd, O",Hexagonal,6/mmm,CsNdO2,(0001),3
CsNdS2 (0001),4.230059233292435,"Cs, Nd, S",Hexagonal,6/mmm,CsNdS2,(0001),3
CsNdTe2 (0001),4.6750223803333535,"Cs, Nd, Te",Trigonal,-3m,CsNdTe2,(0001),3
CsNiBr3 (0001),7.5560906479665615,"Br, Cs, Ni",Hexagonal,6/mmm,CsNiBr3,(0001),3
CsNiCl3 (0001),7.20877713861724,"Cl, Cs, Ni",Hexagonal,6/mmm,CsNiCl3,(0001),3
CsNiF3 (0001),6.200897027667807,"Cs, F, Ni",Hexagonal,6/mmm,CsNiF3,(0001),3
CsPF6 (0001),5.6222770760310095,"Cs, F, P",Trigonal,-3m,CsPF6,(0001),3
CsPaO3 (111),6.264771103688967,"Cs, O, Pa",Cubic,m-3m,CsPaO3,(111),3
CsPbF3 (0001),6.893993504863486,"Cs, F, Pb",Trigonal,3m,CsPbF3,(0001),3
CsPrS2 (0001),4.263569884397961,"Cs, Pr, S",Hexagonal,6/mmm,CsPrS2,(0001),3
CsPt2Se3 (0001),7.4429815208747,"Cs, Pt, Se",Trigonal,-3m,CsPt2Se3,(0001),3
CsRb14Tl27 (0001),10.647765264266205,"Cs, Rb, Tl",Hexagonal,-6m2,CsRb14Tl27,(0001),3
CsReF6 (0001),7.814289802169842,"Cs, F, Re",Trigonal,-3,CsReF6,(0001),3
CsRuF6 (0001),7.9674382153494046,"Cs, F, Ru",Trigonal,-3m,CsRuF6,(0001),3
CsSO3 (0001),6.331062829799132,"Cs, O, S",Hexagonal,6mm,CsSO3,(0001),3
CsSbF6 (0001),7.827034616325771,"Cs, F, Sb",Trigonal,-3,CsSbF6,(0001),3
CsScI3 (0001),8.49756409751498,"Cs, I, Sc",Hexagonal,6/mmm,CsScI3,(0001),3
CsScO2 (111),12.780346222723974,"Cs, O, Sc",Cubic,m-3m,CsScO2,(111),3
CsSmO2 (0001),3.6264632313694776,"Cs, O, Sm",Hexagonal,6/mmm,CsSmO2,(0001),3
CsSmS2 (0001),4.172887316821705,"Cs, S, Sm",Trigonal,-3m,CsSmS2,(0001),3
CsSnI3 (111),8.890068893769497,"Cs, I, Sn",Cubic,m-3m,CsSnI3,(111),3
CsTaS3 (0001),7.427572515669166,"Cs, S, Ta",Hexagonal,6mm,CsTaS3,(0001),3
CsTaTe3 (0001),8.259004497464865,"Cs, Ta, Te",Hexagonal,6mm,CsTaTe3,(0001),3
CsTbS2 (0001),4.097881019909397,"Cs, S, Tb",Hexagonal,6/mmm,CsTbS2,(0001),3
CsTe7Mo6 (0001),10.48756598725829,"Cs, Mo, Te",Trigonal,-3,CsTe7Mo6,(0001),3
CsTi8F33 (0001),8.934000036883871,"Cs, F, Ti",Trigonal,3m,CsTi8F33,(0001),3
CsTiBr3 (0001),7.626528255578191,"Br, Cs, Ti",Hexagonal,6/mmm,CsTiBr3,(0001),3
CsTlF3 (111),13.519805995861203,"Cs, F, Tl",Cubic,m-3m,CsTlF3,(111),3
CsTmS2 (0001),4.018346544122219,"Cs, S, Tm",Hexagonal,6/mmm,CsTmS2,(0001),3
CsU2O6 (111),11.108121934347096,"Cs, O, U",Cubic,m-3m,CsU2O6,(111),3
CsU6F25 (0001),8.220021622557137,"Cs, F, U",Hexagonal,6/mmm,CsU6F25,(0001),3
CsUF6 (0001),7.981561833850147,"Cs, F, U",Trigonal,-3,CsUF6,(0001),3
CsVBr3 (0001),7.627232880171298,"Br, Cs, V",Hexagonal,6/mmm,CsVBr3,(0001),3
CsVCl3 (0001),7.23789129981837,"Cl, Cs, V",Hexagonal,6/mmm,CsVCl3,(0001),3
CsVI3 (0001),8.231118714212224,"Cs, I, V",Hexagonal,6/mmm,CsVI3,(0001),3
CsVN2 (111),11.800016683197581,"Cs, N, V",Cubic,m-3m,CsVN2,(111),3
CsW3Br7 (0001),10.318217599061597,"Br, Cs, W",Trigonal,3m,CsW3Br7,(0001),3
CsW3Cl7 (0001),10.234576161979206,"Cl, Cs, W",Trigonal,3m,CsW3Cl7,(0001),3
CsWF7 (111),14.946088555770539,"Cs, F, W",Cubic,m-3,CsWF7,(111),3
CsXeF7 (111),12.04724596998684,"Cs, F, Xe",Cubic,23,CsXeF7,(111),3
CsYO2 (0001),3.5344121292134183,"Cs, O, Y",Hexagonal,6/mmm,CsYO2,(0001),3
CsYb3Se4 (0001),4.071711993372035,"Cs, Se, Yb",Hexagonal,6/mmm,CsYb3Se4,(0001),3
CsYbS2 (0001),4.007942591823086,"Cs, S, Yb",Trigonal,-3m,CsYbS2,(0001),3
CsYbSe2 (0001),4.169312639976402,"Cs, Se, Yb",Hexagonal,6/mmm,CsYbSe2,(0001),3
Cu (111),5.059250974183432,Cu,Cubic,m-3m,Cu,(111),1
Cu(IrS2)2 (111),13.952218605802857,"Cu, Ir, S",Cubic,m-3m,Cu(IrS2)2,(111),3
Cu(RhS2)2 (111),13.85937294622904,"Cu, Rh, S",Cubic,m-3m,Cu(RhS2)2,(111),3
Cu(RhSe2)2 (111),14.572123735694726,"Cu, Rh, Se",Cubic,m-3m,Cu(RhSe2)2,(111),3
Cu12Sb4S13 (111),14.56425922501795,"Cu, S, Sb",Cubic,-43m,Cu12Sb4S13,(111),3
Cu15Si4 (111),13.589601750214099,"Cu, Si",Cubic,-43m,Cu15Si4,(111),2
Cu2(SO4)3 (0001),8.008880978078908,"Cu, O, S",Trigonal,-3,Cu2(SO4)3,(0001),3
Cu2O (111),6.005739773664601,"Cu, O",Cubic,m-3m,Cu2O,(111),2
Cu2PdAu (111),8.553104155846043,"Au, Cu, Pd",Cubic,m-3m,Cu2PdAu,(111),3
Cu3AsF12 (111),10.732507082499414,"As, Cu, F",Cubic,m-3m,Cu3AsF12,(111),3
Cu3Au (111),5.282635748071743,"Au, Cu",Cubic,m-3m,Cu3Au,(111),2
Cu3B5Pt9 (0001),9.046205836747086,"B, Cu, Pt",Hexagonal,-6m2,Cu3B5Pt9,(0001),3
Cu3PF12 (111),10.598852530733847,"Cu, F, P",Cubic,m-3m,Cu3PF12,(111),3
Cu3Pt (111),5.208678502304356,"Cu, Pt",Cubic,m-3m,Cu3Pt,(111),2
Cu3SbF12 (111),10.951836034710738,"Cu, F, Sb",Cubic,m-3m,Cu3SbF12,(111),3
Cu4SnP10 (0001),7.256549465440315,"Cu, P, Sn",Trigonal,3m,Cu4SnP10,(0001),3
Cu6PbO8 (111),13.056045336886308,"Cu, O, Pb",Cubic,m-3m,Cu6PbO8,(111),3
CuBr (111),5.707385491143323,"Br, Cu",Cubic,-43m,CuBr,(111),2
CuGeRh2 (111),8.395678273708716,"Cu, Ge, Rh",Cubic,m-3m,CuGeRh2,(111),3
CuI (0001),4.128617935019291,"Cu, I",Trigonal,-3m,CuI,(0001),2
CuNi3N (111),5.2355988682799035,"Cu, N, Ni",Cubic,m-3m,CuNi3N,(111),3
CuPd (111),4.214946383343639,"Cu, Pd",Cubic,m-3m,CuPd,(111),2
CuPt (0001),2.724593941125847,"Cu, Pt",Trigonal,-3m,CuPt,(0001),2
CuPt7 (111),11.048969486160146,"Cu, Pt",Cubic,m-3m,CuPt7,(111),2
CuRhO2 (0001),3.085909045506548,"Cu, O, Rh",Trigonal,-3m,CuRhO2,(0001),3
CuSbRh2 (111),8.716498852301289,"Cu, Rh, Sb",Cubic,m-3m,CuSbRh2,(111),3
CuSiRh2 (111),8.264334150768539,"Cu, Rh, Si",Cubic,m-3m,CuSiRh2,(111),3
CuSnRh2 (111),8.713988040806779,"Cu, Rh, Sn",Cubic,m-3m,CuSnRh2,(111),3
Dy (0001),3.6406219815527576,Dy,Hexagonal,6/mmm,Dy,(0001),1
Dy(AlC)3 (0001),3.4160071051493826,"Al, C, Dy",Hexagonal,6/mmm,Dy(AlC)3,(0001),3
Dy(AlCl4)3 (0001),10.616272353792455,"Al, Cl, Dy",Trigonal,32,Dy(AlCl4)3,(0001),3
Dy(AlGe)2 (0001),4.229823369768464,"Al, Dy, Ge",Trigonal,-3m,Dy(AlGe)2,(0001),3
Dy(AlSi)2 (0001),4.169272492943854,"Al, Dy, Si",Trigonal,-3m,Dy(AlSi)2,(0001),3
Dy(ClO4)3 (0001),8.152098637112886,"Cl, Dy, O",Trigonal,3m,Dy(ClO4)3,(0001),3
Dy(Co2B)6 (0001),9.379076725916576,"B, Co, Dy",Trigonal,-3m,Dy(Co2B)6,(0001),3
Dy(CuS)3 (0001),6.648115271425955,"Cu, Dy, S",Trigonal,-3,Dy(CuS)3,(0001),3
Dy(InPt)4 (0001),4.564175674856871,"Dy, In, Pt",Hexagonal,6/mmm,Dy(InPt)4,(0001),3
Dy(MnGe)6 (0001),5.158757641128779,"Dy, Ge, Mn",Hexagonal,6/mmm,Dy(MnGe)6,(0001),3
Dy(Mo3S4)2 (0001),9.122578799665694,"Dy, Mo, S",Trigonal,-3,Dy(Mo3S4)2,(0001),3
Dy(ZnP)3 (0001),3.96784322311726,"Dy, P, Zn",Hexagonal,6/mmm,Dy(ZnP)3,(0001),3
Dy11(Mn2C3)6 (111),14.343530948721378,"C, Dy, Mn",Cubic,-43m,Dy11(Mn2C3)6,(111),3
Dy12(MnC3)5 (0001),10.447707179354332,"C, Dy, Mn",Hexagonal,-6m2,Dy12(MnC3)5,(0001),3
Dy12(OsC3)5 (0001),10.67909555348093,"C, Dy, Os",Hexagonal,-6m2,Dy12(OsC3)5,(0001),3
Dy12Ni6Pb (111),13.672204958602263,"Dy, Ni, Pb",Cubic,m-3,Dy12Ni6Pb,(111),3
Dy14Ag51 (0001),12.801202752596726,"Ag, Dy",Hexagonal,-6,Dy14Ag51,(0001),2
Dy14Au51 (0001),12.556296038446842,"Au, Dy",Hexagonal,-6,Dy14Au51,(0001),2
Dy2(B2Rh3)3 (0001),5.565034089405575,"B, Dy, Rh",Hexagonal,6/mmm,Dy2(B2Rh3)3,(0001),3
Dy2AgRu (111),9.845471214853688,"Ag, Dy, Ru",Cubic,m-3m,Dy2AgRu,(111),3
Dy2As7Rh12 (0001),9.887159677506737,"As, Dy, Rh",Trigonal,3,Dy2As7Rh12,(0001),3
Dy2C (0001),3.5917785937780167,"C, Dy",Trigonal,-3m,Dy2C,(0001),2
Dy2CdIn (111),10.548711847287692,"Cd, Dy, In",Cubic,m-3m,Dy2CdIn,(111),3
Dy2CdS4 (111),15.894201838550021,"Cd, Dy, S",Cubic,m-3m,Dy2CdS4,(111),3
Dy2Co12P7 (0001),9.028078090631805,"Co, Dy, P",Hexagonal,-6,Dy2Co12P7,(0001),3
Dy2Co17 (0001),8.304056237962744,"Co, Dy",Trigonal,-3m,Dy2Co17,(0001),2
Dy2Co2I (0001),3.976085425962688,"Co, Dy, I",Hexagonal,6/mmm,Dy2Co2I,(0001),3
Dy2CuRu (111),9.628730711046293,"Cu, Dy, Ru",Cubic,m-3m,Dy2CuRu,(111),3
Dy2Fe12P7 (0001),8.964967972187965,"Dy, Fe, P",Hexagonal,-6,Dy2Fe12P7,(0001),3
Dy2FeCo3 (0001),5.198252024543686,"Co, Dy, Fe",Trigonal,-3m,Dy2FeCo3,(0001),3
Dy2Ga3Cu (0001),4.331234225066772,"Cu, Dy, Ga",Trigonal,3m,Dy2Ga3Cu,(0001),3
Dy2In (0001),5.366890774875929,"Dy, In",Hexagonal,6/mmm,Dy2In,(0001),2
Dy2InAg (111),10.440163913592018,"Ag, Dy, In",Cubic,m-3m,Dy2InAg,(111),3
Dy2IrPd (111),9.72707744148396,"Dy, Ir, Pd",Cubic,m-3m,Dy2IrPd,(111),3
Dy2IrRh (111),9.63009879296226,"Dy, Ir, Rh",Cubic,m-3m,Dy2IrRh,(111),3
Dy2MgAl (111),10.361714320281457,"Al, Dy, Mg",Cubic,m-3m,Dy2MgAl,(111),3
Dy2MgIn (111),10.58133481260743,"Dy, In, Mg",Cubic,m-3m,Dy2MgIn,(111),3
Dy2Mn12P7 (0001),9.302710706642497,"Dy, Mn, P",Hexagonal,-6,Dy2Mn12P7,(0001),3
Dy2Mn2O7 (111),13.997272128251367,"Dy, Mn, O",Cubic,m-3m,Dy2Mn2O7,(111),3
Dy2Ni12As7 (0001),9.362145766226085,"As, Dy, Ni",Hexagonal,-6,Dy2Ni12As7,(0001),3
Dy2Ni12P7 (0001),8.964672030077477,"Dy, Ni, P",Hexagonal,-6,Dy2Ni12P7,(0001),3
Dy2Ni7 (0001),8.397641119272508,"Dy, Ni",Trigonal,-3m,Dy2Ni7,(0001),2
Dy2O3 (111),14.982691229336039,"Dy, O",Cubic,m-3,Dy2O3,(111),2
Dy2P7Rh12 (0001),9.519956089980674,"Dy, P, Rh",Trigonal,-3,Dy2P7Rh12,(0001),3
Dy2Pb2O7 (111),15.073822120775302,"Dy, O, Pb",Cubic,m-3m,Dy2Pb2O7,(111),3
Dy2PdRu (111),9.693481327527682,"Dy, Pd, Ru",Cubic,m-3m,Dy2PdRu,(111),3
Dy2Pt2O7 (111),14.409253497615644,"Dy, O, Pt",Cubic,m-3m,Dy2Pt2O7,(111),3
Dy2RuRh (111),9.578934497890318,"Dy, Rh, Ru",Cubic,m-3m,Dy2RuRh,(111),3
Dy2SO2 (0001),3.784864836516805,"Dy, O, S",Trigonal,-3m,Dy2SO2,(0001),3
Dy2SeO2 (0001),3.8237401841676237,"Dy, O, Se",Trigonal,-3m,Dy2SeO2,(0001),3
Dy2Si3Pd (0001),8.216049558862629,"Dy, Pd, Si",Hexagonal,6/mmm,Dy2Si3Pd,(0001),3
Dy2Si3Pd (0001),8.11477322453842,"Dy, Pd, Si",Hexagonal,6/mmm,Dy2Si3Pd,(0001),3
Dy2Si3Rh (0001),8.182117547604825,"Dy, Rh, Si",Hexagonal,6/mmm,Dy2Si3Rh,(0001),3
Dy2Sn2O7 (111),14.69874850098204,"Dy, O, Sn",Cubic,m-3m,Dy2Sn2O7,(111),3
Dy2TlAg (111),10.451781112321488,"Ag, Dy, Tl",Cubic,m-3m,Dy2TlAg,(111),3
Dy2TlCd (111),10.579908493376964,"Cd, Dy, Tl",Cubic,m-3m,Dy2TlCd,(111),3
Dy2TlHg (111),10.536115503656179,"Dy, Hg, Tl",Cubic,m-3m,Dy2TlHg,(111),3
Dy2Zn17 (0001),8.8566388403024,"Dy, Zn",Trigonal,-3m,Dy2Zn17,(0001),2
Dy2ZnRu (111),9.75615796210836,"Dy, Ru, Zn",Cubic,m-3m,Dy2ZnRu,(111),3
Dy3(Al3Os)4 (0001),8.775859945230902,"Al, Dy, Os",Hexagonal,6/mmm,Dy3(Al3Os)4,(0001),3
Dy3(Al3Ru)4 (0001),8.761624943859712,"Al, Dy, Ru",Hexagonal,6/mmm,Dy3(Al3Ru)4,(0001),3
Dy3(AlNi3)2 (111),12.511163546740148,"Al, Dy, Ni",Cubic,m-3m,Dy3(AlNi3)2,(111),3
Dy3(GaNi3)2 (111),12.595862798903458,"Dy, Ga, Ni",Cubic,m-3m,Dy3(GaNi3)2,(111),3
Dy3(In2Co)2 (0001),7.8371789493509505,"Co, Dy, In",Hexagonal,-6,Dy3(In2Co)2,(0001),3
Dy3(SiNi3)2 (111),12.303946379075567,"Dy, Ni, Si",Cubic,m-3m,Dy3(SiNi3)2,(111),3
Dy3AlC (111),6.887690274766462,"Al, C, Dy",Cubic,m-3m,Dy3AlC,(111),3
Dy3AlN (111),6.718830247997041,"Al, Dy, N",Cubic,m-3m,Dy3AlN,(111),3
Dy3AlNi8 (0001),5.0582199922358555,"Al, Dy, Ni",Hexagonal,6/mmm,Dy3AlNi8,(0001),3
Dy3Cu3Sb4 (111),13.489470577547145,"Cu, Dy, Sb",Cubic,-43m,Dy3Cu3Sb4,(111),3
Dy3InC (111),6.934110986423222,"C, Dy, In",Cubic,m-3m,Dy3InC,(111),3
Dy3InN (111),6.7770052098196,"Dy, In, N",Cubic,m-3m,Dy3InN,(111),3
Dy3Ni7B2 (0001),5.039616040240875,"B, Dy, Ni",Hexagonal,6/mmm,Dy3Ni7B2,(0001),3
Dy3PbC (111),6.9197670896645915,"C, Dy, Pb",Cubic,m-3m,Dy3PbC,(111),3
Dy3Pd4 (0001),13.155761721723952,"Dy, Pd",Trigonal,-3,Dy3Pd4,(0001),2
Dy3Sb5O12 (111),15.211144696347539,"Dy, O, Sb",Cubic,-43m,Dy3Sb5O12,(111),3
Dy3SnC (111),6.888209701265786,"C, Dy, Sn",Cubic,m-3m,Dy3SnC,(111),3
Dy4Ga12Pd (111),12.091375599104012,"Dy, Ga, Pd",Cubic,m-3m,Dy4Ga12Pd,(111),3
Dy4Ga12Pt (111),12.08456307781562,"Dy, Ga, Pt",Cubic,m-3m,Dy4Ga12Pt,(111),3
Dy4Ge6Ir7 (111),11.81275688798176,"Dy, Ge, Ir",Cubic,m-3m,Dy4Ge6Ir7,(111),3
Dy4Ge6Rh7 (111),11.80130631189421,"Dy, Ge, Rh",Cubic,m-3m,Dy4Ge6Rh7,(111),3
Dy5(CoB3)2 (0001),5.390130212305864,"B, Co, Dy",Trigonal,-3m,Dy5(CoB3)2,(0001),3
Dy5CuPb3 (0001),9.122910732676402,"Cu, Dy, Pb",Hexagonal,6/mmm,Dy5CuPb3,(0001),3
Dy5Ge3 (0001),8.463311120084457,"Dy, Ge",Hexagonal,6/mmm,Dy5Ge3,(0001),2
Dy5Ge3C (0001),8.460238232555593,"C, Dy, Ge",Hexagonal,6/mmm,Dy5Ge3C,(0001),3
Dy5NiPb3 (0001),9.089197405915442,"Dy, Ni, Pb",Hexagonal,6/mmm,Dy5NiPb3,(0001),3
Dy5P12Ir19 (0001),12.639182604584258,"Dy, Ir, P",Hexagonal,-6m2,Dy5P12Ir19,(0001),3
Dy5P12Ru19 (0001),12.437308294191459,"Dy, P, Ru",Hexagonal,-6m2,Dy5P12Ru19,(0001),3
Dy5Pb3 (0001),8.998833536441936,"Dy, Pb",Hexagonal,6/mmm,Dy5Pb3,(0001),2
Dy5Sb3 (0001),9.02359641789793,"Dy, Sb",Hexagonal,6/mmm,Dy5Sb3,(0001),2
Dy5Si3 (0001),8.421332491944046,"Dy, Si",Hexagonal,6/mmm,Dy5Si3,(0001),2
Dy5Sn3 (0001),8.927654911863456,"Dy, Sn",Hexagonal,6/mmm,Dy5Sn3,(0001),2
Dy5Tl3 (0001),8.955186186168117,"Dy, Tl",Hexagonal,6/mmm,Dy5Tl3,(0001),2
Dy6Al43Cr4 (0001),10.847295499537163,"Al, Cr, Dy",Hexagonal,6/mmm,Dy6Al43Cr4,(0001),3
Dy6Al43V4 (0001),11.001010377895971,"Al, Dy, V",Hexagonal,6/mmm,Dy6Al43V4,(0001),3
Dy6Al43W4 (0001),11.060293750011116,"Al, Dy, W",Hexagonal,6/mmm,Dy6Al43W4,(0001),3
Dy6CoTe2 (0001),8.317930966874169,"Co, Dy, Te",Hexagonal,-6m2,Dy6CoTe2,(0001),3
Dy6FeTe2 (0001),8.30389508180908,"Dy, Fe, Te",Hexagonal,-6m2,Dy6FeTe2,(0001),3
Dy6MnBi2 (0001),8.238090647495955,"Bi, Dy, Mn",Hexagonal,-6m2,Dy6MnBi2,(0001),3
Dy6Ta4Al43 (0001),11.02017127290366,"Al, Dy, Ta",Hexagonal,6/mmm,Dy6Ta4Al43,(0001),3
Dy6Ti4Al43 (0001),11.062778093345583,"Al, Dy, Ti",Hexagonal,6/mmm,Dy6Ti4Al43,(0001),3
Dy7Co6Sn23 (0001),9.664100891936986,"Co, Dy, Sn",Trigonal,-3m,Dy7Co6Sn23,(0001),3
Dy7Rh3 (0001),9.756672282309104,"Dy, Rh",Hexagonal,6mm,Dy7Rh3,(0001),2
Dy8Ga3Co (0001),10.026193693742627,"Co, Dy, Ga",Hexagonal,6mm,Dy8Ga3Co,(0001),3
Dy8In3Co (0001),10.388834363860791,"Co, Dy, In",Hexagonal,6mm,Dy8In3Co,(0001),3
DyAg (111),5.100651239615939,"Ag, Dy",Cubic,m-3m,DyAg,(111),2
DyAgGe (0001),7.115636452415161,"Ag, Dy, Ge",Hexagonal,-6m2,DyAgGe,(0001),3
DyAgHg2 (111),9.9412880869339,"Ag, Dy, Hg",Cubic,m-3m,DyAgHg2,(111),3
DyAgPb (0001),4.770116753729595,"Ag, Dy, Pb",Hexagonal,6mm,DyAgPb,(0001),3
DyAgSn (0001),4.694780243712437,"Ag, Dy, Sn",Hexagonal,6mm,DyAgSn,(0001),3
DyAl2 (111),11.067213467760725,"Al, Dy",Cubic,m-3m,DyAl2,(111),2
DyAl3 (0001),6.243043888119062,"Al, Dy",Hexagonal,6/mmm,DyAl3,(0001),2
DyAl3Ni2 (0001),8.950070670925601,"Al, Dy, Ni",Hexagonal,6/mmm,DyAl3Ni2,(0001),3
DyAl7Au3 (0001),8.042007708640222,"Al, Au, Dy",Trigonal,-3m,DyAl7Au3,(0001),3
DyAlCu (0001),6.993925030543422,"Al, Cu, Dy",Hexagonal,-6m2,DyAlCu,(0001),3
DyAlNi (0001),6.909510228494821,"Al, Dy, Ni",Hexagonal,-6m2,DyAlNi,(0001),3
DyAs (111),8.211667407379686,"As, Dy",Cubic,m-3m,DyAs,(111),2
DyAsPt (0001),4.260040031946328,"As, Dy, Pt",Hexagonal,6/mmm,DyAsPt,(0001),3
DyB12 (111),10.588393435339947,"B, Dy",Cubic,m-3m,DyB12,(111),2
DyB2 (0001),3.294544008415571,"B, Dy",Hexagonal,6/mmm,DyB2,(0001),2
DyB2Ir3 (0001),5.431051527323231,"B, Dy, Ir",Hexagonal,6/mmm,DyB2Ir3,(0001),3
DyB2Ru3 (0001),5.472512401464647,"B, Dy, Ru",Hexagonal,6/mmm,DyB2Ru3,(0001),3
DyBRh3 (111),5.901503805404872,"B, Dy, Rh",Cubic,m-3m,DyBRh3,(111),3
DyBe13 (111),14.424952500016706,"Be, Dy",Cubic,m-3m,DyBe13,(111),2
DyBi (111),8.922861526938092,"Bi, Dy",Cubic,m-3m,DyBi,(111),2
DyBiPd (111),9.442128512466628,"Bi, Dy, Pd",Cubic,-43m,DyBiPd,(111),3
DyBiPt (111),9.463192093917321,"Bi, Dy, Pt",Cubic,-43m,DyBiPt,(111),3
DyBiRh (0001),7.6105540123975555,"Bi, Dy, Rh",Hexagonal,-6m2,DyBiRh,(0001),3
DyBr3 (0001),9.972253228896182,"Br, Dy",Hexagonal,6/mmm,DyBr3,(0001),2
DyCd (111),5.265069900408457,"Cd, Dy",Cubic,m-3m,DyCd,(111),2
DyCd2 (0001),4.910293215807203,"Cd, Dy",Hexagonal,6/mmm,DyCd2,(0001),2
DyCdAg2 (111),9.794260448724089,"Ag, Cd, Dy",Cubic,m-3m,DyCdAg2,(111),3
DyCdAu (0001),7.666799044078773,"Au, Cd, Dy",Hexagonal,-6m2,DyCdAu,(0001),3
DyCdAu2 (111),9.779641082259511,"Au, Cd, Dy",Cubic,m-3m,DyCdAu2,(111),3
DyCdCu (0001),7.403628886104072,"Cd, Cu, Dy",Hexagonal,-6m2,DyCdCu,(0001),3
DyCdGa (0001),7.197930780840519,"Cd, Dy, Ga",Hexagonal,-6m2,DyCdGa,(0001),3
DyCdHg2 (111),10.090936319443331,"Cd, Dy, Hg",Cubic,m-3m,DyCdHg2,(111),3
DyCdNi4 (111),9.839646871890025,"Cd, Dy, Ni",Cubic,-43m,DyCdNi4,(111),3
DyCdPd2 (111),9.514669069797907,"Cd, Dy, Pd",Cubic,m-3m,DyCdPd2,(111),3
DyCo2 (111),10.101423416182174,"Co, Dy",Cubic,m-3m,DyCo2,(111),2
DyCo3 (0001),5.01066838937528,"Co, Dy",Trigonal,-3m,DyCo3,(0001),2
DyCo3B2 (0001),5.022953732134226,"B, Co, Dy",Hexagonal,6/mmm,DyCo3B2,(0001),3
DyCu (111),4.8593475574285305,"Cu, Dy",Cubic,m-3m,DyCu,(111),2
DyCu4Ag (111),10.005673412052127,"Ag, Cu, Dy",Cubic,-43m,DyCu4Ag,(111),3
DyCu4Pd (111),9.884943310737114,"Cu, Dy, Pd",Cubic,-43m,DyCu4Pd,(111),3
DyCu5 (0001),4.972356856287214,"Cu, Dy",Hexagonal,6/mmm,DyCu5,(0001),2
DyCuGe (0001),4.232086664455821,"Cu, Dy, Ge",Hexagonal,6mm,DyCuGe,(0001),3
DyCuPb (0001),4.568037207646178,"Cu, Dy, Pb",Hexagonal,6mm,DyCuPb,(0001),3
DyCuSe2 (0001),4.074556841694095,"Cu, Dy, Se",Trigonal,3m,DyCuSe2,(0001),3
DyCuSi (0001),4.106785486311804,"Cu, Dy, Si",Hexagonal,6/mmm,DyCuSi,(0001),3
DyCuSn (0001),4.50265235776685,"Cu, Dy, Sn",Hexagonal,6mm,DyCuSn,(0001),3
DyErTl2 (111),10.614496140746093,"Dy, Er, Tl",Cubic,m-3m,DyErTl2,(111),3
DyFe2 (111),10.334495573267777,"Dy, Fe",Cubic,m-3m,DyFe2,(111),2
DyFe3 (0001),5.163938857143107,"Dy, Fe",Trigonal,-3m,DyFe3,(0001),2
DyGa2 (0001),4.165752984904721,"Dy, Ga",Hexagonal,6/mmm,DyGa2,(0001),2
DyGa2Co3 (0001),8.947679839842506,"Co, Dy, Ga",Hexagonal,6/mmm,DyGa2Co3,(0001),3
DyGa2Ni3 (0001),8.699274431250982,"Dy, Ga, Ni",Hexagonal,-6m2,DyGa2Ni3,(0001),3
DyGa3 (0001),6.253391530053594,"Dy, Ga",Hexagonal,6/mmm,DyGa3,(0001),2
DyGa3Ru (111),9.018699862132399,"Dy, Ga, Ru",Cubic,m-3m,DyGa3Ru,(111),3
DyGaRh2 (111),9.05364297208043,"Dy, Ga, Rh",Cubic,m-3m,DyGaRh2,(111),3
DyGeAu (0001),4.421878835276045,"Au, Dy, Ge",Hexagonal,6mm,DyGeAu,(0001),3
DyH2 (111),7.324376321818133,"Dy, H",Cubic,m-3m,DyH2,(111),2
DyH3 (0001),6.3107523756241,"Dy, H",Trigonal,-3m,DyH3,(0001),2
DyHSe (0001),3.8268599555144114,"Dy, H, Se",Hexagonal,-6m2,DyHSe,(0001),3
DyHg (111),5.222981278446636,"Dy, Hg",Cubic,m-3m,DyHg,(111),2
DyHg3 (0001),6.602869672995453,"Dy, Hg",Hexagonal,6/mmm,DyHg3,(0001),2
DyHo (0001),3.5884149886263903,"Dy, Ho",Hexagonal,-6m2,DyHo,(0001),2
DyHoHg2 (111),10.417177540907646,"Dy, Hg, Ho",Cubic,m-3m,DyHoHg2,(111),3
DyHoIn2 (111),10.552609702708306,"Dy, Ho, In",Cubic,m-3m,DyHoIn2,(111),3
DyI3 (0001),11.021959693256743,"Dy, I",Hexagonal,6/mmm,DyI3,(0001),2
DyIn (111),5.2931840417643645,"Dy, In",Cubic,m-3m,DyIn,(111),2
DyIn3 (111),6.521458770713497,"Dy, In",Cubic,m-3m,DyIn3,(111),2
DyInAg2 (111),9.80967303705488,"Ag, Dy, In",Cubic,m-3m,DyInAg2,(111),3
DyInAu (0001),7.663420972933128,"Au, Dy, In",Hexagonal,-6m2,DyInAu,(0001),3
DyInAu2 (111),9.806322885439897,"Au, Dy, In",Cubic,m-3m,DyInAu2,(111),3
DyInCu (0001),7.419373537651278,"Cu, Dy, In",Hexagonal,-6m2,DyInCu,(0001),3
DyInCu4 (111),10.130958280415776,"Cu, Dy, In",Cubic,-43m,DyInCu4,(111),3
DyInIr (0001),7.438095592120227,"Dy, In, Ir",Hexagonal,-6m2,DyInIr,(0001),3
DyInNi (0001),7.412604193476229,"Dy, In, Ni",Hexagonal,-6m2,DyInNi,(0001),3
DyInPd2 (111),9.540358831172988,"Dy, In, Pd",Cubic,m-3m,DyInPd2,(111),3
DyInPt (0001),7.6260380750023655,"Dy, In, Pt",Hexagonal,-6m2,DyInPt,(0001),3
DyInPt2 (0001),4.546609033100491,"Dy, In, Pt",Hexagonal,6/mmm,DyInPt2,(0001),3
DyInRh (0001),7.453069998027501,"Dy, In, Rh",Hexagonal,-6m2,DyInRh,(0001),3
DyInRh2 (111),9.321506108228224,"Dy, In, Rh",Cubic,m-3m,DyInRh2,(111),3
DyIr2 (111),10.656814644199851,"Dy, Ir",Cubic,m-3m,DyIr2,(111),2
DyLuAg2 (111),10.099264623112147,"Ag, Dy, Lu",Cubic,m-3m,DyLuAg2,(111),3
DyLuCu2 (111),9.613268011082289,"Cu, Dy, Lu",Cubic,m-3m,DyLuCu2,(111),3
DyLuHg2 (111),10.327559789125285,"Dy, Hg, Lu",Cubic,m-3m,DyLuHg2,(111),3
DyMg (111),5.349798602768607,"Dy, Mg",Cubic,m-3m,DyMg,(111),2
DyMg2Cu9 (0001),4.946932441032739,"Cu, Dy, Mg",Hexagonal,6/mmm,DyMg2Cu9,(0001),3
DyMg3 (111),10.287000743196536,"Dy, Mg",Cubic,m-3m,DyMg3,(111),2
DyMgAg (0001),7.544348044538454,"Ag, Dy, Mg",Hexagonal,-6m2,DyMgAg,(0001),3
DyMgAg2 (111),9.814547389420305,"Ag, Dy, Mg",Cubic,m-3m,DyMgAg2,(111),3
DyMgAu (0001),7.561184932361244,"Au, Dy, Mg",Hexagonal,-6m2,DyMgAu,(0001),3
DyMgAu2 (111),9.725887578761121,"Au, Dy, Mg",Cubic,m-3m,DyMgAu2,(111),3
DyMgCd2 (111),10.108963582565613,"Cd, Dy, Mg",Cubic,m-3m,DyMgCd2,(111),3
DyMgGa (0001),7.232058498322324,"Dy, Ga, Mg",Hexagonal,-6m2,DyMgGa,(0001),3
DyMgHg2 (111),10.055519575231125,"Dy, Hg, Mg",Cubic,m-3m,DyMgHg2,(111),3
DyMgIn (0001),7.494591183726902,"Dy, In, Mg",Hexagonal,-6m2,DyMgIn,(0001),3
DyMgPd (0001),7.399681364600987,"Dy, Mg, Pd",Hexagonal,-6m2,DyMgPd,(0001),3
DyMgRh2 (111),9.215603875845387,"Dy, Mg, Rh",Cubic,m-3m,DyMgRh2,(111),3
DyMgTl (0001),7.5012300375448016,"Dy, Mg, Tl",Hexagonal,-6m2,DyMgTl,(0001),3
DyMgZn2 (111),9.569644868410345,"Dy, Mg, Zn",Cubic,m-3m,DyMgZn2,(111),3
DyMnO3 (0001),6.136066626851899,"Dy, Mn, O",Hexagonal,6mm,DyMnO3,(0001),3
DyN (111),6.914138745328494,"Dy, N",Cubic,m-3m,DyN,(111),2
DyNbRu2 (111),9.233258988665023,"Dy, Nb, Ru",Cubic,m-3m,DyNbRu2,(111),3
DyNi2 (111),10.021963202775874,"Dy, Ni",Cubic,m-3m,DyNi2,(111),2
DyNi3 (0001),4.954443408666018,"Dy, Ni",Trigonal,-3m,DyNi3,(0001),2
DyNi4Au (111),9.756114127255023,"Au, Dy, Ni",Cubic,-43m,DyNi4Au,(111),3
DyNi4B (0001),4.980632,"B, Dy, Ni",Hexagonal,6/mmm,DyNi4B,(0001),3
DyNi5 (0001),4.826320561675494,"Dy, Ni",Hexagonal,6/mmm,DyNi5,(0001),2
DyNiAs (0001),4.030994203152153,"As, Dy, Ni",Hexagonal,6/mmm,DyNiAs,(0001),3
DyNiBi (111),9.098642427662181,"Bi, Dy, Ni",Cubic,-43m,DyNiBi,(111),3
DyNiP (0001),3.873162346949366,"Dy, Ni, P",Hexagonal,6/mmm,DyNiP,(0001),3
DyNiSb (111),8.925424445671355,"Dy, Ni, Sb",Cubic,-43m,DyNiSb,(111),3
DyOF (0001),3.7879831631560124,"Dy, F, O",Trigonal,-3m,DyOF,(0001),3
DyOs2 (0001),5.26806115265479,"Dy, Os",Hexagonal,6/mmm,DyOs2,(0001),2
DyP (111),8.010319562339989,"Dy, P",Cubic,m-3m,DyP,(111),2
DyPPt (0001),4.107212191598082,"Dy, P, Pt",Hexagonal,-6m2,DyPPt,(0001),3
DyPaRu2 (111),9.636935440734026,"Dy, Pa, Ru",Cubic,m-3m,DyPaRu2,(111),3
DyPb3 (111),6.857017962497578,"Dy, Pb",Cubic,m-3m,DyPb3,(111),2
DyPbAu (111),9.5884884438851,"Au, Dy, Pb",Cubic,-43m,DyPbAu,(111),3
DyPd (111),4.927983075134302,"Dy, Pd",Cubic,m-3m,DyPd,(111),2
DyPd3 (111),5.782767113530537,"Dy, Pd",Cubic,m-3m,DyPd3,(111),2
DyPdPb (0001),7.742100296896222,"Dy, Pb, Pd",Hexagonal,-6m2,DyPdPb,(0001),3
DyPt3 (111),5.790146225340559,"Dy, Pt",Cubic,m-3m,DyPt3,(111),2
DyRe2 (0001),5.407524638977507,"Dy, Re",Hexagonal,6/mmm,DyRe2,(0001),2
DyRh (111),4.812237996487675,"Dy, Rh",Cubic,m-3m,DyRh,(111),2
DyRh2 (111),10.588521387875735,"Dy, Rh",Cubic,m-3m,DyRh2,(111),2
DyRh3C (111),5.8658789313826905,"C, Dy, Rh",Cubic,m-3m,DyRh3C,(111),3
DyRu2 (0001),5.2641171069915895,"Dy, Ru",Hexagonal,6/mmm,DyRu2,(0001),2
DyRu3C (111),5.847296617721451,"C, Dy, Ru",Cubic,m-3m,DyRu3C,(111),3
DyS (111),7.782874386201148,"Dy, S",Cubic,m-3m,DyS,(111),2
DySb (111),8.754651925834745,"Dy, Sb",Cubic,m-3m,DySb,(111),2
DySbPd (111),9.280605835780731,"Dy, Pd, Sb",Cubic,-43m,DySbPd,(111),3
DySbPt (111),9.292278685039284,"Dy, Pt, Sb",Cubic,-43m,DySbPt,(111),3
DySe (111),8.116912976919055,"Dy, Se",Cubic,m-3m,DySe,(111),2
DySi2Rh3 (0001),5.483426710237635,"Dy, Rh, Si",Hexagonal,6/mmm,DySi2Rh3,(0001),3
DySi3Rh5 (0001),15.651550039576351,"Dy, Rh, Si",Hexagonal,6/m,DySi3Rh5,(0001),3
DySiAg (0001),7.018883480364186,"Ag, Dy, Si",Hexagonal,-6m2,DySiAg,(0001),3
DySnAu (0001),4.662190491300735,"Au, Dy, Sn",Hexagonal,6mm,DySnAu,(0001),3
DySnAu2 (111),9.870273805447676,"Au, Dy, Sn",Cubic,m-3m,DySnAu2,(111),3
DySnPd2 (111),9.541658317402035,"Dy, Pd, Sn",Cubic,m-3m,DySnPd2,(111),3
DySnPt (0001),7.467036889461071,"Dy, Pt, Sn",Hexagonal,-6m2,DySnPt,(0001),3
DySnRh (0001),7.568682185167122,"Dy, Rh, Sn",Hexagonal,-6m2,DySnRh,(0001),3
DySnRh2 (111),9.335477774549148,"Dy, Rh, Sn",Cubic,m-3m,DySnRh2,(111),3
DyTaRu2 (111),9.204446301236588,"Dy, Ru, Ta",Cubic,m-3m,DyTaRu2,(111),3
DyTc2 (0001),5.34242171428151,"Dy, Tc",Hexagonal,6/mmm,DyTc2,(0001),2
DyTe (111),8.684131555305287,"Dy, Te",Cubic,m-3m,DyTe,(111),2
DyThFe6 (0001),5.146884496012122,"Dy, Fe, Th",Trigonal,3m,DyThFe6,(0001),3
DyTl (111),5.321591674860872,"Dy, Tl",Cubic,m-3m,DyTl,(111),2
DyTl3 (111),6.670781960377753,"Dy, Tl",Cubic,m-3m,DyTl3,(111),2
DyTlPd (0001),7.787591312938234,"Dy, Pd, Tl",Hexagonal,-6m2,DyTlPd,(0001),3
DyTlS2 (0001),4.012314027525279,"Dy, S, Tl",Trigonal,-3m,DyTlS2,(0001),3
DyTlSe2 (0001),4.164398249826891,"Dy, Se, Tl",Trigonal,-3m,DyTlSe2,(0001),3
DyTlTe2 (0001),4.441852276256357,"Dy, Te, Tl",Trigonal,-3m,DyTlTe2,(0001),3
DyTmHg2 (111),10.368835422136504,"Dy, Hg, Tm",Cubic,m-3m,DyTmHg2,(111),3
DyUN2 (0001),3.4350119654593656,"Dy, N, U",Trigonal,-3m,DyUN2,(0001),3
DyY3 (0001),7.267746848251271,"Dy, Y",Hexagonal,6/mmm,DyY3,(0001),2
DyYHg2 (111),10.459759907250499,"Dy, Hg, Y",Cubic,m-3m,DyYHg2,(111),3
DyZn (111),5.013396355853591,"Dy, Zn",Cubic,m-3m,DyZn,(111),2
DyZn5 (0001),5.228748247115186,"Dy, Zn",Hexagonal,6/mmm,DyZn5,(0001),2
DyZnGa (0001),4.3542925737220965,"Dy, Ga, Zn",Hexagonal,6/mmm,DyZnGa,(0001),3
DyZnNi (0001),6.948097421279557,"Dy, Ni, Zn",Hexagonal,-6m2,DyZnNi,(0001),3
DyZnPd (0001),7.218102818330661,"Dy, Pd, Zn",Hexagonal,-6m2,DyZnPd,(0001),3
DyZnRh2 (111),9.046578551072308,"Dy, Rh, Zn",Cubic,m-3m,DyZnRh2,(111),3
DyZnSi (0001),4.0749411593970235,"Dy, Si, Zn",Hexagonal,-6m2,DyZnSi,(0001),3
DyZnSn (0001),4.45166917286634,"Dy, Sn, Zn",Hexagonal,6/mmm,DyZnSn,(0001),3
Er (0001),3.5482443391742273,Er,Trigonal,-3m,Er,(0001),1
Er(Al3Ni)3 (0001),7.2237452448332,"Al, Er, Ni",Trigonal,32,Er(Al3Ni)3,(0001),3
Er(AlC)3 (0001),3.4022906638438695,"Al, C, Er",Hexagonal,6/mmm,Er(AlC)3,(0001),3
Er(AlGe)2 (0001),4.222238508845734,"Al, Er, Ge",Trigonal,-3m,Er(AlGe)2,(0001),3
Er(ClO4)3 (0001),9.180721044817599,"Cl, Er, O",Hexagonal,6/m,Er(ClO4)3,(0001),3
Er(Co2B)6 (0001),9.384036207322625,"B, Co, Er",Trigonal,-3m,Er(Co2B)6,(0001),3
Er(CuS)3 (0001),6.632588868435551,"Cu, Er, S",Trigonal,-3,Er(CuS)3,(0001),3
Er(MnGe)6 (0001),5.146942657127641,"Er, Ge, Mn",Hexagonal,6/mmm,Er(MnGe)6,(0001),3
Er(MnSn)6 (0001),5.670782110219649,"Er, Mn, Sn",Hexagonal,6/mmm,Er(MnSn)6,(0001),3
Er(Mo3S4)2 (0001),9.11749372544211,"Er, Mo, S",Trigonal,-3,Er(Mo3S4)2,(0001),3
Er(ReO4)2 (0001),6.065721201216714,"Er, O, Re",Trigonal,-3m,Er(ReO4)2,(0001),3
Er(ReO4)3 (0001),8.949752190765869,"Er, O, Re",Trigonal,3m,Er(ReO4)3,(0001),3
Er(ZnP)3 (0001),3.955041953214232,"Er, P, Zn",Hexagonal,6/mmm,Er(ZnP)3,(0001),3
Er10Mn13C18 (111),14.165620054147718,"C, Er, Mn",Cubic,-43m,Er10Mn13C18,(111),3
Er12(MnC3)5 (0001),10.38434781657821,"C, Er, Mn",Hexagonal,-6m2,Er12(MnC3)5,(0001),3
Er14Ag51 (0001),12.724774397145632,"Ag, Er",Hexagonal,-6,Er14Ag51,(0001),2
Er15Si9C (0001),14.52181407229904,"C, Er, Si",Hexagonal,6mm,Er15Si9C,(0001),3
Er2(B2Rh3)3 (0001),5.551664234192449,"B, Er, Rh",Hexagonal,6/mmm,Er2(B2Rh3)3,(0001),3
Er2AgRu (111),9.752252649067357,"Ag, Er, Ru",Cubic,m-3m,Er2AgRu,(111),3
Er2Al3Co (0001),5.4283950590368,"Al, Co, Er",Hexagonal,6/mmm,Er2Al3Co,(0001),3
Er2As7Rh12 (0001),9.995845507822988,"As, Er, Rh",Trigonal,3,Er2As7Rh12,(0001),3
Er2As7Rh12 (0001),9.890122189700362,"As, Er, Rh",Trigonal,-3,Er2As7Rh12,(0001),3
Er2C (0001),3.551448984531073,"C, Er",Trigonal,-3m,Er2C,(0001),2
Er2CdIn (111),10.449661347612846,"Cd, Er, In",Cubic,m-3m,Er2CdIn,(111),3
Er2CdS4 (111),15.773310143103902,"Cd, Er, S",Cubic,m-3m,Er2CdS4,(111),3
Er2Co12P7 (0001),8.910593372553743,"Co, Er, P",Hexagonal,-6,Er2Co12P7,(0001),3
Er2Co17 (0001),8.220539711022534,"Co, Er",Hexagonal,6/mmm,Er2Co17,(0001),2
Er2CuOs (111),9.541150643017412,"Cu, Er, Os",Cubic,m-3m,Er2CuOs,(111),3
Er2CuRu (111),9.536431638633944,"Cu, Er, Ru",Cubic,m-3m,Er2CuRu,(111),3
Er2Fe12P7 (0001),8.94753198859082,"Er, Fe, P",Hexagonal,-6,Er2Fe12P7,(0001),3
Er2Ga3Co (0001),8.672534189390671,"Co, Er, Ga",Hexagonal,6/mmm,Er2Ga3Co,(0001),3
Er2Ga3Cu (0001),4.308843600551634,"Cu, Er, Ga",Trigonal,3m,Er2Ga3Cu,(0001),3
Er2GeRh3 (0001),5.543361469363529,"Er, Ge, Rh",Trigonal,-3m,Er2GeRh3,(0001),3
Er2In (0001),5.30839313181807,"Er, In",Hexagonal,6/mmm,Er2In,(0001),2
Er2InAg (111),10.336900726273303,"Ag, Er, In",Cubic,m-3m,Er2InAg,(111),3
Er2IrPd (111),9.636559853896133,"Er, Ir, Pd",Cubic,m-3m,Er2IrPd,(111),3
Er2IrRh (111),9.533409160342472,"Er, Ir, Rh",Cubic,m-3m,Er2IrRh,(111),3
Er2IrRu (111),9.496115591951387,"Er, Ir, Ru",Cubic,m-3m,Er2IrRu,(111),3
Er2MgAl (111),10.25491925647738,"Al, Er, Mg",Cubic,m-3m,Er2MgAl,(111),3
Er2MgIn (111),10.482437443977117,"Er, In, Mg",Cubic,m-3m,Er2MgIn,(111),3
Er2MgS4 (111),15.617686089035901,"Er, Mg, S",Cubic,m-3m,Er2MgS4,(111),3
Er2Mn12P7 (0001),9.283510436228367,"Er, Mn, P",Hexagonal,-6,Er2Mn12P7,(0001),3
Er2Mn2O7 (111),13.903339487711435,"Er, Mn, O",Cubic,m-3m,Er2Mn2O7,(111),3
Er2Ni12As7 (0001),9.274230123486339,"As, Er, Ni",Hexagonal,-6,Er2Ni12As7,(0001),3
Er2Ni12P7 (0001),8.953806990847994,"Er, Ni, P",Hexagonal,-6,Er2Ni12P7,(0001),3
Er2Ni7 (0001),4.912024187061986,"Er, Ni",Trigonal,-3m,Er2Ni7,(0001),2
Er2NiRu (111),9.437678284085328,"Er, Ni, Ru",Cubic,m-3m,Er2NiRu,(111),3
Er2O3 (111),14.784915357906055,"Er, O",Cubic,m-3,Er2O3,(111),2
Er2P7Rh12 (0001),9.514627069208167,"Er, P, Rh",Trigonal,-3,Er2P7Rh12,(0001),3
Er2PdRu (111),9.600390352088947,"Er, Pd, Ru",Cubic,m-3m,Er2PdRu,(111),3
Er2Pt2O7 (111),14.320187911376578,"Er, O, Pt",Cubic,m-3m,Er2Pt2O7,(111),3
Er2RuPt (111),9.586138190650061,"Er, Pt, Ru",Cubic,m-3m,Er2RuPt,(111),3
Er2RuRh (111),9.483737843310024,"Er, Rh, Ru",Cubic,m-3m,Er2RuRh,(111),3
Er2SO2 (0001),3.738036123615899,"Er, O, S",Trigonal,-3m,Er2SO2,(0001),3
Er2Si3Pd (0001),8.188047750841738,"Er, Pd, Si",Hexagonal,6/mmm,Er2Si3Pd,(0001),3
Er2Si3Pd (0001),8.083808325818023,"Er, Pd, Si",Hexagonal,6/mmm,Er2Si3Pd,(0001),3
Er2Si3Rh (0001),8.099103260386249,"Er, Rh, Si",Hexagonal,6/mmm,Er2Si3Rh,(0001),3
Er2Sn2O7 (111),14.618969489521652,"Er, O, Sn",Cubic,m-3m,Er2Sn2O7,(111),3
Er2TlAg (111),10.348946488280715,"Ag, Er, Tl",Cubic,m-3m,Er2TlAg,(111),3
Er2TlCd (111),10.480428270769055,"Cd, Er, Tl",Cubic,m-3m,Er2TlCd,(111),3
Er2TlIn (111),10.539726415144985,"Er, In, Tl",Cubic,m-3m,Er2TlIn,(111),3
Er2Zn17 (0001),8.833221865722543,"Er, Zn",Trigonal,-3m,Er2Zn17,(0001),2
Er2ZnRu (111),9.666569202103105,"Er, Ru, Zn",Cubic,m-3m,Er2ZnRu,(111),3
Er3(Al3Os)4 (0001),8.753604029491411,"Al, Er, Os",Hexagonal,6/mmm,Er3(Al3Os)4,(0001),3
Er3(Al3Ru)4 (0001),8.736832562191214,"Al, Er, Ru",Hexagonal,6/mmm,Er3(Al3Ru)4,(0001),3
Er3(AlNi3)2 (111),12.440040096867794,"Al, Er, Ni",Cubic,m-3m,Er3(AlNi3)2,(111),3
Er3(GaNi3)2 (111),12.465763636446507,"Er, Ga, Ni",Cubic,m-3m,Er3(GaNi3)2,(111),3
Er3(In2Co)2 (0001),7.816281432588977,"Co, Er, In",Hexagonal,-6,Er3(In2Co)2,(0001),3
Er3(SiNi3)2 (111),12.33904727283075,"Er, Ni, Si",Cubic,m-3m,Er3(SiNi3)2,(111),3
Er3AlC (111),6.795668713481458,"Al, C, Er",Cubic,m-3m,Er3AlC,(111),3
Er3AlN (111),6.627721434287328,"Al, Er, N",Cubic,m-3m,Er3AlN,(111),3
Er3Cu3Sb4 (111),13.422671981837542,"Cu, Er, Sb",Cubic,-43m,Er3Cu3Sb4,(111),3
Er3InN (111),6.689917981075072,"Er, In, N",Cubic,m-3m,Er3InN,(111),3
Er3Ni7B2 (0001),5.006630723451813,"B, Er, Ni",Hexagonal,6/mmm,Er3Ni7B2,(0001),3
Er3Pd4 (0001),13.016513965146695,"Er, Pd",Trigonal,-3,Er3Pd4,(0001),2
Er3Sb4Au3 (111),14.013255513364767,"Au, Er, Sb",Cubic,-43m,Er3Sb4Au3,(111),3
Er3Sb5O12 (111),15.1084466116183,"Er, O, Sb",Cubic,-43m,Er3Sb5O12,(111),3
Er3Tm (0001),7.089671705244369,"Er, Tm",Hexagonal,6/mmm,Er3Tm,(0001),2
Er4Ga12Pd (111),12.028803267488476,"Er, Ga, Pd",Cubic,m-3m,Er4Ga12Pd,(111),3
Er4Ga12Pt (111),12.021998948638744,"Er, Ga, Pt",Cubic,m-3m,Er4Ga12Pt,(111),3
Er4Ge6Ir7 (111),11.755496625349208,"Er, Ge, Ir",Cubic,m-3m,Er4Ge6Ir7,(111),3
Er4Ge6Rh7 (111),11.739808018910752,"Er, Ge, Rh",Cubic,m-3m,Er4Ge6Rh7,(111),3
Er5Co19P12 (0001),11.841619955055862,"Co, Er, P",Hexagonal,-6m2,Er5Co19P12,(0001),3
Er5CuPb3 (0001),9.03179862590786,"Cu, Er, Pb",Hexagonal,6/mmm,Er5CuPb3,(0001),3
Er5Ge3 (0001),8.363528129699475,"Er, Ge",Hexagonal,6/mmm,Er5Ge3,(0001),2
Er5Ge3C (0001),8.365587140379116,"C, Er, Ge",Hexagonal,6/mmm,Er5Ge3C,(0001),3
Er5In3 (0001),8.938000805168699,"Er, In",Hexagonal,6/mmm,Er5In3,(0001),2
Er5NiPb3 (0001),9.013657460666444,"Er, Ni, Pb",Hexagonal,6/mmm,Er5NiPb3,(0001),3
Er5P12Ir19 (0001),12.623182947164736,"Er, Ir, P",Hexagonal,-6m2,Er5P12Ir19,(0001),3
Er5P12Ru19 (0001),12.510062437413533,"Er, P, Ru",Hexagonal,-6m2,Er5P12Ru19,(0001),3
Er5Pb3 (0001),8.997797220221482,"Er, Pb",Hexagonal,6/mmm,Er5Pb3,(0001),2
Er5Si3 (0001),8.32205938801718,"Er, Si",Hexagonal,6/mmm,Er5Si3,(0001),2
Er5Sn3 (0001),8.834429784834178,"Er, Sn",Hexagonal,6/mmm,Er5Sn3,(0001),2
Er5Tl3 (0001),8.872937873579577,"Er, Tl",Hexagonal,6/mmm,Er5Tl3,(0001),2
Er6Al41Cr6 (0001),10.84593367803828,"Al, Cr, Er",Trigonal,-3m,Er6Al41Cr6,(0001),3
Er6Al43Cr4 (0001),10.82104957563956,"Al, Cr, Er",Hexagonal,6/mmm,Er6Al43Cr4,(0001),3
Er6Al43V4 (0001),10.993167672612016,"Al, Er, V",Hexagonal,6/mmm,Er6Al43V4,(0001),3
Er6Al43W4 (0001),11.049823873843055,"Al, Er, W",Hexagonal,6/mmm,Er6Al43W4,(0001),3
Er6Co30P19 (0001),14.685073878362953,"Co, Er, P",Hexagonal,-6,Er6Co30P19,(0001),3
Er6CoTe2 (0001),8.223143953498289,"Co, Er, Te",Hexagonal,-6m2,Er6CoTe2,(0001),3
Er6FeBi2 (0001),8.232468568752363,"Bi, Er, Fe",Hexagonal,-6m2,Er6FeBi2,(0001),3
Er6FeSb2 (0001),8.1163137677195,"Er, Fe, Sb",Hexagonal,-6m2,Er6FeSb2,(0001),3
Er6MnBi2 (0001),8.146101689160407,"Bi, Er, Mn",Hexagonal,-6m2,Er6MnBi2,(0001),3
Er6MnSb2 (0001),8.035932114206393,"Er, Mn, Sb",Hexagonal,-6m2,Er6MnSb2,(0001),3
Er6MnTe2 (0001),8.161665038716421,"Er, Mn, Te",Hexagonal,-6m2,Er6MnTe2,(0001),3
Er6Ni20As13 (0001),13.072210048839521,"As, Er, Ni",Hexagonal,-6,Er6Ni20As13,(0001),3
Er6Ni20P13 (0001),12.527631058054173,"Er, Ni, P",Hexagonal,-6,Er6Ni20P13,(0001),3
Er6Ta4Al43 (0001),10.999845529524285,"Al, Er, Ta",Hexagonal,6/mmm,Er6Ta4Al43,(0001),3
Er6Ti4Al43 (0001),11.080126176178814,"Al, Er, Ti",Hexagonal,6/mmm,Er6Ti4Al43,(0001),3
Er7Co6Sn23 (0001),9.630476677529096,"Co, Er, Sn",Trigonal,-3m,Er7Co6Sn23,(0001),3
Er7CoI12 (0001),15.3954000550962,"Co, Er, I",Trigonal,-3,Er7CoI12,(0001),3
Er7FeI12 (0001),15.436679131387152,"Er, Fe, I",Trigonal,-3,Er7FeI12,(0001),3
Er7IrI12 (0001),15.522921529714242,"Er, I, Ir",Trigonal,-3,Er7IrI12,(0001),3
Er7Rh3 (0001),9.65101532604449,"Er, Rh",Hexagonal,6mm,Er7Rh3,(0001),2
Er8Ga3Co (0001),9.844866284221977,"Co, Er, Ga",Hexagonal,6mm,Er8Ga3Co,(0001),3
Er8In3Co (0001),10.298247834384643,"Co, Er, In",Hexagonal,6mm,Er8In3Co,(0001),3
ErAg (111),5.0543718644626034,"Ag, Er",Cubic,m-3m,ErAg,(111),2
ErAgGe (0001),7.069370565216802,"Ag, Er, Ge",Hexagonal,-6m2,ErAgGe,(0001),3
ErAgHg2 (111),9.88979917328085,"Ag, Er, Hg",Cubic,m-3m,ErAgHg2,(111),3
ErAgPb (0001),7.456117754073383,"Ag, Er, Pb",Hexagonal,-6m2,ErAgPb,(0001),3
ErAgSn (0001),4.672779281209764,"Ag, Er, Sn",Hexagonal,6mm,ErAgSn,(0001),3
ErAl2 (111),10.994889819044293,"Al, Er",Cubic,m-3m,ErAl2,(111),2
ErAl3 (0001),6.173864266374226,"Al, Er",Hexagonal,6/mmm,ErAl3,(0001),2
ErAl3Ni2 (0001),8.911964650449185,"Al, Er, Ni",Hexagonal,6/mmm,ErAl3Ni2,(0001),3
ErAl7Au3 (0001),8.027033286595485,"Al, Au, Er",Trigonal,-3m,ErAl7Au3,(0001),3
ErAlAg2 (111),9.528126759055812,"Ag, Al, Er",Cubic,m-3m,ErAlAg2,(111),3
ErAlCu (0001),6.933145228396361,"Al, Cu, Er",Hexagonal,-6m2,ErAlCu,(0001),3
ErAlNi (0001),6.85189057924456,"Al, Er, Ni",Hexagonal,-6m2,ErAlNi,(0001),3
ErAs (111),8.129662519884123,"As, Er",Cubic,m-3m,ErAs,(111),2
ErB12 (111),10.56010950350374,"B, Er",Cubic,m-3m,ErB12,(111),2
ErB2 (0001),3.2702434028510696,"B, Er",Hexagonal,6/mmm,ErB2,(0001),2
ErB2Ir3 (0001),5.415991283787383,"B, Er, Ir",Hexagonal,6/mmm,ErB2Ir3,(0001),3
ErB2Ru3 (0001),5.457099577980776,"B, Er, Ru",Hexagonal,6/mmm,ErB2Ru3,(0001),3
ErBRh3 (111),5.881645164003587,"B, Er, Rh",Cubic,m-3m,ErBRh3,(111),3
ErBe13 (111),14.378827880760582,"Be, Er",Cubic,m-3m,ErBe13,(111),2
ErBi (111),8.854379370343537,"Bi, Er",Cubic,m-3m,ErBi,(111),2
ErBiPd (111),9.393205915596674,"Bi, Er, Pd",Cubic,-43m,ErBiPd,(111),3
ErBiPt (111),9.412510826891666,"Bi, Er, Pt",Cubic,-43m,ErBiPt,(111),3
ErBiRh (0001),7.577739356665272,"Bi, Er, Rh",Hexagonal,-6m2,ErBiRh,(0001),3
ErCd (111),5.212690216058875,"Cd, Er",Cubic,m-3m,ErCd,(111),2
ErCd2 (0001),4.8851969287730785,"Cd, Er",Hexagonal,6/mmm,ErCd2,(0001),2
ErCdAg2 (111),9.736744779122171,"Ag, Cd, Er",Cubic,m-3m,ErCdAg2,(111),3
ErCdAu (0001),7.638888734402882,"Au, Cd, Er",Hexagonal,-6m2,ErCdAu,(0001),3
ErCdAu2 (111),9.723055163554127,"Au, Cd, Er",Cubic,m-3m,ErCdAu2,(111),3
ErCdCu4 (111),10.057805523807113,"Cd, Cu, Er",Cubic,-43m,ErCdCu4,(111),3
ErCdGa (0001),7.146332164454628,"Cd, Er, Ga",Hexagonal,-6m2,ErCdGa,(0001),3
ErCdHg2 (111),10.041706498819089,"Cd, Er, Hg",Cubic,m-3m,ErCdHg2,(111),3
ErCdNi4 (111),9.800931708935325,"Cd, Er, Ni",Cubic,-43m,ErCdNi4,(111),3
ErCdPd2 (111),9.46037893848905,"Cd, Er, Pd",Cubic,m-3m,ErCdPd2,(111),3
ErCdRh2 (111),9.25964037427699,"Cd, Er, Rh",Cubic,m-3m,ErCdRh2,(111),3
ErCl3 (0001),9.630102784287999,"Cl, Er",Hexagonal,6/mmm,ErCl3,(0001),2
ErCo2 (111),10.034791532053566,"Co, Er",Cubic,m-3m,ErCo2,(111),2
ErCo3 (0001),4.974809065106355,"Co, Er",Trigonal,-3m,ErCo3,(0001),2
ErCo3B2 (0001),4.951747255293978,"B, Co, Er",Hexagonal,6/mmm,ErCo3B2,(0001),3
ErCu (111),4.807997660968662,"Cu, Er",Cubic,m-3m,ErCu,(111),2
ErCu4Ag (111),9.95346670016336,"Ag, Cu, Er",Cubic,-43m,ErCu4Ag,(111),3
ErCu4Au (111),9.928771929211372,"Au, Cu, Er",Cubic,-43m,ErCu4Au,(111),3
ErCu4Pd (111),9.84729234479869,"Cu, Er, Pd",Cubic,-43m,ErCu4Pd,(111),3
ErCuGe (0001),4.211184112317821,"Cu, Er, Ge",Hexagonal,6mm,ErCuGe,(0001),3
ErCuPb (0001),4.548010366610456,"Cu, Er, Pb",Hexagonal,6mm,ErCuPb,(0001),3
ErCuSi (0001),4.090733456217206,"Cu, Er, Si",Hexagonal,6/mmm,ErCuSi,(0001),3
ErCuSn (0001),4.478731862470923,"Cu, Er, Sn",Hexagonal,6mm,ErCuSn,(0001),3
ErFe2 (111),10.264017476711587,"Er, Fe",Cubic,m-3m,ErFe2,(111),2
ErFe3 (0001),5.137159487753565,"Er, Fe",Trigonal,-3m,ErFe3,(0001),2
ErFe4B (0001),5.035716514297364,"B, Er, Fe",Hexagonal,6/mmm,ErFe4B,(0001),3
ErGa2 (0001),4.145882850381913,"Er, Ga",Hexagonal,6/mmm,ErGa2,(0001),2
ErGa2Co3 (0001),8.927532214298639,"Co, Er, Ga",Hexagonal,6/mmm,ErGa2Co3,(0001),3
ErGa2Ni3 (0001),8.66760798255699,"Er, Ga, Ni",Hexagonal,-6m2,ErGa2Ni3,(0001),3
ErGa3 (0001),6.194992645533928,"Er, Ga",Hexagonal,6/mmm,ErGa3,(0001),2
ErGa3Os (111),8.983642653434154,"Er, Ga, Os",Cubic,m-3m,ErGa3Os,(111),3
ErGa3Ru (111),8.975206841250328,"Er, Ga, Ru",Cubic,m-3m,ErGa3Ru,(111),3
ErGaRh2 (111),8.999389101207314,"Er, Ga, Rh",Cubic,m-3m,ErGaRh2,(111),3
ErGeRh2 (0001),5.515321320437156,"Er, Ge, Rh",Hexagonal,6/mmm,ErGeRh2,(0001),3
ErH2 (111),7.207198799518779,"Er, H",Cubic,m-3m,ErH2,(111),2
ErH3 (0001),6.215022534130381,"Er, H",Trigonal,-3m,ErH3,(0001),2
ErHCl (0001),3.697239411744642,"Cl, Er, H",Trigonal,-3m,ErHCl,(0001),3
ErHSe (0001),3.7870595258456206,"Er, H, Se",Hexagonal,-6m2,ErHSe,(0001),3
ErHfRu2 (111),9.274166497167176,"Er, Hf, Ru",Cubic,m-3m,ErHfRu2,(111),3
ErHg (111),5.175743929168284,"Er, Hg",Cubic,m-3m,ErHg,(111),2
ErHg3 (0001),6.563783704973796,"Er, Hg",Hexagonal,6/mmm,ErHg3,(0001),2
ErI3 (0001),11.034015759966785,"Er, I",Hexagonal,6/mmm,ErI3,(0001),2
ErIn (111),5.249489410596842,"Er, In",Cubic,m-3m,ErIn,(111),2
ErIn3 (111),6.497009903215734,"Er, In",Cubic,m-3m,ErIn3,(111),2
ErInAg2 (111),9.75735101048755,"Ag, Er, In",Cubic,m-3m,ErInAg2,(111),3
ErInAu (0001),7.625155410189194,"Au, Er, In",Hexagonal,-6m2,ErInAu,(0001),3
ErInAu2 (111),9.757004214509633,"Au, Er, In",Cubic,m-3m,ErInAu2,(111),3
ErInCu (0001),7.365498745311972,"Cu, Er, In",Hexagonal,-6m2,ErInCu,(0001),3
ErInCu4 (111),10.09172084027492,"Cu, Er, In",Cubic,-43m,ErInCu4,(111),3
ErInNi (0001),7.376627096088702,"Er, In, Ni",Hexagonal,-6m2,ErInNi,(0001),3
ErInNi4 (111),9.826190703956705,"Er, In, Ni",Cubic,-43m,ErInNi4,(111),3
ErInPd (0001),7.6627709782928966,"Er, In, Pd",Hexagonal,-6m2,ErInPd,(0001),3
ErInPd2 (111),9.488384240002361,"Er, In, Pd",Cubic,m-3m,ErInPd2,(111),3
ErInPt (0001),7.593790833558618,"Er, In, Pt",Hexagonal,-6m2,ErInPt,(0001),3
ErInRh (0001),7.423820528910527,"Er, In, Rh",Hexagonal,-6m2,ErInRh,(0001),3
ErInRh2 (111),9.270761297950228,"Er, In, Rh",Cubic,m-3m,ErInRh2,(111),3
ErIr (111),4.768630438449187,"Er, Ir",Cubic,m-3m,ErIr,(111),2
ErIr2 (111),10.613710677954312,"Er, Ir",Cubic,m-3m,ErIr2,(111),2
ErLuCu2 (111),9.560389095203053,"Cu, Er, Lu",Cubic,m-3m,ErLuCu2,(111),3
ErLuHg2 (111),10.279901046631753,"Er, Hg, Lu",Cubic,m-3m,ErLuHg2,(111),3
ErLuRu2 (111),9.405971257748892,"Er, Lu, Ru",Cubic,m-3m,ErLuRu2,(111),3
ErMg (111),5.318194267193577,"Er, Mg",Cubic,m-3m,ErMg,(111),2
ErMg3 (111),10.254394290820793,"Er, Mg",Cubic,m-3m,ErMg3,(111),2
ErMgAg (0001),7.495162781797818,"Ag, Er, Mg",Hexagonal,-6m2,ErMgAg,(0001),3
ErMgAg2 (111),9.75294352067685,"Ag, Er, Mg",Cubic,m-3m,ErMgAg2,(111),3
ErMgAu (0001),7.517650846510761,"Au, Er, Mg",Hexagonal,-6m2,ErMgAu,(0001),3
ErMgAu2 (111),9.667647152992759,"Au, Er, Mg",Cubic,m-3m,ErMgAu2,(111),3
ErMgCd2 (111),10.052205252610621,"Cd, Er, Mg",Cubic,m-3m,ErMgCd2,(111),3
ErMgGa (0001),7.178872166167887,"Er, Ga, Mg",Hexagonal,-6m2,ErMgGa,(0001),3
ErMgHg2 (111),9.997261726351676,"Er, Hg, Mg",Cubic,m-3m,ErMgHg2,(111),3
ErMgIn (0001),7.438147467108114,"Er, In, Mg",Hexagonal,-6m2,ErMgIn,(0001),3
ErMgPd (0001),7.333416107459271,"Er, Mg, Pd",Hexagonal,-6m2,ErMgPd,(0001),3
ErMgRh2 (111),9.16297211734796,"Er, Mg, Rh",Cubic,m-3m,ErMgRh2,(111),3
ErMgTl (0001),7.449938203679303,"Er, Mg, Tl",Hexagonal,-6m2,ErMgTl,(0001),3
ErMgZn2 (111),9.500157343601787,"Er, Mg, Zn",Cubic,m-3m,ErMgZn2,(111),3
ErMn2 (0001),5.459348333389544,"Er, Mn",Hexagonal,6/mmm,ErMn2,(0001),2
ErMnO3 (0001),6.079462599165674,"Er, Mn, O",Hexagonal,6mm,ErMnO3,(0001),3
ErN (111),6.813113598900505,"Er, N",Cubic,m-3m,ErN,(111),2
ErNbRu2 (111),9.187855600957713,"Er, Nb, Ru",Cubic,m-3m,ErNbRu2,(111),3
ErNi2 (111),9.962336164570475,"Er, Ni",Cubic,m-3m,ErNi2,(111),2
ErNi3 (0001),4.892022412460371,"Er, Ni",Trigonal,-3m,ErNi3,(0001),2
ErNi4Au (111),9.714633613076108,"Au, Er, Ni",Cubic,-43m,ErNi4Au,(111),3
ErNi4B (0001),4.907762316080038,"B, Er, Ni",Hexagonal,6/mmm,ErNi4B,(0001),3
ErNi5 (0001),4.803375279526068,"Er, Ni",Hexagonal,6/mmm,ErNi5,(0001),2
ErNiAs (0001),4.010623167001299,"As, Er, Ni",Hexagonal,6/mmm,ErNiAs,(0001),3
ErNiBi (111),9.043521162771812,"Bi, Er, Ni",Cubic,-43m,ErNiBi,(111),3
ErNiP (0001),3.850167274407705,"Er, Ni, P",Hexagonal,6/mmm,ErNiP,(0001),3
ErNiSb (111),8.864469992612872,"Er, Ni, Sb",Cubic,-43m,ErNiSb,(111),3
ErOF (0001),3.743819764881306,"Er, F, O",Trigonal,-3m,ErOF,(0001),3
ErOs2 (0001),5.320301202171636,"Er, Os",Hexagonal,6/mmm,ErOs2,(0001),2
ErP (111),7.922508996893429,"Er, P",Cubic,m-3m,ErP,(111),2
ErPaRu2 (111),9.59972089167279,"Er, Pa, Ru",Cubic,m-3m,ErPaRu2,(111),3
ErPb3 (111),6.8408438141167505,"Er, Pb",Cubic,m-3m,ErPb3,(111),2
ErPbAu (111),9.536056926113968,"Au, Er, Pb",Cubic,-43m,ErPbAu,(111),3
ErPd (111),4.883368059638252,"Er, Pd",Cubic,m-3m,ErPd,(111),2
ErPd3 (111),5.753957169673851,"Er, Pd",Cubic,m-3m,ErPd3,(111),2
ErPdPb (0001),7.705915573362644,"Er, Pb, Pd",Hexagonal,-6m2,ErPdPb,(0001),3
ErPt3 (111),5.760640903247162,"Er, Pt",Cubic,m-3m,ErPt3,(111),2
ErRe2 (0001),5.382771523298228,"Er, Re",Hexagonal,6/mmm,ErRe2,(0001),2
ErRh (111),4.762190194738956,"Er, Rh",Cubic,m-3m,ErRh,(111),2
ErRh2 (111),10.54099622738141,"Er, Rh",Cubic,m-3m,ErRh2,(111),2
ErRh2Pb (111),9.420861502650336,"Er, Pb, Rh",Cubic,m-3m,ErRh2Pb,(111),3
ErRh3C (111),5.846069730887549,"C, Er, Rh",Cubic,m-3m,ErRh3C,(111),3
ErRu2 (0001),5.1997150659535,"Er, Ru",Hexagonal,6/mmm,ErRu2,(0001),2
ErRu3C (111),5.827909220563419,"C, Er, Ru",Cubic,m-3m,ErRu3C,(111),3
ErS (111),7.689435194952891,"Er, S",Cubic,m-3m,ErS,(111),2
ErSb (111),8.68444330195992,"Er, Sb",Cubic,m-3m,ErSb,(111),2
ErSbPd (111),9.225941329610297,"Er, Pd, Sb",Cubic,-43m,ErSbPd,(111),3
ErSbPt (111),9.237385848484246,"Er, Pt, Sb",Cubic,-43m,ErSbPt,(111),3
ErSe (111),8.025446567092558,"Er, Se",Cubic,m-3m,ErSe,(111),2
ErSi3Rh5 (0001),15.624605688177697,"Er, Rh, Si",Hexagonal,6/m,ErSi3Rh5,(0001),3
ErSiAg (0001),6.964757085279762,"Ag, Er, Si",Hexagonal,-6m2,ErSiAg,(0001),3
ErSiRh2 (0001),5.493443717115865,"Er, Rh, Si",Hexagonal,6/mmm,ErSiRh2,(0001),3
ErSnAu (111),9.392075641437437,"Au, Er, Sn",Cubic,-43m,ErSnAu,(111),3
ErSnIr (0001),7.418951929911035,"Er, Ir, Sn",Hexagonal,-6m2,ErSnIr,(0001),3
ErSnPd (0001),7.48931214360428,"Er, Pd, Sn",Hexagonal,-6m2,ErSnPd,(0001),3
ErSnPd2 (111),9.487664985645933,"Er, Pd, Sn",Cubic,m-3m,ErSnPd2,(111),3
ErSnPt (0001),7.434041548644154,"Er, Pt, Sn",Hexagonal,-6m2,ErSnPt,(0001),3
ErSnPt2 (0001),4.510284950947462,"Er, Pt, Sn",Hexagonal,6/mmm,ErSnPt2,(0001),3
ErSnRh (0001),7.548207604606784,"Er, Rh, Sn",Hexagonal,-6m2,ErSnRh,(0001),3
ErSnRh2 (111),9.292415014070977,"Er, Rh, Sn",Cubic,m-3m,ErSnRh2,(111),3
ErSnRu2 (111),9.239429395708775,"Er, Ru, Sn",Cubic,m-3m,ErSnRu2,(111),3
ErTaRu2 (111),9.158689308282332,"Er, Ru, Ta",Cubic,m-3m,ErTaRu2,(111),3
ErTc2 (0001),5.319129564655686,"Er, Tc",Hexagonal,6/mmm,ErTc2,(0001),2
ErThRu2 (111),9.76533508618453,"Er, Ru, Th",Cubic,m-3m,ErThRu2,(111),3
ErTl3 (111),6.648666276557329,"Er, Tl",Cubic,m-3m,ErTl3,(111),2
ErTlPd (0001),7.754613722995963,"Er, Pd, Tl",Hexagonal,-6m2,ErTlPd,(0001),3
ErTlS2 (0001),3.9688424321259186,"Er, S, Tl",Trigonal,-3m,ErTlS2,(0001),3
ErTlSe2 (0001),4.129699048501928,"Er, Se, Tl",Trigonal,-3m,ErTlSe2,(0001),3
ErTlTe2 (0001),4.413525272432288,"Er, Te, Tl",Trigonal,-3m,ErTlTe2,(0001),3
ErTm3 (0001),7.063841458044468,"Er, Tm",Hexagonal,6/mmm,ErTm3,(0001),2
ErTmHg2 (111),10.316319167183206,"Er, Hg, Tm",Cubic,m-3m,ErTmHg2,(111),3
ErTmRu2 (111),9.44819891104603,"Er, Ru, Tm",Cubic,m-3m,ErTmRu2,(111),3
ErTmTl2 (111),10.550113728907803,"Er, Tl, Tm",Cubic,m-3m,ErTmTl2,(111),3
ErZn (111),4.9609173795697945,"Er, Zn",Cubic,m-3m,ErZn,(111),2
ErZnGa (0001),4.350703337708005,"Er, Ga, Zn",Hexagonal,6mm,ErZnGa,(0001),3
ErZnGe (0001),4.163671887201916,"Er, Ge, Zn",Hexagonal,6/mmm,ErZnGe,(0001),3
ErZnNi (0001),6.884784030832515,"Er, Ni, Zn",Hexagonal,-6m2,ErZnNi,(0001),3
ErZnPd (0001),7.179091150230439,"Er, Pd, Zn",Hexagonal,-6m2,ErZnPd,(0001),3
ErZnRh2 (111),8.995781826234316,"Er, Rh, Zn",Cubic,m-3m,ErZnRh2,(111),3
ErZnSn (0001),4.4296968618192185,"Er, Sn, Zn",Hexagonal,6/mmm,ErZnSn,(0001),3
ErZrRu2 (111),9.333034550914519,"Er, Ru, Zr",Cubic,m-3m,ErZrRu2,(111),3
Eu (0001),3.99413302,Eu,Hexagonal,6/mmm,Eu,(0001),1
Eu(Ag2Sb)2 (0001),4.720716196207372,"Ag, Eu, Sb",Trigonal,-3m,Eu(Ag2Sb)2,(0001),3
Eu(AlGe)2 (0001),4.217978460036518,"Al, Eu, Ge",Trigonal,-3m,Eu(AlGe)2,(0001),3
Eu(AlSi)2 (0001),4.176109460722354,"Al, Eu, Si",Trigonal,-3m,Eu(AlSi)2,(0001),3
Eu(CdAs)2 (0001),4.4703698435828905,"As, Cd, Eu",Trigonal,-3m,Eu(CdAs)2,(0001),3
Eu(CdP)2 (0001),4.339728550750535,"Cd, Eu, P",Trigonal,-3m,Eu(CdP)2,(0001),3
Eu(CdSb)2 (0001),4.743921584578636,"Cd, Eu, Sb",Trigonal,-3m,Eu(CdSb)2,(0001),3
Eu(ClO4)3 (0001),9.255630509508135,"Cl, Eu, O",Hexagonal,6/m,Eu(ClO4)3,(0001),3
Eu(Cu2As)2 (0001),4.134467455066133,"As, Cu, Eu",Trigonal,-3m,Eu(Cu2As)2,(0001),3
Eu(FeP3)4 (111),11.008022740840516,"Eu, Fe, P",Cubic,m-3,Eu(FeP3)4,(111),3
Eu(InAs)2 (0001),4.237960634947274,"As, Eu, In",Hexagonal,6/mmm,Eu(InAs)2,(0001),3
Eu(MgAs)2 (0001),4.391356117874503,"As, Eu, Mg",Trigonal,-3m,Eu(MgAs)2,(0001),3
Eu(MgBi)2 (0001),4.813304080047756,"Bi, Eu, Mg",Trigonal,-3m,Eu(MgBi)2,(0001),3
Eu(MgP)2 (0001),4.27058800545638,"Eu, Mg, P",Trigonal,-3m,Eu(MgP)2,(0001),3
Eu(MgSb)2 (0001),4.70728014131943,"Eu, Mg, Sb",Trigonal,-3m,Eu(MgSb)2,(0001),3
Eu(Mo3S4)2 (0001),9.214647960816155,"Eu, Mo, S",Trigonal,-3,Eu(Mo3S4)2,(0001),3
Eu(Ni2B)6 (0001),9.478634832827732,"B, Eu, Ni",Trigonal,-3m,Eu(Ni2B)6,(0001),3
Eu(P3Ru)4 (111),11.406291074077432,"Eu, P, Ru",Cubic,m-3,Eu(P3Ru)4,(111),3
Eu(PIr)2 (0001),6.689349523270444,"Eu, Ir, P",Trigonal,32,Eu(PIr)2,(0001),3
Eu(ReO4)2 (0001),6.407339074531674,"Eu, O, Re",Trigonal,-3m,Eu(ReO4)2,(0001),3
Eu(ZnAs)2 (0001),4.207007071050135,"As, Eu, Zn",Trigonal,-3m,Eu(ZnAs)2,(0001),3
Eu(ZnP)2 (0001),4.0641881185164985,"Eu, P, Zn",Trigonal,-3m,Eu(ZnP)2,(0001),3
Eu(ZnSb)2 (0001),4.510865259134624,"Eu, Sb, Zn",Trigonal,-3m,Eu(ZnSb)2,(0001),3
Eu2(AlAu2)3 (0001),8.485032455361605,"Al, Au, Eu",Trigonal,-3m,Eu2(AlAu2)3,(0001),3
Eu2AgPb (111),11.039102618845742,"Ag, Eu, Pb",Cubic,m-3m,Eu2AgPb,(111),3
Eu2As7Pd12 (0001),10.189248334753646,"As, Eu, Pd",Trigonal,3,Eu2As7Pd12,(0001),3
Eu2As7Pd12 (0001),10.057266455622056,"As, Eu, Pd",Trigonal,-3,Eu2As7Pd12,(0001),3
Eu2CdPb (111),11.203467299106585,"Cd, Eu, Pb",Cubic,m-3m,Eu2CdPb,(111),3
Eu2CdSn (111),11.127184195288113,"Cd, Eu, Sn",Cubic,m-3m,Eu2CdSn,(111),3
Eu2Co12P7 (0001),9.080956964487003,"Co, Eu, P",Hexagonal,-6,Eu2Co12P7,(0001),3
Eu2FeH6 (111),10.280889157647785,"Eu, Fe, H",Cubic,m-3m,Eu2FeH6,(111),3
Eu2Ga3Ir (0001),5.640945717637249,"Eu, Ga, Ir",Hexagonal,6/mmm,Eu2Ga3Ir,(0001),3
Eu2H6Ir (111),10.649640309436286,"Eu, H, Ir",Cubic,m-3m,Eu2H6Ir,(111),3
Eu2H6Ru (111),10.577386017214302,"Eu, H, Ru",Cubic,m-3m,Eu2H6Ru,(111),3
Eu2InHg (111),11.11713233298229,"Eu, Hg, In",Cubic,m-3m,Eu2InHg,(111),3
Eu2MgIn (111),11.248681036056402,"Eu, In, Mg",Cubic,m-3m,Eu2MgIn,(111),3
Eu2MgTl (111),11.26068994365838,"Eu, Mg, Tl",Cubic,m-3m,Eu2MgTl,(111),3
Eu2N (111),14.854599611005975,"Eu, N",Cubic,m-3m,Eu2N,(111),2
Eu2O3 (0001),3.7882997898812265,"Eu, O",Trigonal,-3m,Eu2O3,(0001),2
Eu2PBr (0001),4.332575641395871,"Br, Eu, P",Trigonal,-3m,Eu2PBr,(0001),3
Eu2PI (0001),4.410252390021785,"Eu, I, P",Trigonal,-3m,Eu2PI,(0001),3
Eu2Pt2O7 (111),10.335886655472315,"Eu, O, Pt",Cubic,m-3m,Eu2Pt2O7,(111),3
Eu2Si3Au (0001),4.224899369144785,"Au, Eu, Si",Hexagonal,-6m2,Eu2Si3Au,(0001),3
Eu2Si3Pd (0001),8.294412784296078,"Eu, Pd, Si",Hexagonal,6/mmm,Eu2Si3Pd,(0001),3
Eu2SnHg (111),11.124402867466927,"Eu, Hg, Sn",Cubic,m-3m,Eu2SnHg,(111),3
Eu2TlCd (111),11.164907012703665,"Cd, Eu, Tl",Cubic,m-3m,Eu2TlCd,(111),3
Eu2TlHg (111),11.089186850735832,"Eu, Hg, Tl",Cubic,m-3m,Eu2TlHg,(111),3
Eu2TlIn (111),11.210138172764571,"Eu, In, Tl",Cubic,m-3m,Eu2TlIn,(111),3
Eu2TlZn (111),10.950327002955504,"Eu, Tl, Zn",Cubic,m-3m,Eu2TlZn,(111),3
Eu2ZnGa (111),10.582734063790314,"Eu, Ga, Zn",Cubic,m-3m,Eu2ZnGa,(111),3
Eu2ZnGe3 (0001),4.241689755562573,"Eu, Ge, Zn",Hexagonal,6/mmm,Eu2ZnGe3,(0001),3
Eu2ZnIn (111),10.950501969457443,"Eu, In, Zn",Cubic,m-3m,Eu2ZnIn,(111),3
Eu3(AsS4)2 (0001),9.20093424596986,"As, Eu, S",Trigonal,-3m,Eu3(AsS4)2,(0001),3
Eu3(BO3)2 (0001),9.028007719591706,"B, Eu, O",Trigonal,-3m,Eu3(BO3)2,(0001),3
Eu3(GaNi)4 (111),10.492591271080787,"Eu, Ga, Ni",Cubic,-43m,Eu3(GaNi)4,(111),3
Eu3(GeIr)4 (111),10.931610621848549,"Eu, Ge, Ir",Cubic,-43m,Eu3(GeIr)4,(111),3
Eu3Au2 (0001),9.285632996773511,"Au, Eu",Trigonal,-3,Eu3Au2,(0001),2
Eu3B2Pt7 (0001),5.557722003428429,"B, Eu, Pt",Trigonal,-3m,Eu3B2Pt7,(0001),3
Eu3InO (111),7.145510924844353,"Eu, In, O",Cubic,m-3m,Eu3InO,(111),3
Eu3Pd2 (0001),9.148158649784893,"Eu, Pd",Trigonal,-3,Eu3Pd2,(0001),2
Eu3Pt2 (0001),9.194829837073385,"Eu, Pt",Trigonal,-3,Eu3Pt2,(0001),2
Eu3Rh4Pb13 (111),14.469603845166255,"Eu, Pb, Rh",Cubic,m-3m,Eu3Rh4Pb13,(111),3
Eu3S4 (111),12.162394224929264,"Eu, S",Cubic,-43m,Eu3S4,(111),2
Eu3Sn13Ir4 (111),13.873400846537276,"Eu, Ir, Sn",Cubic,m-3m,Eu3Sn13Ir4,(111),3
Eu3Sn13Rh4 (111),13.95766843508213,"Eu, Rh, Sn",Cubic,m-3m,Eu3Sn13Rh4,(111),3
Eu3Tl (0001),7.394193505742519,"Eu, Tl",Hexagonal,6/mmm,Eu3Tl,(0001),2
Eu4As3 (111),12.979097050976055,"As, Eu",Cubic,-43m,Eu4As3,(111),2
Eu4Bi3 (111),14.026733801377903,"Bi, Eu",Cubic,-43m,Eu4Bi3,(111),2
Eu4Zn51 (0001),8.606521902940816,"Eu, Zn",Trigonal,-3,Eu4Zn51,(0001),2
Eu5(ZrS4)3 (0001),11.73193233151725,"Eu, S, Zr",Hexagonal,-6m2,Eu5(ZrS4)3,(0001),3
Eu5As3 (0001),8.833705063156906,"As, Eu",Hexagonal,6/mmm,Eu5As3,(0001),2
Eu5Bi3 (0001),9.578294330923809,"Bi, Eu",Hexagonal,6/mmm,Eu5Bi3,(0001),2
Eu5P3O13 (0001),9.747449242935241,"Eu, O, P",Hexagonal,6/m,Eu5P3O13,(0001),3
Eu5Sb3 (0001),9.413208210008488,"Eu, Sb",Hexagonal,6/mmm,Eu5Sb3,(0001),2
Eu6P19Rh30 (0001),15.695916003608454,"Eu, P, Rh",Trigonal,3,Eu6P19Rh30,(0001),3
Eu7Au3 (0001),10.829587861211154,"Au, Eu",Hexagonal,6mm,Eu7Au3,(0001),2
EuAg5 (0001),5.633948908259978,"Ag, Eu",Hexagonal,6/mmm,EuAg5,(0001),2
EuAgAs (0001),4.512964541120888,"Ag, As, Eu",Hexagonal,6/mmm,EuAgAs,(0001),3
EuAgBi (0001),4.894810650843208,"Ag, Bi, Eu",Hexagonal,6/mmm,EuAgBi,(0001),3
EuAgP (0001),4.374770570227564,"Ag, Eu, P",Hexagonal,6/mmm,EuAgP,(0001),3
EuAgSb (0001),4.760012733415042,"Ag, Eu, Sb",Hexagonal,6/mmm,EuAgSb,(0001),3
EuAl12O19 (0001),5.5643984467309995,"Al, Eu, O",Hexagonal,6mm,EuAl12O19,(0001),3
EuAl2 (111),11.39036524337939,"Al, Eu",Cubic,m-3m,EuAl2,(111),2
EuAl3Ag2 (0001),5.561624573242989,"Ag, Al, Eu",Hexagonal,6/mmm,EuAl3Ag2,(0001),3
EuAl3Cu2 (0001),5.419676971280253,"Al, Cu, Eu",Hexagonal,6/mmm,EuAl3Cu2,(0001),3
EuAl3Pd2 (0001),9.668501607702334,"Al, Eu, Pd",Hexagonal,6/mmm,EuAl3Pd2,(0001),3
EuAl9Co2 (0001),7.809016317155256,"Al, Co, Eu",Hexagonal,6/mmm,EuAl9Co2,(0001),3
EuAlSi (0001),4.215298751091609,"Al, Eu, Si",Hexagonal,-6m2,EuAlSi,(0001),3
EuAs (0001),8.000213515275265,"As, Eu",Hexagonal,-6m2,EuAs,(0001),2
EuAsAu (0001),4.461948877153272,"As, Au, Eu",Hexagonal,6/mmm,EuAsAu,(0001),3
EuAsPd (0001),4.289632147800722,"As, Eu, Pd",Hexagonal,6/mmm,EuAsPd,(0001),3
EuAu5 (0001),5.591561790763714,"Au, Eu",Hexagonal,6/mmm,EuAu5,(0001),2
EuB2Rh3 (0001),5.611641341716154,"B, Eu, Rh",Hexagonal,6/mmm,EuB2Rh3,(0001),3
EuB6 (111),5.880145729931946,"B, Eu",Cubic,m-3m,EuB6,(111),2
EuBN2 (0001),11.99108928026983,"B, Eu, N",Trigonal,-3m,EuBN2,(0001),3
EuBPt4 (0001),5.501053781956376,"B, Eu, Pt",Hexagonal,6/mmm,EuBPt4,(0001),3
EuBe13 (111),14.585112594622966,"Be, Eu",Cubic,m-3m,EuBe13,(111),2
EuBiAu (0001),4.846039192681651,"Au, Bi, Eu",Hexagonal,6mm,EuBiAu,(0001),3
EuC6 (0001),4.316107146167896,"C, Eu",Hexagonal,6/mmm,EuC6,(0001),2
EuCd (111),5.539268628462868,"Cd, Eu",Cubic,m-3m,EuCd,(111),2
EuCdAu2 (111),10.077471988095775,"Au, Cd, Eu",Cubic,m-3m,EuCdAu2,(111),3
EuCdHg2 (111),10.424805724010273,"Cd, Eu, Hg",Cubic,m-3m,EuCdHg2,(111),3
EuCdPb (0001),5.031505264695008,"Cd, Eu, Pb",Hexagonal,6mm,EuCdPb,(0001),3
EuCdSn (0001),4.992259149305953,"Cd, Eu, Sn",Hexagonal,6mm,EuCdSn,(0001),3
EuCl3 (0001),7.435378276232043,"Cl, Eu",Hexagonal,6/m,EuCl3,(0001),2
EuCu3Pd2 (0001),5.208147714238367,"Cu, Eu, Pd",Hexagonal,6/mmm,EuCu3Pd2,(0001),3
EuCu4Pd (0001),5.1550601500092625,"Cu, Eu, Pd",Hexagonal,-6m2,EuCu4Pd,(0001),3
EuCu5 (0001),5.106918775954622,"Cu, Eu",Hexagonal,6/mmm,EuCu5,(0001),2
EuCuAs (0001),4.198792608779877,"As, Cu, Eu",Hexagonal,6/mmm,EuCuAs,(0001),3
EuCuP (0001),4.039375426124512,"Cu, Eu, P",Hexagonal,6/mmm,EuCuP,(0001),3
EuCuSb (0001),4.473840072018341,"Cu, Eu, Sb",Hexagonal,6/mmm,EuCuSb,(0001),3
EuErTl2 (111),10.8753675181786,"Er, Eu, Tl",Cubic,m-3m,EuErTl2,(111),3
EuF2 (111),8.20382651236306,"Eu, F",Cubic,m-3m,EuF2,(111),2
EuGa2 (0001),4.269671971408953,"Eu, Ga",Hexagonal,6/mmm,EuGa2,(0001),2
EuGaGe (0001),4.226578350890303,"Eu, Ga, Ge",Hexagonal,6/mmm,EuGaGe,(0001),3
EuGaSi (0001),4.147024228574177,"Eu, Ga, Si",Hexagonal,-6m2,EuGaSi,(0001),3
EuGaSn (0001),4.526120982105949,"Eu, Ga, Sn",Hexagonal,6/mmm,EuGaSn,(0001),3
EuGe7Ir3 (0001),7.97966155731058,"Eu, Ge, Ir",Trigonal,-3m,EuGe7Ir3,(0001),3
EuGePt (111),9.25260761254736,"Eu, Ge, Pt",Cubic,23,EuGePt,(111),3
EuH3Pd (111),5.361504123849095,"Eu, H, Pd",Cubic,m-3m,EuH3Pd,(111),3
EuHfO3 (111),5.79500413874526,"Eu, Hf, O",Cubic,m-3m,EuHfO3,(111),3
EuHg (111),5.474378344250058,"Eu, Hg",Cubic,m-3m,EuHg,(111),2
EuHg2 (0001),5.019971722081694,"Eu, Hg",Hexagonal,6/mmm,EuHg2,(0001),2
EuHg3 (0001),6.83124236,"Eu, Hg",Hexagonal,6/mmm,EuHg3,(0001),2
EuHgPb (0001),5.030486820373248,"Eu, Hg, Pb",Hexagonal,6mm,EuHgPb,(0001),3
EuIn (111),5.593877481082275,"Eu, In",Cubic,m-3m,EuIn,(111),2
EuIn2 (0001),4.995598282316572,"Eu, In",Hexagonal,6/mmm,EuIn2,(0001),2
EuIn3 (111),6.673035976379871,"Eu, In",Cubic,m-3m,EuIn3,(111),2
EuInHg2 (111),10.481266022599133,"Eu, Hg, In",Cubic,m-3m,EuInHg2,(111),3
EuInNi5 (0001),4.884048717594093,"Eu, In, Ni",Trigonal,-3m,EuInNi5,(0001),3
EuInPt4 (111),10.819610423162498,"Eu, In, Pt",Cubic,-43m,EuInPt4,(111),3
EuIr2 (111),10.796298074230995,"Eu, Ir",Cubic,m-3m,EuIr2,(111),2
EuMg2 (0001),6.313135081724649,"Eu, Mg",Hexagonal,6/mmm,EuMg2,(0001),2
EuMg2Cu9 (0001),5.0707422649878815,"Cu, Eu, Mg",Hexagonal,6/mmm,EuMg2Cu9,(0001),3
EuMgCd2 (111),10.438518023563857,"Cd, Eu, Mg",Cubic,m-3m,EuMgCd2,(111),3
EuMgHg2 (111),10.389868058784456,"Eu, Hg, Mg",Cubic,m-3m,EuMgHg2,(111),3
EuMgTl2 (111),10.701801540216888,"Eu, Mg, Tl",Cubic,m-3m,EuMgTl2,(111),3
EuMgZn2 (111),9.865478631521736,"Eu, Mg, Zn",Cubic,m-3m,EuMgZn2,(111),3
EuN (111),7.169222224862761,"Eu, N",Cubic,m-3m,EuN,(111),2
EuNi4B (0001),5.075579053766475,"B, Eu, Ni",Hexagonal,6/mmm,EuNi4B,(0001),3
EuNi5 (0001),4.9373099258814825,"Eu, Ni",Hexagonal,6/mmm,EuNi5,(0001),2
EuNiP (0001),3.8873920670777,"Eu, Ni, P",Hexagonal,-6m2,EuNiP,(0001),3
EuO (111),7.188638193882373,"Eu, O",Cubic,m-3m,EuO,(111),2
EuP (111),8.36669487000301,"Eu, P",Cubic,m-3m,EuP,(111),2
EuPAu (0001),4.289623427823967,"Au, Eu, P",Hexagonal,6/mmm,EuPAu,(0001),3
EuPIr (111),8.862106496440058,"Eu, Ir, P",Cubic,23,EuPIr,(111),3
EuPPd (0001),4.143344867421451,"Eu, P, Pd",Hexagonal,6/mmm,EuPPd,(0001),3
EuPPt (0001),4.100836646704842,"Eu, P, Pt",Hexagonal,-6m2,EuPPt,(0001),3
EuPb3 (111),6.982650849962745,"Eu, Pb",Cubic,m-3m,EuPb3,(111),2
EuPd2 (111),10.989838925020768,"Eu, Pd",Cubic,m-3m,EuPd2,(111),2
EuPd3S4 (111),9.48897149888203,"Eu, Pd, S",Cubic,m-3m,EuPd3S4,(111),3
EuPt2 (111),10.964420708674462,"Eu, Pt",Cubic,m-3m,EuPt2,(111),2
EuRh2 (111),10.764743287964226,"Eu, Rh",Cubic,m-3m,EuRh2,(111),2
EuS (111),8.319053312489313,"Eu, S",Cubic,m-3m,EuS,(111),2
EuSbAu (0001),4.695511534736699,"Au, Eu, Sb",Hexagonal,6/mmm,EuSbAu,(0001),3
EuSe (111),8.667342589661999,"Eu, Se",Cubic,m-3m,EuSe,(111),2
EuSiPd (111),9.103649502320273,"Eu, Pd, Si",Cubic,23,EuSiPd,(111),3
EuSiPt (111),9.089095379817563,"Eu, Pt, Si",Cubic,23,EuSiPt,(111),3
EuSn3 (111),6.737899465959718,"Eu, Sn",Cubic,m-3m,EuSn3,(111),2
EuSnAu2 (111),10.105920194979387,"Au, Eu, Sn",Cubic,m-3m,EuSnAu2,(111),3
EuSnHg (0001),4.927666990431076,"Eu, Hg, Sn",Hexagonal,6mm,EuSnHg,(0001),3
EuTe (111),9.29088585559236,"Eu, Te",Cubic,m-3m,EuTe,(111),2
EuTl2 (0001),5.0934845642765065,"Eu, Tl",Hexagonal,6/mmm,EuTl2,(0001),2
EuTl3 (111),6.881458658358626,"Eu, Tl",Cubic,m-3m,EuTl3,(111),2
EuZn (111),5.290854252199576,"Eu, Zn",Cubic,m-3m,EuZn,(111),2
EuZn5 (0001),5.376662138230264,"Eu, Zn",Hexagonal,6/mmm,EuZn5,(0001),2
EuZnGe (0001),4.280108249907196,"Eu, Ge, Zn",Hexagonal,6/mmm,EuZnGe,(0001),3
EuZnSi (0001),4.219234806061268,"Eu, Si, Zn",Hexagonal,6/mmm,EuZnSi,(0001),3
Fe (111),4.048943632170593,Fe,Cubic,mmm,Fe,(111),1
Fe(IO3)3 (0001),9.247628222977246,"Fe, I, O",Hexagonal,6,Fe(IO3)3,(0001),3
Fe2(SO4)3 (0001),8.231123701136028,"Fe, O, S",Trigonal,-3,Fe2(SO4)3,(0001),3
Fe2CoSi (111),7.861944996018041,"Co, Fe, Si",Cubic,-43m,Fe2CoSi,(111),3
Fe2GeO4 (111),11.854219900889012,"Fe, Ge, O",Cubic,m-3m,Fe2GeO4,(111),3
Fe2O3 (0001),5.091902048566514,"Fe, O",Trigonal,-3m,Fe2O3,(0001),2
Fe2Re3 (111),9.093685114027762,"Fe, Re",Cubic,432,Fe2Re3,(111),2
Fe2W (0001),4.65741433220766,"Fe, W",Hexagonal,6/mmm,Fe2W,(0001),2
Fe3Co3Si2 (0001),3.9415707233391686,"Co, Fe, Si",Trigonal,3m,Fe3Co3Si2,(0001),3
Fe3Ge (111),5.176729480457767,"Fe, Ge",Cubic,m-3m,Fe3Ge,(111),2
Fe3Mo3N (111),15.731997216434257,"Fe, Mo, N",Cubic,m-3m,Fe3Mo3N,(111),3
Fe3N (0001),4.681420238384442,"Fe, N",Hexagonal,622,Fe3N,(0001),2
Fe3PdN (111),5.445040460328402,"Fe, N, Pd",Cubic,m-3m,Fe3PdN,(111),3
Fe3PtN (111),5.443433084049589,"Fe, N, Pt",Cubic,m-3m,Fe3PtN,(111),3
Fe3Rh (111),8.28843288187161,"Fe, Rh",Cubic,m-3m,Fe3Rh,(111),2
Fe3RhN (111),5.42978218493484,"Fe, N, Rh",Cubic,m-3m,Fe3RhN,(111),3
Fe3Si (111),7.958329200385085,"Fe, Si",Cubic,m-3m,Fe3Si,(111),2
Fe6W6C (111),15.591307828898087,"C, Fe, W",Cubic,m-3m,Fe6W6C,(111),3
Fe9Co7 (111),8.022956943618066,"Co, Fe",Cubic,m-3m,Fe9Co7,(111),2
FeAgO2 (0001),2.907779534943771,"Ag, Fe, O",Trigonal,-3m,FeAgO2,(0001),3
FeBO3 (0001),4.644739438661305,"B, Fe, O",Trigonal,-3m,FeBO3,(0001),3
FeBr2 (0001),6.564445778271715,"Br, Fe",Trigonal,-3m,FeBr2,(0001),2
FeBr3 (0001),6.481635722991847,"Br, Fe",Trigonal,-3,FeBr3,(0001),2
FeCO3 (0001),4.70023142080213,"C, Fe, O",Trigonal,-3m,FeCO3,(0001),3
FeCl2 (0001),6.085983036570979,"Cl, Fe",Trigonal,-3m,FeCl2,(0001),2
FeCo (111),4.0149892145511945,"Co, Fe",Cubic,m-3m,FeCo,(111),2
FeCo2Ge (111),8.065450431960041,"Co, Fe, Ge",Cubic,m-3m,FeCo2Ge,(111),3
FeCuO2 (0001),2.878462118826275,"Cu, Fe, O",Trigonal,-3m,FeCuO2,(0001),3
FeF3 (0001),8.710861701440539,"F, Fe",Trigonal,-3m,FeF3,(0001),2
FeGe (0001),4.997602335788513,"Fe, Ge",Hexagonal,6/mmm,FeGe,(0001),2
FeGeRu2 (111),8.433771643361883,"Fe, Ge, Ru",Cubic,m-3m,FeGeRu2,(111),3
FeH (111),5.364315547412775,"Fe, H",Cubic,m-3m,FeH,(111),2
FeI2 (0001),4.037565063486822,"Fe, I",Trigonal,-3m,FeI2,(0001),2
FeN (111),5.937286967039567,"Fe, N",Cubic,-43m,FeN,(111),2
FeNi3 (111),4.964479071712586,"Fe, Ni",Cubic,m-3m,FeNi3,(111),2
FePd3 (111),5.465347539422225,"Fe, Pd",Cubic,m-3m,FePd3,(111),2
FePt3 (111),5.502693204936874,"Fe, Pt",Cubic,m-3m,FePt3,(111),2
FeRh (111),4.231457849943363,"Fe, Rh",Cubic,m-3m,FeRh,(111),2
FeRh3 (0001),5.353420711904914,"Fe, Rh",Hexagonal,6/mmm,FeRh3,(0001),2
FeSb3 (111),12.95913697484497,"Fe, Sb",Cubic,m-3,FeSb3,(111),2
FeSi (111),6.225664789429613,"Fe, Si",Cubic,23,FeSi,(111),2
FeSiRu2 (111),8.310192788930088,"Fe, Ru, Si",Cubic,m-3m,FeSiRu2,(111),3
FeSiTc2 (111),8.350655512158362,"Fe, Si, Tc",Cubic,m-3m,FeSiTc2,(111),3
FeSn (0001),5.307977976656282,"Fe, Sn",Hexagonal,6/mmm,FeSn,(0001),2
FeTc2Ge (111),8.468263746462739,"Fe, Ge, Tc",Cubic,m-3m,FeTc2Ge,(111),3
FeTe6O13 (0001),10.193649999991981,"Fe, O, Te",Trigonal,-3,FeTe6O13,(0001),3
Ga(Ag3Se2)3 (111),15.818140500247718,"Ag, Ga, Se",Cubic,23,Ga(Ag3Se2)3,(111),3
Ga(IO3)3 (0001),9.11238656095886,"Ga, I, O",Hexagonal,6,Ga(IO3)3,(0001),3
Ga2(Ni7B2)3 (111),14.800370012629008,"B, Ga, Ni",Cubic,m-3m,Ga2(Ni7B2)3,(111),3
Ga2(SO4)3 (0001),8.080636739933759,"Ga, O, S",Trigonal,-3,Ga2(SO4)3,(0001),3
Ga2Au (111),8.637506017495468,"Au, Ga",Cubic,m-3m,Ga2Au,(111),2
Ga2CoO4 (111),11.80697423360013,"Co, Ga, O",Cubic,-3m,Ga2CoO4,(111),3
Ga2IrRh (111),8.533710735929041,"Ga, Ir, Rh",Cubic,m-3m,Ga2IrRh,(111),3
Ga2IrRu (111),8.510949045769873,"Ga, Ir, Ru",Cubic,m-3m,Ga2IrRu,(111),3
Ga2Pt (111),8.394539434598766,"Ga, Pt",Cubic,m-3m,Ga2Pt,(111),2
Ga2RuRh (111),8.478672103723362,"Ga, Rh, Ru",Cubic,m-3m,Ga2RuRh,(111),3
Ga3(Ni10B3)2 (111),14.710470677610381,"B, Ga, Ni",Cubic,m-3m,Ga3(Ni10B3)2,(111),3
Ga3B4Pt9 (0001),8.726245522933883,"B, Ga, Pt",Hexagonal,-6m2,Ga3B4Pt9,(0001),3
Ga3Bi5Cl12 (0001),12.071344407900982,"Bi, Cl, Ga",Trigonal,3m,Ga3Bi5Cl12,(0001),3
Ga3Ni13Ge6 (0001),7.894625420302408,"Ga, Ge, Ni",Trigonal,32,Ga3Ni13Ge6,(0001),3
Ga3Ni2 (0001),4.010897869934696,"Ga, Ni",Trigonal,-3m,Ga3Ni2,(0001),2
Ga40AgMo8 (0001),14.116372646758549,"Ag, Ga, Mo",Trigonal,-3,Ga40AgMo8,(0001),3
Ga40GeMo8 (0001),14.069059864033203,"Ga, Ge, Mo",Trigonal,-3,Ga40GeMo8,(0001),3
Ga40Mo8Au (0001),14.125803016572117,"Au, Ga, Mo",Trigonal,-3,Ga40Mo8Au,(0001),3
Ga40SnMo8 (0001),14.066943983965956,"Ga, Mo, Sn",Trigonal,-3,Ga40SnMo8,(0001),3
Ga4Cu9 (111),12.231878814898371,"Cu, Ga",Cubic,-43m,Ga4Cu9,(111),2
Ga6SnTe10 (0001),14.797112091241349,"Ga, Sn, Te",Trigonal,32,Ga6SnTe10,(0001),3
Ga7Pd3 (111),12.428920601288105,"Ga, Pd",Cubic,m-3m,Ga7Pd3,(111),2
Ga7Pt3 (111),12.442880161940932,"Ga, Pt",Cubic,m-3m,Ga7Pt3,(111),2
Ga7Te10 (0001),14.582038994588823,"Ga, Te",Trigonal,32,Ga7Te10,(0001),2
GaAg2 (0001),7.733150018046908,"Ag, Ga",Hexagonal,-6m2,GaAg2,(0001),2
GaAgO2 (0001),2.99061669922731,"Ag, Ga, O",Hexagonal,6/mmm,GaAgO2,(0001),3
GaAs (111),8.131985510874367,"As, Ga",Cubic,-43m,GaAs,(111),2
GaAsO4 (0001),4.985902890219433,"As, Ga, O",Trigonal,32,GaAsO4,(0001),3
GaBi (111),9.001933893659992,"Bi, Ga",Cubic,-43m,GaBi,(111),2
GaCo (111),4.02659017810897,"Co, Ga",Cubic,m-3m,GaCo,(111),2
GaCo4Ge3 (0001),6.48781780767956,"Co, Ga, Ge",Trigonal,3,GaCo4Ge3,(0001),3
GaCuO2 (0001),2.971853523119563,"Cu, Ga, O",Hexagonal,6/mmm,GaCuO2,(0001),3
GaCuRh2 (111),8.401811689644457,"Cu, Ga, Rh",Cubic,m-3m,GaCuRh2,(111),3
GaF3 (0001),4.906004282306151,"F, Ga",Trigonal,-3m,GaF3,(0001),2
GaFe3 (111),5.1449488961605025,"Fe, Ga",Cubic,m-3m,GaFe3,(111),2
GaFeCo2 (111),8.015115475255996,"Co, Fe, Ga",Cubic,m-3m,GaFeCo2,(111),3
GaFeIr2 (111),8.531029197481477,"Fe, Ga, Ir",Cubic,m-3m,GaFeIr2,(111),3
GaFeRh2 (111),8.470892147221223,"Fe, Ga, Rh",Cubic,m-3m,GaFeRh2,(111),3
GaFeRu2 (111),8.42065317208314,"Fe, Ga, Ru",Cubic,m-3m,GaFeRu2,(111),3
GaGeRu2 (111),8.490679087994895,"Ga, Ge, Ru",Cubic,m-3m,GaGeRu2,(111),3
GaGeTe (0001),4.0721650926839725,"Ga, Ge, Te",Trigonal,-3m,GaGeTe,(0001),3
GaIr (111),4.282946735312141,"Ga, Ir",Cubic,m-3m,GaIr,(111),2
GaMo3 (111),6.993702976093143,"Ga, Mo",Cubic,m-3m,GaMo3,(111),2
GaN (0001),3.1889304035246457,"Ga, N",Hexagonal,6mm,GaN,(0001),2
GaNi10P3 (0001),7.61904429743521,"Ga, Ni, P",Trigonal,-3m,GaNi10P3,(0001),3
GaNi3 (111),5.001420602131563,"Ga, Ni",Cubic,m-3m,GaNi3,(111),2
GaNiRh2 (111),5.938918843196909,"Ga, Ni, Rh",Cubic,m-3m,GaNiRh2,(111),3
GaP (111),7.7097619962882575,"Ga, P",Cubic,-43m,GaP,(111),2
GaPO4 (0001),4.896317899335322,"Ga, O, P",Trigonal,32,GaPO4,(0001),3
GaPd (111),6.934273899111561,"Ga, Pd",Cubic,23,GaPd,(111),2
GaPt (111),6.960569903941458,"Ga, Pt",Cubic,23,GaPt,(111),2
GaRh (111),4.251389535475144,"Ga, Rh",Cubic,m-3m,GaRh,(111),2
GaS (0001),3.5932473575762773,"Ga, S",Hexagonal,6/mmm,GaS,(0001),2
GaSb (111),8.679323682556786,"Ga, Sb",Cubic,-43m,GaSb,(111),2
GaSe (0001),3.774324354936167,"Ga, Se",Hexagonal,6mm,GaSe,(0001),2
GaSiRu2 (111),8.353295679173685,"Ga, Ru, Si",Cubic,m-3m,GaSiRu2,(111),3
GaTc (0001),2.858870442527094,"Ga, Tc",Hexagonal,-6m2,GaTc,(0001),2
GaTc2W (111),8.713196484498958,"Ga, Tc, W",Cubic,m-3m,GaTc2W,(111),3
Gd (0001),3.64193258923538,Gd,Hexagonal,6/mmm,Gd,(0001),1
Gd(Al3Ni)3 (0001),7.247318952596422,"Al, Gd, Ni",Trigonal,32,Gd(Al3Ni)3,(0001),3
Gd(AlC)3 (0001),3.4304319045586356,"Al, C, Gd",Hexagonal,6/mmm,Gd(AlC)3,(0001),3
Gd(AlGe)2 (0001),7.2932441604317075,"Al, Gd, Ge",Trigonal,-3m,Gd(AlGe)2,(0001),3
Gd(AlSi)2 (0001),4.185785764830809,"Al, Gd, Si",Trigonal,-3m,Gd(AlSi)2,(0001),3
Gd(ClO4)3 (0001),9.457975232090883,"Cl, Gd, O",Hexagonal,6/m,Gd(ClO4)3,(0001),3
Gd(Co2B)6 (0001),9.352829087462375,"B, Co, Gd",Trigonal,-3m,Gd(Co2B)6,(0001),3
Gd(FeP3)4 (111),10.966166383419107,"Fe, Gd, P",Cubic,m-3,Gd(FeP3)4,(111),3
Gd(Ge2Rh3)2 (0001),7.152895171754284,"Gd, Ge, Rh",Hexagonal,-6m2,Gd(Ge2Rh3)2,(0001),3
Gd12Co6Pb (111),13.908066308595457,"Co, Gd, Pb",Cubic,m-3,Gd12Co6Pb,(111),3
Gd2(Zn2Ge)3 (0001),7.544553641374559,"Gd, Ge, Zn",Hexagonal,-6m2,Gd2(Zn2Ge)3,(0001),3
Gd2AgAu (111),10.269375960183691,"Ag, Au, Gd",Cubic,m-3m,Gd2AgAu,(111),3
Gd2AgIr (111),9.99703395311532,"Ag, Gd, Ir",Cubic,m-3m,Gd2AgIr,(111),3
Gd2AgRu (111),9.981852992777211,"Ag, Gd, Ru",Cubic,m-3m,Gd2AgRu,(111),3
Gd2C (0001),3.64716558886971,"C, Gd",Trigonal,-3m,Gd2C,(0001),2
Gd2C3 (111),11.791326169072212,"C, Gd",Cubic,-43m,Gd2C3,(111),2
Gd2CBr (0001),3.735861141980451,"Br, C, Gd",Hexagonal,6/mmm,Gd2CBr,(0001),3
Gd2CCl (0001),3.6970680755164187,"C, Cl, Gd",Trigonal,-3m,Gd2CCl,(0001),3
Gd2CCl2 (0001),3.765228761037276,"C, Cl, Gd",Trigonal,-3m,Gd2CCl2,(0001),3
Gd2CF2 (0001),3.7197499547924795,"C, F, Gd",Trigonal,-3m,Gd2CF2,(0001),3
Gd2CI (0001),3.8233538318289604,"C, Gd, I",Hexagonal,6/mmm,Gd2CI,(0001),3
Gd2CdHg (111),10.589912979528446,"Cd, Gd, Hg",Cubic,m-3m,Gd2CdHg,(111),3
Gd2CdIn (111),10.679849919311835,"Cd, Gd, In",Cubic,m-3m,Gd2CdIn,(111),3
Gd2Co2I (0001),4.021038362732622,"Co, Gd, I",Hexagonal,6/mmm,Gd2Co2I,(0001),3
Gd2CuRu (111),9.753833994388533,"Cu, Gd, Ru",Cubic,m-3m,Gd2CuRu,(111),3
Gd2Fe17 (0001),8.525752511662548,"Fe, Gd",Hexagonal,6/mmm,Gd2Fe17,(0001),2
Gd2Fe2I (0001),3.9778104420483595,"Fe, Gd, I",Hexagonal,6/mmm,Gd2Fe2I,(0001),3
Gd2GeBr2 (0001),4.189669732972613,"Br, Gd, Ge",Trigonal,-3m,Gd2GeBr2,(0001),3
Gd2Hf2O7 (111),14.86609416437027,"Gd, Hf, O",Cubic,m-3m,Gd2Hf2O7,(111),3
Gd2In (0001),5.442254624242816,"Gd, In",Hexagonal,6/mmm,Gd2In,(0001),2
Gd2IrAu (111),9.982088431051077,"Au, Gd, Ir",Cubic,m-3m,Gd2IrAu,(111),3
Gd2IrPd (111),9.849739565943374,"Gd, Ir, Pd",Cubic,m-3m,Gd2IrPd,(111),3
Gd2IrRh (111),9.75793538120679,"Gd, Ir, Rh",Cubic,m-3m,Gd2IrRh,(111),3
Gd2IrRu (111),9.70984063889023,"Gd, Ir, Ru",Cubic,m-3m,Gd2IrRu,(111),3
Gd2MgAl (111),10.514293396429167,"Al, Gd, Mg",Cubic,m-3m,Gd2MgAl,(111),3
Gd2MgIn (111),10.73029508678731,"Gd, In, Mg",Cubic,m-3m,Gd2MgIn,(111),3
Gd2MgTl (111),7.634139184000209,"Gd, Mg, Tl",Cubic,m-3m,Gd2MgTl,(111),3
Gd2MnGa6 (111),12.390449499929481,"Ga, Gd, Mn",Cubic,m-3m,Gd2MnGa6,(111),3
Gd2Mo2O7 (111),14.638354001684014,"Gd, Mo, O",Cubic,m-3m,Gd2Mo2O7,(111),3
Gd2Ni7 (0001),4.947014924677902,"Gd, Ni",Trigonal,-3m,Gd2Ni7,(0001),2
Gd2NiIr (111),9.6845633533719,"Gd, Ir, Ni",Cubic,m-3m,Gd2NiIr,(111),3
Gd2NiRu (111),9.674455459924737,"Gd, Ni, Ru",Cubic,m-3m,Gd2NiRu,(111),3
Gd2O3 (111),15.282012067365306,"Gd, O",Cubic,m-3,Gd2O3,(111),2
Gd2PdRu (111),6.918311330367555,"Gd, Pd, Ru",Cubic,m-3m,Gd2PdRu,(111),3
Gd2RuRh (111),9.70755654256564,"Gd, Rh, Ru",Cubic,m-3m,Gd2RuRh,(111),3
Gd2SO2 (0001),3.8549060835972426,"Gd, O, S",Trigonal,-3m,Gd2SO2,(0001),3
Gd2SeO2 (0001),3.8928482210424242,"Gd, O, Se",Trigonal,-3m,Gd2SeO2,(0001),3
Gd2Sn2O7 (111),14.833939284811873,"Gd, O, Sn",Cubic,m-3m,Gd2Sn2O7,(111),3
Gd2TlAg (111),10.56807557051069,"Ag, Gd, Tl",Cubic,m-3m,Gd2TlAg,(111),3
Gd2TlHg (111),10.672719539383163,"Gd, Hg, Tl",Cubic,m-3m,Gd2TlHg,(111),3
Gd2TlZn (111),10.492616161239486,"Gd, Tl, Zn",Cubic,m-3m,Gd2TlZn,(111),3
Gd2Zn17 (0001),8.89343462494185,"Gd, Zn",Trigonal,-3m,Gd2Zn17,(0001),2
Gd2ZnGa (111),10.15830184508582,"Ga, Gd, Zn",Cubic,m-3m,Gd2ZnGa,(111),3
Gd2ZnRu (111),9.899716259551864,"Gd, Ru, Zn",Cubic,m-3m,Gd2ZnRu,(111),3
Gd3(AlNi3)2 (111),12.603812631225228,"Al, Gd, Ni",Cubic,m-3m,Gd3(AlNi3)2,(111),3
Gd3(GaNi3)2 (111),12.634255868694762,"Ga, Gd, Ni",Cubic,m-3m,Gd3(GaNi3)2,(111),3
Gd3(MnC3)2 (0001),8.13930392775734,"C, Gd, Mn",Hexagonal,6/m,Gd3(MnC3)2,(0001),3
Gd3(SiNi3)2 (111),12.485415548109241,"Gd, Ni, Si",Cubic,m-3m,Gd3(SiNi3)2,(111),3
Gd3Al (111),6.799125800961086,"Al, Gd",Cubic,m-3m,Gd3Al,(111),2
Gd3Al7Ag2 (0001),5.550832974729183,"Ag, Al, Gd",Trigonal,-3m,Gd3Al7Ag2,(0001),3
Gd3AlC (111),6.9867671730944725,"Al, C, Gd",Cubic,m-3m,Gd3AlC,(111),3
Gd3As5O12 (111),15.01055679643106,"As, Gd, O",Cubic,-43m,Gd3As5O12,(111),3
Gd3CCl3 (111),15.23718566302926,"C, Cl, Gd",Cubic,432,Gd3CCl3,(111),3
Gd3Co11B4 (0001),5.044311510000441,"B, Co, Gd",Hexagonal,6/mmm,Gd3Co11B4,(0001),3
Gd3Co4Ge13 (111),12.41754885346452,"Co, Gd, Ge",Cubic,m-3m,Gd3Co4Ge13,(111),3
Gd3Cu3Sb4 (111),13.673589699953995,"Cu, Gd, Sb",Cubic,-43m,Gd3Cu3Sb4,(111),3
Gd3Ge13Ir4 (111),12.83630738877813,"Gd, Ge, Ir",Cubic,m-3m,Gd3Ge13Ir4,(111),3
Gd3Ge13Os4 (111),12.843222893098137,"Gd, Ge, Os",Cubic,m-3m,Gd3Ge13Os4,(111),3
Gd3Ge13Ru4 (111),12.76172520203753,"Gd, Ge, Ru",Cubic,m-3m,Gd3Ge13Ru4,(111),3
Gd3I (111),7.153752523079659,"Gd, I",Cubic,m-3m,Gd3I,(111),2
Gd3In (111),6.915764026183029,"Gd, In",Cubic,m-3m,Gd3In,(111),2
Gd3InN (111),6.896094924240954,"Gd, In, N",Cubic,m-3m,Gd3InN,(111),3
Gd3Lu (0001),7.150449849099214,"Gd, Lu",Hexagonal,6/mmm,Gd3Lu,(0001),2
Gd3Ni7B2 (0001),5.108839,"B, Gd, Ni",Hexagonal,6/mmm,Gd3Ni7B2,(0001),3
Gd3Sb4Au3 (111),14.14933962761768,"Au, Gd, Sb",Cubic,-43m,Gd3Sb4Au3,(111),3
Gd3Sb5O12 (111),15.358349420950466,"Gd, O, Sb",Cubic,-43m,Gd3Sb5O12,(111),3
Gd3SnC (111),6.996790538997014,"C, Gd, Sn",Cubic,m-3m,Gd3SnC,(111),3
Gd3TlC (111),7.026332456223358,"C, Gd, Tl",Cubic,m-3m,Gd3TlC,(111),3
Gd3Y3Fe23 (0001),8.505341088524153,"Fe, Gd, Y",Trigonal,3m,Gd3Y3Fe23,(0001),3
Gd4Co3 (0001),11.327790079037527,"Co, Gd",Trigonal,-3,Gd4Co3,(0001),2
Gd4Sb3 (111),13.17506264664463,"Gd, Sb",Cubic,-43m,Gd4Sb3,(111),2
Gd5(FeB3)2 (0001),5.432499997376392,"B, Fe, Gd",Trigonal,-3m,Gd5(FeB3)2,(0001),3
Gd5CuBi3 (0001),9.39132174132608,"Bi, Cu, Gd",Hexagonal,6/mmm,Gd5CuBi3,(0001),3
Gd5P12Ru19 (0001),12.478794534269031,"Gd, P, Ru",Hexagonal,-6m2,Gd5P12Ru19,(0001),3
Gd5Pb3 (0001),9.19063220452517,"Gd, Pb",Hexagonal,6/mmm,Gd5Pb3,(0001),2
Gd6WO12 (0001),9.903609018945156,"Gd, O, W",Trigonal,-3,Gd6WO12,(0001),3
GdAg (111),5.167531449590228,"Ag, Gd",Cubic,m-3m,GdAg,(111),2
GdAgGe (0001),7.1828223436870005,"Ag, Gd, Ge",Hexagonal,-6m2,GdAgGe,(0001),3
GdAl2 (111),11.150208190335858,"Al, Gd",Cubic,m-3m,GdAl2,(111),2
GdAl3 (0001),6.325597411051675,"Al, Gd",Hexagonal,6/mmm,GdAl3,(0001),2
GdAl3Ni2 (0001),9.022178191396513,"Al, Gd, Ni",Hexagonal,6/mmm,GdAl3Ni2,(0001),3
GdAl3Pd2 (0001),5.397874551917295,"Al, Gd, Pd",Hexagonal,6/mmm,GdAl3Pd2,(0001),3
GdAl7Au3 (0001),8.06541465577973,"Al, Au, Gd",Trigonal,-3m,GdAl7Au3,(0001),3
GdAlCu (0001),7.07205088117268,"Al, Cu, Gd",Hexagonal,-6m2,GdAlCu,(0001),3
GdAlNi (0001),6.971289219001705,"Al, Gd, Ni",Hexagonal,-6m2,GdAlNi,(0001),3
GdAlPd (0001),7.088522088899983,"Al, Gd, Pd",Hexagonal,-6m2,GdAlPd,(0001),3
GdAs (111),8.328018135323632,"As, Gd",Cubic,m-3m,GdAs,(111),2
GdAu (111),5.112955483344939,"Au, Gd",Cubic,m-3m,GdAu,(111),2
GdB2Ir3 (0001),5.457449976084185,"B, Gd, Ir",Hexagonal,6/mmm,GdB2Ir3,(0001),3
GdB2Rh3 (0001),5.398516235309899,"B, Gd, Rh",Hexagonal,6/mmm,GdB2Rh3,(0001),3
GdB2Ru3 (0001),5.498807539551921,"B, Gd, Ru",Hexagonal,6/mmm,GdB2Ru3,(0001),3
GdB6 (111),5.800294989559673,"B, Gd",Cubic,m-3m,GdB6,(111),2
GdBN2 (0001),11.907604805270951,"B, Gd, N",Trigonal,-3m,GdBN2,(0001),3
GdBRh3 (111),5.9347081963465085,"B, Gd, Rh",Cubic,m-3m,GdBRh3,(111),3
GdBe13 (111),14.473103759820093,"Be, Gd",Cubic,m-3m,GdBe13,(111),2
GdBi (111),9.034416947248005,"Bi, Gd",Cubic,m-3m,GdBi,(111),2
GdBiPd (111),9.525554130166137,"Bi, Gd, Pd",Cubic,-43m,GdBiPd,(111),3
GdBiPt (111),9.543849556464115,"Bi, Gd, Pt",Cubic,-43m,GdBiPt,(111),3
GdCd (111),5.316858556626052,"Cd, Gd",Cubic,m-3m,GdCd,(111),2
GdCd2 (0001),4.964639604781963,"Cd, Gd",Hexagonal,6/mmm,GdCd2,(0001),2
GdCd3 (0001),6.647939408343317,"Cd, Gd",Hexagonal,6/mmm,GdCd3,(0001),2
GdCdAg2 (111),9.894103926227627,"Ag, Cd, Gd",Cubic,m-3m,GdCdAg2,(111),3
GdCdAu2 (111),9.872606890130063,"Au, Cd, Gd",Cubic,m-3m,GdCdAu2,(111),3
GdCdHg2 (111),10.175104993232782,"Cd, Gd, Hg",Cubic,m-3m,GdCdHg2,(111),3
GdCdPd (0001),7.602860809654357,"Cd, Gd, Pd",Hexagonal,-6m2,GdCdPd,(0001),3
GdCl3 (0001),7.458317403678345,"Cl, Gd",Hexagonal,6/m,GdCl3,(0001),2
GdCo3B2 (0001),5.059458550888167,"B, Co, Gd",Hexagonal,6/mmm,GdCo3B2,(0001),3
GdCo4B (0001),5.04747809511523,"B, Co, Gd",Hexagonal,6/mmm,GdCo4B,(0001),3
GdCo5 (0001),4.99302739787761,"Co, Gd",Hexagonal,6/mmm,GdCo5,(0001),2
GdCu4Au (111),10.034405383017814,"Au, Cu, Gd",Cubic,-43m,GdCu4Au,(111),3
GdCu4Pd (111),9.950606718768741,"Cu, Gd, Pd",Cubic,-43m,GdCu4Pd,(111),3
GdCu5 (0001),5.015705366723045,"Cu, Gd",Hexagonal,6/mmm,GdCu5,(0001),2
GdCuGe (0001),4.213741245907688,"Cu, Gd, Ge",Hexagonal,6/mmm,GdCuGe,(0001),3
GdCuPb (0001),4.583120658594391,"Cu, Gd, Pb",Hexagonal,6/mmm,GdCuPb,(0001),3
GdCuSi (0001),4.124156927017585,"Cu, Gd, Si",Hexagonal,6/mmm,GdCuSi,(0001),3
GdCuSn (0001),4.5308898748146715,"Cu, Gd, Sn",Hexagonal,6mm,GdCuSn,(0001),3
GdDy (0001),3.6101641470809143,"Dy, Gd",Hexagonal,-6m2,GdDy,(0001),2
GdDyIr2 (111),9.706275576205115,"Dy, Gd, Ir",Cubic,m-3m,GdDyIr2,(111),3
GdErCo4 (111),10.114544155561351,"Co, Er, Gd",Cubic,-43m,GdErCo4,(111),3
GdErIr2 (111),9.6603966497641,"Er, Gd, Ir",Cubic,m-3m,GdErIr2,(111),3
GdErRu2 (111),9.56218859710836,"Er, Gd, Ru",Cubic,m-3m,GdErRu2,(111),3
GdF3 (111),7.917149557816327,"F, Gd",Cubic,m-3m,GdF3,(111),2
GdGa2 (0001),4.197955252455998,"Ga, Gd",Hexagonal,6/mmm,GdGa2,(0001),2
GdGa3 (0001),6.327500844746568,"Ga, Gd",Hexagonal,6/mmm,GdGa3,(0001),2
GdGa3Os (111),9.080505077171678,"Ga, Gd, Os",Cubic,m-3m,GdGa3Os,(111),3
GdGa3Ru (111),9.08089377848303,"Ga, Gd, Ru",Cubic,m-3m,GdGa3Ru,(111),3
GdGaI (0001),4.214365946321852,"Ga, Gd, I",Trigonal,-3m,GdGaI,(0001),3
GdGaRh2 (111),9.129646014419944,"Ga, Gd, Rh",Cubic,m-3m,GdGaRh2,(111),3
GdH2 (111),7.4788863888258925,"Gd, H",Cubic,m-3m,GdH2,(111),2
GdH3 (0001),6.430810014270446,"Gd, H",Trigonal,-3m,GdH3,(0001),2
GdHSe (0001),3.8865183470648543,"Gd, H, Se",Hexagonal,-6m2,GdHSe,(0001),3
GdHg (111),5.280834407688806,"Gd, Hg",Cubic,m-3m,GdHg,(111),2
GdHg3 (0001),6.664127520409631,"Gd, Hg",Hexagonal,6/mmm,GdHg3,(0001),2
GdHoAl6 (0001),6.265616406070398,"Al, Gd, Ho",Hexagonal,-6m2,GdHoAl6,(0001),3
GdHoIr2 (111),9.7233206962926,"Gd, Ho, Ir",Cubic,m-3m,GdHoIr2,(111),3
GdIn3 (111),6.5610179302976555,"Gd, In",Cubic,m-3m,GdIn3,(111),2
GdInAu (0001),7.7169110088839465,"Au, Gd, In",Hexagonal,-6m2,GdInAu,(0001),3
GdInAu2 (111),9.891511899041967,"Au, Gd, In",Cubic,m-3m,GdInAu2,(111),3
GdInCu4 (111),10.1900456221181,"Cu, Gd, In",Cubic,-43m,GdInCu4,(111),3
GdInIr (0001),7.484569477735635,"Gd, In, Ir",Hexagonal,-6m2,GdInIr,(0001),3
GdInNi4 (111),9.913692057730747,"Gd, In, Ni",Cubic,-43m,GdInNi4,(111),3
GdInO3 (0001),6.367221627425291,"Gd, In, O",Hexagonal,6mm,GdInO3,(0001),3
GdInPd (0001),7.70518688209171,"Gd, In, Pd",Hexagonal,-6m2,GdInPd,(0001),3
GdInPd2 (111),9.695107135723257,"Gd, In, Pd",Cubic,m-3m,GdInPd2,(111),3
GdInPt2 (0001),4.570755869100715,"Gd, In, Pt",Hexagonal,6/mmm,GdInPt2,(0001),3
GdInPt4 (111),10.765858909210001,"Gd, In, Pt",Cubic,-43m,GdInPt4,(111),3
GdInRh (0001),7.496203589231928,"Gd, In, Rh",Hexagonal,-6m2,GdInRh,(0001),3
GdIr3 (0001),9.251063191832223,"Gd, Ir",Trigonal,-3m,GdIr3,(0001),2
GdLuAg2 (111),10.168981335370622,"Ag, Gd, Lu",Cubic,m-3m,GdLuAg2,(111),3
GdLuCu2 (111),9.681200721216102,"Cu, Gd, Lu",Cubic,m-3m,GdLuCu2,(111),3
GdLuIr2 (111),9.599020431695346,"Gd, Ir, Lu",Cubic,m-3m,GdLuIr2,(111),3
GdLuRu2 (111),9.486524126870611,"Gd, Lu, Ru",Cubic,m-3m,GdLuRu2,(111),3
GdMg (111),5.417337185724726,"Gd, Mg",Cubic,m-3m,GdMg,(111),2
GdMg2 (111),12.171931898213973,"Gd, Mg",Cubic,m-3m,GdMg2,(111),2
GdMgAg2 (111),9.924963027823832,"Ag, Gd, Mg",Cubic,m-3m,GdMgAg2,(111),3
GdMgAu (0001),7.482843156833704,"Au, Gd, Mg",Hexagonal,-6m2,GdMgAu,(0001),3
GdMgCd2 (111),10.192974260415877,"Cd, Gd, Mg",Cubic,m-3m,GdMgCd2,(111),3
GdMgGa (0001),7.3161690747847645,"Ga, Gd, Mg",Hexagonal,-6m2,GdMgGa,(0001),3
GdMgHg2 (111),10.150047250227875,"Gd, Hg, Mg",Cubic,m-3m,GdMgHg2,(111),3
GdMgIn (0001),7.558617507626164,"Gd, In, Mg",Hexagonal,-6m2,GdMgIn,(0001),3
GdMgNi4 (111),9.847080674973347,"Gd, Mg, Ni",Cubic,-43m,GdMgNi4,(111),3
GdMgPd (0001),7.482142414860324,"Gd, Mg, Pd",Hexagonal,-6m2,GdMgPd,(0001),3
GdMgPt (0001),7.390136621222403,"Gd, Mg, Pt",Hexagonal,-6m2,GdMgPt,(0001),3
GdMgRh2 (111),9.284005032001858,"Gd, Mg, Rh",Cubic,m-3m,GdMgRh2,(111),3
GdMgTl (0001),7.569398012712217,"Gd, Mg, Tl",Hexagonal,-6m2,GdMgTl,(0001),3
GdMgZn2 (111),9.666798996403024,"Gd, Mg, Zn",Cubic,m-3m,GdMgZn2,(111),3
GdN (111),7.038409297172477,"Gd, N",Cubic,m-3m,GdN,(111),2
GdNi2 (111),10.106183382786433,"Gd, Ni",Cubic,m-3m,GdNi2,(111),2
GdNi3 (0001),4.938837925012622,"Gd, Ni",Trigonal,-3m,GdNi3,(0001),2
GdNi4B (0001),5.005528256623114,"B, Gd, Ni",Hexagonal,6/mmm,GdNi4B,(0001),3
GdNi5 (0001),4.861846286252269,"Gd, Ni",Hexagonal,6/mmm,GdNi5,(0001),2
GdNiAs (0001),4.036268427169473,"As, Gd, Ni",Hexagonal,-6m2,GdNiAs,(0001),3
GdNiBi (111),9.18488009562248,"Bi, Gd, Ni",Cubic,-43m,GdNiBi,(111),3
GdNiSb (111),9.014928512986293,"Gd, Ni, Sb",Cubic,-43m,GdNiSb,(111),3
GdOF (0001),3.86074117733137,"F, Gd, O",Trigonal,-3m,GdOF,(0001),3
GdOs2 (0001),5.296632475848144,"Gd, Os",Hexagonal,6/mmm,GdOs2,(0001),2
GdP (111),8.117409127005258,"Gd, P",Cubic,m-3m,GdP,(111),2
GdPPd (0001),4.167671248345556,"Gd, P, Pd",Hexagonal,6/mmm,GdPPd,(0001),3
GdPPt (0001),4.123230637327581,"Gd, P, Pt",Hexagonal,-6m2,GdPPt,(0001),3
GdPaRu2 (111),9.68655892184549,"Gd, Pa, Ru",Cubic,m-3m,GdPaRu2,(111),3
GdPaTc2 (111),9.69522737216033,"Gd, Pa, Tc",Cubic,m-3m,GdPaTc2,(111),3
GdPb3 (111),6.887087508661908,"Gd, Pb",Cubic,m-3m,GdPb3,(111),2
GdPbAu (111),9.67790070260856,"Au, Gd, Pb",Cubic,-43m,GdPbAu,(111),3
GdPd3 (111),5.826152828601538,"Gd, Pd",Cubic,m-3m,GdPd3,(111),2
GdPt2 (111),10.86295838148709,"Gd, Pt",Cubic,m-3m,GdPt2,(111),2
GdPt3 (111),5.832184364592246,"Gd, Pt",Cubic,m-3m,GdPt3,(111),2
GdRh (111),4.876141640466559,"Gd, Rh",Cubic,m-3m,GdRh,(111),2
GdRh2 (111),10.650921141753463,"Gd, Rh",Cubic,m-3m,GdRh2,(111),2
GdRh3 (0001),5.243866640010091,"Gd, Rh",Hexagonal,6/mmm,GdRh3,(0001),2
GdRh3C (111),5.8968265816040795,"C, Gd, Rh",Cubic,m-3m,GdRh3C,(111),3
GdRu2 (111),7.551381840493877,"Gd, Ru",Cubic,m-3m,GdRu2,(111),2
GdS (111),7.907146334121971,"Gd, S",Cubic,m-3m,GdS,(111),2
GdSb (111),8.869256300701263,"Gd, Sb",Cubic,m-3m,GdSb,(111),2
GdSbPd (0001),4.592576996647572,"Gd, Pd, Sb",Hexagonal,6mm,GdSbPd,(0001),3
GdSbPt (111),9.374149240312642,"Gd, Pt, Sb",Cubic,-43m,GdSbPt,(111),3
GdSe (111),8.23513719172197,"Gd, Se",Cubic,m-3m,GdSe,(111),2
GdSi2Rh3 (0001),5.512994758648954,"Gd, Rh, Si",Hexagonal,6/mmm,GdSi2Rh3,(0001),3
GdSiAg (0001),7.077724675831602,"Ag, Gd, Si",Hexagonal,-6m2,GdSiAg,(0001),3
GdSnAu (111),9.54490586582518,"Au, Gd, Sn",Cubic,-43m,GdSnAu,(111),3
GdSnPt (0001),7.510014335182313,"Gd, Pt, Sn",Hexagonal,-6m2,GdSnPt,(0001),3
GdSnPt2 (0001),4.54847212834181,"Gd, Pt, Sn",Hexagonal,6/mmm,GdSnPt2,(0001),3
GdTe (0001),4.1415481357945705,"Gd, Te",Hexagonal,-6m2,GdTe,(0001),2
GdThN2 (0001),3.6041917552024363,"Gd, N, Th",Trigonal,-3m,GdThN2,(0001),3
GdThRu2 (111),9.860038349937186,"Gd, Ru, Th",Cubic,m-3m,GdThRu2,(111),3
GdTl (111),5.3931951318593185,"Gd, Tl",Cubic,m-3m,GdTl,(111),2
GdTl3 (111),6.714313504437263,"Gd, Tl",Cubic,m-3m,GdTl3,(111),2
GdTlPd (0001),7.810156503809931,"Gd, Pd, Tl",Hexagonal,-6m2,GdTlPd,(0001),3
GdTlSe2 (0001),4.215559085652317,"Gd, Se, Tl",Trigonal,-3m,GdTlSe2,(0001),3
GdTlTe2 (0001),4.492398815654793,"Gd, Te, Tl",Trigonal,-3m,GdTlTe2,(0001),3
GdTlZn (0001),4.713808856780714,"Gd, Tl, Zn",Hexagonal,6/mmm,GdTlZn,(0001),3
GdTmIr2 (111),9.635249613314864,"Gd, Ir, Tm",Cubic,m-3m,GdTmIr2,(111),3
GdUN2 (0001),3.4644941968866614,"Gd, N, U",Trigonal,-3m,GdUN2,(0001),3
GdYCo4 (111),10.169173579061814,"Co, Gd, Y",Cubic,-43m,GdYCo4,(111),3
GdZn (111),5.068329855338378,"Gd, Zn",Cubic,m-3m,GdZn,(111),2
GdZnGa (0001),4.394269302554578,"Ga, Gd, Zn",Hexagonal,6/mmm,GdZnGa,(0001),3
GdZnGe (0001),4.218579882381789,"Gd, Ge, Zn",Hexagonal,6/mmm,GdZnGe,(0001),3
GdZnIn (0001),4.692971817419692,"Gd, In, Zn",Hexagonal,6/mmm,GdZnIn,(0001),3
GdZnPd (0001),7.311209037067951,"Gd, Pd, Zn",Hexagonal,-6m2,GdZnPd,(0001),3
GdZnSi (0001),4.108614181433805,"Gd, Si, Zn",Hexagonal,-6m2,GdZnSi,(0001),3
GdZrRu2 (111),9.431721993683633,"Gd, Ru, Zr",Cubic,m-3m,GdZrRu2,(111),3
Ge (111),8.025455795137184,Ge,Cubic,m-3m,Ge,(111),1
Ge19(AsBr)4 (111),15.161969288442695,"As, Br, Ge",Cubic,-43m,Ge19(AsBr)4,(111),3
Ge19(PBr)4 (111),14.95289435954451,"Br, Ge, P",Cubic,-43m,Ge19(PBr)4,(111),3
Ge19(PCl)4 (111),14.870005124764935,"Cl, Ge, P",Cubic,-43m,Ge19(PCl)4,(111),3
Ge19(PI)4 (111),15.116593822029882,"Ge, I, P",Cubic,-43m,Ge19(PI)4,(111),3
Ge2S3I2 (0001),11.335577554360649,"Ge, I, S",Trigonal,-3,Ge2S3I2,(0001),3
Ge3(BiO3)4 (111),14.858302898910361,"Bi, Ge, O",Cubic,-43m,Ge3(BiO3)4,(111),3
Ge3Ir2Se3 (0001),12.16004835476452,"Ge, Ir, Se",Trigonal,-3,Ge3Ir2Se3,(0001),3
Ge3N4 (0001),8.22337103529955,"Ge, N",Trigonal,3m,Ge3N4,(0001),2
Ge3Pb5O11 (0001),10.435670584124482,"Ge, O, Pb",Trigonal,3,Ge3Pb5O11,(0001),3
Ge3Rh2S3 (0001),11.741531971609401,"Ge, Rh, S",Trigonal,-3,Ge3Rh2S3,(0001),3
Ge3Rh2Se3 (0001),12.1248917860372,"Ge, Rh, Se",Trigonal,-3,Ge3Rh2Se3,(0001),3
GeF4 (111),7.512302138194357,"F, Ge",Cubic,-43m,GeF4,(111),2
GeI2 (0001),4.263129282622604,"Ge, I",Trigonal,-3m,GeI2,(0001),2
GeMo3 (111),6.986164864252304,"Ge, Mo",Cubic,m-3m,GeMo3,(111),2
GePbO3 (0001),15.633425077500466,"Ge, O, Pb",Trigonal,-3,GePbO3,(0001),3
GePd2 (0001),6.6931392328792185,"Ge, Pd",Hexagonal,-6m2,GePd2,(0001),2
GeSbTe3 (0001),4.206960100719044,"Ge, Sb, Te",Trigonal,3m,GeSbTe3,(0001),3
GeTe (0001),4.188986794466971,"Ge, Te",Trigonal,3m,GeTe,(0001),2
GeTePt (111),8.901469562260433,"Ge, Pt, Te",Cubic,23,GeTePt,(111),3
H3N (111),7.038667438183962,"H, N",Cubic,23,H3N,(111),2
H4C (111),7.011457807675558,"C, H",Cubic,-43m,H4C,(111),2
H4NCl (111),5.386168017804972,"Cl, H, N",Cubic,-43m,H4NCl,(111),3
H4NF (0001),4.407667535790542,"F, H, N",Hexagonal,6mm,H4NF,(0001),3
H7NF4 (0001),7.600677416504961,"F, H, N",Trigonal,3m,H7NF4,(0001),3
HPd (0001),2.92286121887679,"H, Pd",Hexagonal,6mm,HPd,(0001),2
He (111),4.607759629362731,He,Cubic,m-3m,He,(111),1
Hf (0001),3.192384631490417,Hf,Hexagonal,6/mmm,Hf,(0001),1
Hf(BH4)4 (111),8.460848529780469,"B, H, Hf",Cubic,-43m,Hf(BH4)4,(111),3
Hf(CuP)2 (0001),3.7782895378397656,"Cu, Hf, P",Trigonal,-3m,Hf(CuP)2,(0001),3
Hf(MnGe)6 (0001),5.09120359298989,"Ge, Hf, Mn",Hexagonal,6/mmm,Hf(MnGe)6,(0001),3
Hf(MnSn)6 (0001),5.570359043985531,"Hf, Mn, Sn",Hexagonal,6/mmm,Hf(MnSn)6,(0001),3
Hf(MoO4)2 (0001),10.034235415573566,"Hf, Mo, O",Trigonal,-3m,Hf(MoO4)2,(0001),3
Hf(TlTe)4 (0001),14.86071539900257,"Hf, Te, Tl",Trigonal,-3,Hf(TlTe)4,(0001),3
Hf10CuSn7 (0001),8.620266369438923,"Cu, Hf, Sn",Trigonal,-3m,Hf10CuSn7,(0001),3
Hf14Cu51 (0001),11.118058286871948,"Cu, Hf",Hexagonal,-6,Hf14Cu51,(0001),2
Hf2(Ni7B2)3 (111),14.962469999575339,"B, Hf, Ni",Cubic,m-3m,Hf2(Ni7B2)3,(111),3
Hf2Al3Au (0001),5.294238674734493,"Al, Au, Hf",Trigonal,-3m,Hf2Al3Au,(0001),3
Hf2Al3C4 (0001),3.3179130924668594,"Al, C, Hf",Hexagonal,6/mmm,Hf2Al3C4,(0001),3
Hf2Al3Cu (0001),5.233735990764151,"Al, Cu, Hf",Trigonal,-3m,Hf2Al3Cu,(0001),3
Hf2Al3Pd (0001),5.294726890773172,"Al, Hf, Pd",Hexagonal,6/mmm,Hf2Al3Pd,(0001),3
Hf2Al3Zn (0001),5.254717739299407,"Al, Hf, Zn",Trigonal,-3m,Hf2Al3Zn,(0001),3
Hf2Be17 (0001),7.476712204044265,"Be, Hf",Hexagonal,6/mmm,Hf2Be17,(0001),2
Hf2CN (0001),3.2353550503070077,"C, Hf, N",Trigonal,-3m,Hf2CN,(0001),3
Hf2CS (0001),3.3735145869184793,"C, Hf, S",Hexagonal,6/mmm,Hf2CS,(0001),3
Hf2Co4P3 (0001),11.947402952187307,"Co, Hf, P",Hexagonal,-6m2,Hf2Co4P3,(0001),3
Hf2CoOs (111),9.087840183369257,"Co, Hf, Os",Cubic,m-3m,Hf2CoOs,(111),3
Hf2CoTc (111),9.048714951646948,"Co, Hf, Tc",Cubic,m-3m,Hf2CoTc,(111),3
Hf2CuRe (111),9.177234008576153,"Cu, Hf, Re",Cubic,m-3m,Hf2CuRe,(111),3
Hf2CuTc (111),9.154027669114292,"Cu, Hf, Tc",Cubic,m-3m,Hf2CuTc,(111),3
Hf2Fe3Si (0001),4.928070083747279,"Fe, Hf, Si",Hexagonal,6/mmm,Hf2Fe3Si,(0001),3
Hf2FeIr (111),9.090686118457908,"Fe, Hf, Ir",Cubic,m-3m,Hf2FeIr,(111),3
Hf2FeOs (111),9.023634015546234,"Fe, Hf, Os",Cubic,m-3m,Hf2FeOs,(111),3
Hf2FeRh (111),9.071282175001198,"Fe, Hf, Rh",Cubic,m-3m,Hf2FeRh,(111),3
Hf2FeTc (111),9.004659281196698,"Fe, Hf, Tc",Cubic,m-3m,Hf2FeTc,(111),3
Hf2InC (0001),3.310068831775812,"C, Hf, In",Hexagonal,6/mmm,Hf2InC,(0001),3
Hf2IrRh (111),9.20597270722452,"Hf, Ir, Rh",Cubic,m-3m,Hf2IrRh,(111),3
Hf2MnIr (111),9.054212888130744,"Hf, Ir, Mn",Cubic,m-3m,Hf2MnIr,(111),3
Hf2MnRh (111),9.029794471243534,"Hf, Mn, Rh",Cubic,m-3m,Hf2MnRh,(111),3
Hf2MoIr (111),9.233700011161142,"Hf, Ir, Mo",Cubic,m-3m,Hf2MoIr,(111),3
Hf2MoPt (111),9.294670246227072,"Hf, Mo, Pt",Cubic,m-3m,Hf2MoPt,(111),3
Hf2OsRh (111),9.17747295409965,"Hf, Os, Rh",Cubic,m-3m,Hf2OsRh,(111),3
Hf2OsRu (111),9.1455929034485,"Hf, Os, Ru",Cubic,m-3m,Hf2OsRu,(111),3
Hf2PbC (0001),3.3659765255742107,"C, Hf, Pb",Hexagonal,6/mmm,Hf2PbC,(0001),3
Hf2ReIr (111),9.201680273920962,"Hf, Ir, Re",Cubic,m-3m,Hf2ReIr,(111),3
Hf2RePd (111),9.265001742744758,"Hf, Pd, Re",Cubic,m-3m,Hf2RePd,(111),3
Hf2ReRh (111),9.193808167263098,"Hf, Re, Rh",Cubic,m-3m,Hf2ReRh,(111),3
Hf2S (0001),3.3742737661545514,"Hf, S",Hexagonal,6/mmm,Hf2S,(0001),2
Hf2SN2 (0001),3.5696804776121094,"Hf, N, S",Trigonal,-3m,Hf2SN2,(0001),3
Hf2SbP (0001),3.8016356692555475,"Hf, P, Sb",Hexagonal,6/mmm,Hf2SbP,(0001),3
Hf2Se (0001),3.4359396426337687,"Hf, Se",Hexagonal,6/mmm,Hf2Se,(0001),2
Hf2SeN2 (0001),3.601783156116274,"Hf, N, Se",Trigonal,-3m,Hf2SeN2,(0001),3
Hf2SnC (0001),3.3267918322630887,"C, Hf, Sn",Hexagonal,6/mmm,Hf2SnC,(0001),3
Hf2TcIr (111),9.175527165943455,"Hf, Ir, Tc",Cubic,m-3m,Hf2TcIr,(111),3
Hf2TcOs (111),9.16300226838111,"Hf, Os, Tc",Cubic,m-3m,Hf2TcOs,(111),3
Hf2TcPd (111),9.244665662844818,"Hf, Pd, Tc",Cubic,m-3m,Hf2TcPd,(111),3
Hf2TcRh (111),9.163289254054684,"Hf, Rh, Tc",Cubic,m-3m,Hf2TcRh,(111),3
Hf2TcRu (111),9.13847298870019,"Hf, Ru, Tc",Cubic,m-3m,Hf2TcRu,(111),3
Hf2TlC (0001),3.3286977814134002,"C, Hf, Tl",Hexagonal,6/mmm,Hf2TlC,(0001),3
Hf2V3Ru (0001),5.219553008882609,"Hf, Ru, V",Hexagonal,6/mmm,Hf2V3Ru,(0001),3
Hf2ZnRe (111),9.272800292568489,"Hf, Re, Zn",Cubic,m-3m,Hf2ZnRe,(111),3
Hf2ZnTc (111),9.253081110353348,"Hf, Tc, Zn",Cubic,m-3m,Hf2ZnTc,(111),3
Hf3(Cu2Ge)2 (0001),6.323999134262106,"Cu, Ge, Hf",Hexagonal,-6m2,Hf3(Cu2Ge)2,(0001),3
Hf3(Cu2Si)2 (0001),6.2542475478923345,"Cu, Hf, Si",Hexagonal,-6m2,Hf3(Cu2Si)2,(0001),3
Hf3Al3C5 (0001),3.3132777704622063,"Al, C, Hf",Hexagonal,6/mmm,Hf3Al3C5,(0001),3
Hf3N2 (0001),3.1988521548859676,"Hf, N",Trigonal,-3m,Hf3N2,(0001),2
Hf3Nb2Ga3 (0001),7.8942847896925255,"Ga, Hf, Nb",Hexagonal,6/mmm,Hf3Nb2Ga3,(0001),3
Hf3Ni3Sb4 (111),12.772649789674828,"Hf, Ni, Sb",Cubic,-43m,Hf3Ni3Sb4,(111),3
Hf3Ti2Ga3 (0001),7.831592730350732,"Ga, Hf, Ti",Hexagonal,6/mmm,Hf3Ti2Ga3,(0001),3
Hf4Al3 (0001),5.326831933616079,"Al, Hf",Hexagonal,6/mmm,Hf4Al3,(0001),2
Hf4C3N (0001),3.2596307611924322,"C, Hf, N",Trigonal,-3m,Hf4C3N,(0001),3
Hf4Co7Ge6 (111),11.077775250374058,"Co, Ge, Hf",Cubic,m-3m,Hf4Co7Ge6,(111),3
Hf5CuPb3 (0001),8.639558074593346,"Cu, Hf, Pb",Hexagonal,6/mmm,Hf5CuPb3,(0001),3
Hf5CuSb3 (0001),8.52118762788481,"Cu, Hf, Sb",Hexagonal,6/mmm,Hf5CuSb3,(0001),3
Hf5CuSn3 (0001),8.528604304988304,"Cu, Hf, Sn",Hexagonal,6/mmm,Hf5CuSn3,(0001),3
Hf5Ga3 (0001),7.953370740331145,"Ga, Hf",Hexagonal,6/mmm,Hf5Ga3,(0001),2
Hf5GaSn3 (0001),8.58560411851413,"Ga, Hf, Sn",Hexagonal,6/mmm,Hf5GaSn3,(0001),3
Hf5Ir3 (0001),7.867855947029334,"Hf, Ir",Hexagonal,622,Hf5Ir3,(0001),2
Hf5Re24 (111),13.760046202411962,"Hf, Re",Cubic,-43m,Hf5Re24,(111),2
Hf5Sc (0001),5.561472895237745,"Hf, Sc",Hexagonal,-6m2,Hf5Sc,(0001),2
Hf5Si3N (0001),7.787251996844893,"Hf, N, Si",Hexagonal,6/mmm,Hf5Si3N,(0001),3
Hf5Sn3 (0001),8.394603313851878,"Hf, Sn",Hexagonal,6/mmm,Hf5Sn3,(0001),2
Hf5Sn4 (0001),8.725362517958253,"Hf, Sn",Hexagonal,6/mmm,Hf5Sn4,(0001),2
Hf5ZnSb3 (0001),8.551143578813814,"Hf, Sb, Zn",Hexagonal,6/mmm,Hf5ZnSb3,(0001),3
Hf6Al2Co (0001),7.810225362808648,"Al, Co, Hf",Hexagonal,-6m2,Hf6Al2Co,(0001),3
Hf6Al2Fe (0001),7.828532317731779,"Al, Fe, Hf",Hexagonal,-6m2,Hf6Al2Fe,(0001),3
Hf6Al2Ni (0001),7.7979979849062575,"Al, Hf, Ni",Hexagonal,-6m2,Hf6Al2Ni,(0001),3
Hf6Al2Pt (0001),7.903400919877535,"Al, Hf, Pt",Hexagonal,-6m2,Hf6Al2Pt,(0001),3
Hf6Be15Cu8 (111),15.59020280576603,"Be, Cu, Hf",Cubic,m-3m,Hf6Be15Cu8,(111),3
Hf6Be15Ni8 (111),15.44088914420621,"Be, Hf, Ni",Cubic,m-3m,Hf6Be15Ni8,(111),3
Hf6Co16Si7 (111),15.962077996818659,"Co, Hf, Si",Cubic,m-3m,Hf6Co16Si7,(111),3
Hf6CoBi2 (0001),7.8025597110672695,"Bi, Co, Hf",Hexagonal,-6m2,Hf6CoBi2,(0001),3
Hf6CoSb2 (0001),7.702241977271157,"Co, Hf, Sb",Hexagonal,-6m2,Hf6CoSb2,(0001),3
Hf6FeSb2 (0001),7.704216038846315,"Fe, Hf, Sb",Hexagonal,-6m2,Hf6FeSb2,(0001),3
Hf6Ga2Fe (0001),7.800760290627089,"Fe, Ga, Hf",Hexagonal,-6m2,Hf6Ga2Fe,(0001),3
Hf6NiBi2 (0001),7.768907487229123,"Bi, Hf, Ni",Hexagonal,-6m2,Hf6NiBi2,(0001),3
Hf6NiSb2 (0001),7.657760176682654,"Hf, Ni, Sb",Hexagonal,-6m2,Hf6NiSb2,(0001),3
Hf6Si7Ni16 (111),15.994484211376637,"Hf, Ni, Si",Cubic,m-3m,Hf6Si7Ni16,(111),3
Hf9CoMo4 (0001),8.656906931314573,"Co, Hf, Mo",Hexagonal,6/mmm,Hf9CoMo4,(0001),3
Hf9CoRe4 (0001),8.565537781293534,"Co, Hf, Re",Hexagonal,6/mmm,Hf9CoRe4,(0001),3
Hf9FeMo4 (0001),8.66635384447012,"Fe, Hf, Mo",Hexagonal,6/mmm,Hf9FeMo4,(0001),3
Hf9FeRe4 (0001),8.533379990113694,"Fe, Hf, Re",Hexagonal,6/mmm,Hf9FeRe4,(0001),3
Hf9GeMo4 (0001),8.646228754033272,"Ge, Hf, Mo",Hexagonal,6/mmm,Hf9GeMo4,(0001),3
Hf9Mo4As (0001),8.658377994728442,"As, Hf, Mo",Hexagonal,6/mmm,Hf9Mo4As,(0001),3
Hf9Mo4P (0001),8.640232256953537,"Hf, Mo, P",Hexagonal,6/mmm,Hf9Mo4P,(0001),3
Hf9Mo4Se (0001),8.689405844677513,"Hf, Mo, Se",Hexagonal,6/mmm,Hf9Mo4Se,(0001),3
Hf9NiMo4 (0001),8.71327665531025,"Hf, Mo, Ni",Hexagonal,6/mmm,Hf9NiMo4,(0001),3
Hf9NiW4 (0001),8.721753770694427,"Hf, Ni, W",Hexagonal,6/mmm,Hf9NiW4,(0001),3
Hf9Re4As (0001),8.60568749689917,"As, Hf, Re",Hexagonal,6/mmm,Hf9Re4As,(0001),3
Hf9Re4B (0001),8.443288043531501,"B, Hf, Re",Hexagonal,6/mmm,Hf9Re4B,(0001),3
Hf9Re4Ge (0001),8.58584990773252,"Ge, Hf, Re",Hexagonal,6/mmm,Hf9Re4Ge,(0001),3
Hf9Re4Ni (0001),8.59908603233431,"Hf, Ni, Re",Hexagonal,6/mmm,Hf9Re4Ni,(0001),3
Hf9Re4O3 (0001),8.409291419346328,"Hf, O, Re",Hexagonal,6/mmm,Hf9Re4O3,(0001),3
Hf9Re4P (0001),8.533183948399214,"Hf, P, Re",Hexagonal,6/mmm,Hf9Re4P,(0001),3
Hf9Re4Se (0001),8.659265855318825,"Hf, Re, Se",Hexagonal,6/mmm,Hf9Re4Se,(0001),3
Hf9Re4Si (0001),8.534881425991589,"Hf, Re, Si",Hexagonal,6/mmm,Hf9Re4Si,(0001),3
HfAl2 (0001),5.221381814820665,"Al, Hf",Hexagonal,6/mmm,HfAl2,(0001),2
HfAlCo2 (111),8.471945973449026,"Al, Co, Hf",Cubic,m-3m,HfAlCo2,(111),3
HfAlCu2 (111),8.697936250468187,"Al, Cu, Hf",Cubic,m-3m,HfAlCu2,(111),3
HfAlNi (0001),6.842501948122355,"Al, Hf, Ni",Hexagonal,-6m2,HfAlNi,(0001),3
HfAlNi2 (111),8.527717466558114,"Al, Hf, Ni",Cubic,m-3m,HfAlNi2,(111),3
HfAlPd2 (111),9.020892291117493,"Al, Hf, Pd",Cubic,m-3m,HfAlPd2,(111),3
HfAlPt (0001),7.105967824707284,"Al, Hf, Pt",Hexagonal,-6m2,HfAlPt,(0001),3
HfAlRh2 (111),8.845669036731323,"Al, Hf, Rh",Cubic,m-3m,HfAlRh2,(111),3
HfAlRu2 (111),8.804094010715028,"Al, Hf, Ru",Cubic,m-3m,HfAlRu2,(111),3
HfAs (0001),3.786701556485227,"As, Hf",Hexagonal,6/mmm,HfAs,(0001),2
HfAsRu (0001),6.549216175393315,"As, Hf, Ru",Hexagonal,-6m2,HfAsRu,(0001),3
HfB2 (0001),3.132679083867398,"B, Hf",Hexagonal,6/mmm,HfB2,(0001),2
HfB4Ir3 (0001),7.600161316656227,"B, Hf, Ir",Hexagonal,6/m,HfB4Ir3,(0001),3
HfBRh3 (111),5.791576164957744,"B, Hf, Rh",Cubic,m-3m,HfBRh3,(111),3
HfBe13 (111),14.087108871769656,"Be, Hf",Cubic,m-3m,HfBe13,(111),2
HfBe5 (0001),4.5194023444210405,"Be, Hf",Hexagonal,6/mmm,HfBe5,(0001),2
HfBeRh2 (111),8.613868572691718,"Be, Hf, Rh",Cubic,m-3m,HfBeRh2,(111),3
HfBeSi (0001),3.693373288454065,"Be, Hf, Si",Hexagonal,6/mmm,HfBeSi,(0001),3
HfC (111),6.553858355130923,"C, Hf",Cubic,m-3m,HfC,(111),2
HfCdRh2 (111),9.0563440304276,"Cd, Hf, Rh",Cubic,m-3m,HfCdRh2,(111),3
HfCo (111),4.4733651326213275,"Co, Hf",Cubic,m-3m,HfCo,(111),2
HfCo2Sn (111),8.79030948392122,"Co, Hf, Sn",Cubic,m-3m,HfCo2Sn,(111),3
HfCoSn (0001),7.0558860867238575,"Co, Hf, Sn",Hexagonal,-6m2,HfCoSn,(0001),3
HfCuSn (0001),4.447548495139084,"Cu, Hf, Sn",Hexagonal,6mm,HfCuSn,(0001),3
HfFe2 (111),9.926113403607868,"Fe, Hf",Cubic,m-3m,HfFe2,(111),2
HfFeGe (0001),6.6715036349463,"Fe, Ge, Hf",Hexagonal,-6m2,HfFeGe,(0001),3
HfGaAu (0001),4.31666292709123,"Au, Ga, Hf",Hexagonal,-6m2,HfGaAu,(0001),3
HfGaCo (0001),6.918540952653352,"Co, Ga, Hf",Hexagonal,-6m2,HfGaCo,(0001),3
HfGaCo2 (111),8.452864029767376,"Co, Ga, Hf",Cubic,m-3m,HfGaCo2,(111),3
HfGaCu (0001),4.179237397634773,"Cu, Ga, Hf",Hexagonal,6/mmm,HfGaCu,(0001),3
HfGaNi (0001),6.812834895961191,"Ga, Hf, Ni",Hexagonal,-6m2,HfGaNi,(0001),3
HfGaPd (0001),7.144598271479206,"Ga, Hf, Pd",Hexagonal,-6m2,HfGaPd,(0001),3
HfGaPt (0001),7.118296669495249,"Ga, Hf, Pt",Hexagonal,-6m2,HfGaPt,(0001),3
HfGaRh (0001),7.2654951711321045,"Ga, Hf, Rh",Hexagonal,-6m2,HfGaRh,(0001),3
HfGaRh2 (111),8.842377869502258,"Ga, Hf, Rh",Cubic,m-3m,HfGaRh2,(111),3
HfGaRu2 (111),8.811142087401796,"Ga, Hf, Ru",Cubic,m-3m,HfGaRu2,(111),3
HfGeOs (0001),6.690400234699564,"Ge, Hf, Os",Hexagonal,-6m2,HfGeOs,(0001),3
HfGeRu (0001),6.703518282017247,"Ge, Hf, Ru",Hexagonal,-6m2,HfGeRu,(0001),3
HfGeRu2 (111),8.783819933925088,"Ge, Hf, Ru",Cubic,m-3m,HfGeRu2,(111),3
HfI3 (0001),7.627961967093183,"Hf, I",Hexagonal,6/mmm,HfI3,(0001),2
HfInCo2 (111),8.775215900301154,"Co, Hf, In",Cubic,m-3m,HfInCo2,(111),3
HfInCu2 (111),8.970705961386663,"Cu, Hf, In",Cubic,m-3m,HfInCu2,(111),3
HfInPd2 (111),9.253682292079832,"Hf, In, Pd",Cubic,m-3m,HfInPd2,(111),3
HfInRh2 (111),9.101281406467207,"Hf, In, Rh",Cubic,m-3m,HfInRh2,(111),3
HfIr3 (111),5.576326086681595,"Hf, Ir",Cubic,m-3m,HfIr3,(111),2
HfMgAu2 (111),9.392024142175412,"Au, Hf, Mg",Cubic,m-3m,HfMgAu2,(111),3
HfMgIr2 (111),8.96597310149034,"Hf, Ir, Mg",Cubic,m-3m,HfMgIr2,(111),3
HfMgPd2 (111),9.146572392487835,"Hf, Mg, Pd",Cubic,m-3m,HfMgPd2,(111),3
HfMgPt2 (111),9.148309098584937,"Hf, Mg, Pt",Cubic,m-3m,HfMgPt2,(111),3
HfMgRh2 (111),8.939087911720133,"Hf, Mg, Rh",Cubic,m-3m,HfMgRh2,(111),3
HfMn2 (0001),4.880953879748392,"Hf, Mn",Hexagonal,6/mmm,HfMn2,(0001),2
HfMnF6 (111),11.5660808488872,"F, Hf, Mn",Cubic,m-3m,HfMnF6,(111),3
HfMnGe (0001),6.743788909548736,"Ge, Hf, Mn",Hexagonal,-6m2,HfMnGe,(0001),3
HfMnRh2 (111),8.905446022998378,"Hf, Mn, Rh",Cubic,m-3m,HfMnRh2,(111),3
HfMo2 (111),10.680661252314444,"Hf, Mo",Cubic,m-3m,HfMo2,(111),2
HfMoP (0001),6.897159403212308,"Hf, Mo, P",Hexagonal,-6m2,HfMoP,(0001),3
HfN (111),6.380535965220413,"Hf, N",Cubic,m-3m,HfN,(111),2
HfNCl (0001),3.5645868965914755,"Cl, Hf, N",Trigonal,-3m,HfNCl,(0001),3
HfNbC2 (0001),3.223886511162193,"C, Hf, Nb",Trigonal,-3m,HfNbC2,(0001),3
HfNbTc2 (111),9.08758161799229,"Hf, Nb, Tc",Cubic,m-3m,HfNbTc2,(111),3
HfNi2Sb (0001),4.173281632304534,"Hf, Ni, Sb",Hexagonal,6/mmm,HfNi2Sb,(0001),3
HfNi3 (0001),5.220056264360668,"Hf, Ni",Hexagonal,6/mmm,HfNi3,(0001),2
HfNiSn (111),8.58222582401778,"Hf, Ni, Sn",Cubic,-43m,HfNiSn,(111),3
HfOs (111),4.586952885047097,"Hf, Os",Cubic,m-3m,HfOs,(111),2
HfP (0001),3.6583291629517283,"Hf, P",Hexagonal,6/mmm,HfP,(0001),2
HfPOs (0001),6.385433462156536,"Hf, Os, P",Hexagonal,-6m2,HfPOs,(0001),3
HfPRu (0001),6.398206754494619,"Hf, P, Ru",Hexagonal,-6m2,HfPRu,(0001),3
HfPaTc2 (111),9.461947640740977,"Hf, Pa, Tc",Cubic,m-3m,HfPaTc2,(111),3
HfPd3 (0001),5.619094674541124,"Hf, Pd",Hexagonal,6/mmm,HfPd3,(0001),2
HfPt3 (0001),5.662957898384464,"Hf, Pt",Hexagonal,6/mmm,HfPt3,(0001),2
HfRe2 (0001),5.255472124834608,"Hf, Re",Hexagonal,6/mmm,HfRe2,(0001),2
HfReSi (0001),6.966764341066015,"Hf, Re, Si",Hexagonal,-6m2,HfReSi,(0001),3
HfRh3 (111),5.53553834320726,"Hf, Rh",Cubic,m-3m,HfRh3,(111),2
HfRu (111),4.5610220348730515,"Hf, Ru",Cubic,m-3m,HfRu,(111),2
HfS (0001),3.385195996603489,"Hf, S",Hexagonal,-6m2,HfS,(0001),2
HfS2 (0001),3.639664180016492,"Hf, S",Trigonal,-3m,HfS2,(0001),2
HfScCo2 (111),8.90330777119094,"Co, Hf, Sc",Cubic,m-3m,HfScCo2,(111),3
HfScOs2 (111),9.108454806772444,"Hf, Os, Sc",Cubic,m-3m,HfScOs2,(111),3
HfScRh2 (111),9.142334338558683,"Hf, Rh, Sc",Cubic,m-3m,HfScRh2,(111),3
HfScRu2 (111),9.071071457180404,"Hf, Ru, Sc",Cubic,m-3m,HfScRu2,(111),3
HfSe2 (0001),3.766327657969214,"Hf, Se",Trigonal,-3m,HfSe2,(0001),2
HfSiRu2 (111),8.686454271719908,"Hf, Ru, Si",Cubic,m-3m,HfSiRu2,(111),3
HfSnIr (0001),7.297045149746042,"Hf, Ir, Sn",Hexagonal,-6m2,HfSnIr,(0001),3
HfSnPd (111),8.93593264262114,"Hf, Pd, Sn",Cubic,-43m,HfSnPd,(111),3
HfSnRh (0001),7.325414832737462,"Hf, Rh, Sn",Hexagonal,-6m2,HfSnRh,(0001),3
HfSnRh2 (111),9.12545817927557,"Hf, Rh, Sn",Cubic,m-3m,HfSnRh2,(111),3
HfSnRu2 (111),9.054290879881895,"Hf, Ru, Sn",Cubic,m-3m,HfSnRu2,(111),3
HfTaB4 (0001),3.114138643134175,"B, Hf, Ta",Hexagonal,6/mmm,HfTaB4,(0001),3
HfTaC2 (0001),3.207010577234649,"C, Hf, Ta",Trigonal,-3m,HfTaC2,(0001),3
HfTaRe2 (111),9.118334587571997,"Hf, Re, Ta",Cubic,m-3m,HfTaRe2,(111),3
HfTaTc2 (111),9.069871501689464,"Hf, Ta, Tc",Cubic,m-3m,HfTaTc2,(111),3
HfTc (111),4.592469972570219,"Hf, Tc",Cubic,m-3m,HfTc,(111),2
HfTc2 (0001),5.1783631418744624,"Hf, Tc",Hexagonal,6/mmm,HfTc2,(0001),2
HfTc2Mo (111),8.96974684552872,"Hf, Mo, Tc",Cubic,m-3m,HfTc2Mo,(111),3
HfTc2Sb (111),9.116187981089944,"Hf, Sb, Tc",Cubic,m-3m,HfTc2Sb,(111),3
HfTc2W (111),8.974220370722032,"Hf, Tc, W",Cubic,m-3m,HfTc2W,(111),3
HfTe2 (0001),3.9924001523092016,"Hf, Te",Trigonal,-3m,HfTe2,(0001),2
HfTe3O8 (111),15.966965487754695,"Hf, O, Te",Cubic,m-3,HfTe3O8,(111),3
HfU3Sb5 (0001),9.325419911161243,"Hf, Sb, U",Hexagonal,6/mmm,HfU3Sb5,(0001),3
HfUC2 (0001),3.350954905751927,"C, Hf, U",Trigonal,-3m,HfUC2,(0001),3
HfUN2 (0001),3.2360133201371992,"Hf, N, U",Trigonal,-3m,HfUN2,(0001),3
HfV2O7 (111),12.540257873245663,"Hf, O, V",Cubic,m-3,HfV2O7,(111),3
HfVF6 (111),11.458472849474285,"F, Hf, V",Cubic,m-3m,HfVF6,(111),3
HfW2 (111),10.732244881958948,"Hf, W",Cubic,m-3m,HfW2,(111),2
HfZn2 (111),10.29888878031088,"Hf, Zn",Cubic,m-3m,HfZn2,(111),2
HfZn3 (0001),5.7652170151593225,"Hf, Zn",Hexagonal,6/mmm,HfZn3,(0001),2
HfZnAu2 (111),9.231725665317647,"Au, Hf, Zn",Cubic,m-3m,HfZnAu2,(111),3
HfZnCu2 (111),8.635585207871248,"Cu, Hf, Zn",Cubic,m-3m,HfZnCu2,(111),3
HfZnIr2 (111),8.862940911816887,"Hf, Ir, Zn",Cubic,m-3m,HfZnIr2,(111),3
HfZnN2 (0001),3.2393364722889224,"Hf, N, Zn",Trigonal,3m,HfZnN2,(0001),3
HfZnNi2 (111),8.484920749780166,"Hf, Ni, Zn",Cubic,m-3m,HfZnNi2,(111),3
HfZnPd2 (111),8.975551881075276,"Hf, Pd, Zn",Cubic,m-3m,HfZnPd2,(111),3
HfZnRh2 (111),8.798824117567897,"Hf, Rh, Zn",Cubic,m-3m,HfZnRh2,(111),3
HfZrCo2 (111),9.0120634811432,"Co, Hf, Zr",Cubic,m-3m,HfZrCo2,(111),3
HfZrN2 (0001),3.2127534339596817,"Hf, N, Zr",Trigonal,-3m,HfZrN2,(0001),3
HfZrOs2 (111),9.213977794226748,"Hf, Os, Zr",Cubic,m-3m,HfZrOs2,(111),3
HfZrTc2 (111),9.226647592110691,"Hf, Tc, Zr",Cubic,m-3m,HfZrTc2,(111),3
Hg(AsO3)2 (0001),4.874283114676318,"As, Hg, O",Trigonal,-3m,Hg(AsO3)2,(0001),3
Hg(SbO3)2 (0001),5.297762437520582,"Hg, O, Sb",Trigonal,-3m,Hg(SbO3)2,(0001),3
Hg2Pt2O7 (111),14.460236284305395,"Hg, O, Pt",Cubic,m-3m,Hg2Pt2O7,(111),3
Hg2Sb2O7 (111),14.717101089792209,"Hg, O, Sb",Cubic,m-3m,Hg2Sb2O7,(111),3
Hg3(BO3)2 (0001),8.981927497277024,"B, Hg, O",Trigonal,-3m,Hg3(BO3)2,(0001),3
Hg3(SCl)2 (111),12.826871354756882,"Cl, Hg, S",Cubic,23,Hg3(SCl)2,(111),3
Hg3(SF)2 (111),11.583482875041113,"F, Hg, S",Cubic,23,Hg3(SF)2,(111),3
Hg3SO6 (0001),7.0973985777422355,"Hg, O, S",Trigonal,3,Hg3SO6,(0001),3
Hg3SeO6 (0001),7.192314030662903,"Hg, O, Se",Trigonal,3,Hg3SeO6,(0001),3
Hg4OF6 (0001),7.788090144297541,"F, Hg, O",Hexagonal,6mm,Hg4OF6,(0001),3
Hg4Pt (111),8.915137789067288,"Hg, Pt",Cubic,m-3m,Hg4Pt,(111),2
Hg5Au6 (0001),7.116201318604647,"Au, Hg",Hexagonal,6/mmm,Hg5Au6,(0001),2
HgAsO3 (0001),4.866937228834761,"As, Hg, O",Trigonal,-3m,HgAsO3,(0001),3
HgF2 (111),7.857882277165255,"F, Hg",Cubic,m-3m,HgF2,(111),2
HgPbF6 (0001),5.276341508518441,"F, Hg, Pb",Trigonal,-3,HgPbF6,(0001),3
HgPd2Au (111),9.162470750355828,"Au, Hg, Pd",Cubic,m-3m,HgPd2Au,(111),3
HgPt2Se3 (0001),7.423599277327889,"Hg, Pt, Se",Trigonal,-3m,HgPt2Se3,(0001),3
HgRhF6 (0001),5.114919769959197,"F, Hg, Rh",Trigonal,-3,HgRhF6,(0001),3
HgS (111),8.399474060657825,"Hg, S",Cubic,-43m,HgS,(111),2
HgSe (0001),4.420718486674674,"Hg, Se",Trigonal,32,HgSe,(0001),2
HgTe (111),9.30548056401561,"Hg, Te",Cubic,-43m,HgTe,(111),2
Ho (0001),3.615079905705343,Ho,Hexagonal,6/mmm,Ho,(0001),1
Ho(AlC)3 (0001),3.408603729044924,"Al, C, Ho",Hexagonal,6/mmm,Ho(AlC)3,(0001),3
Ho(AlCl4)3 (0001),10.61843161983637,"Al, Cl, Ho",Trigonal,32,Ho(AlCl4)3,(0001),3
Ho(AlGe)2 (0001),4.226213128578097,"Al, Ge, Ho",Trigonal,-3m,Ho(AlGe)2,(0001),3
Ho(ClO4)3 (0001),8.130161004686261,"Cl, Ho, O",Trigonal,3m,Ho(ClO4)3,(0001),3
Ho(Co2B)6 (0001),9.334844901986694,"B, Co, Ho",Trigonal,-3m,Ho(Co2B)6,(0001),3
Ho(CuS)3 (0001),6.638858518458945,"Cu, Ho, S",Trigonal,-3,Ho(CuS)3,(0001),3
Ho(Ge2Rh3)2 (0001),7.152555062676134,"Ge, Ho, Rh",Hexagonal,-6m2,Ho(Ge2Rh3)2,(0001),3
Ho(MnGe)6 (0001),5.177658777081486,"Ge, Ho, Mn",Hexagonal,6/mmm,Ho(MnGe)6,(0001),3
Ho(MnSn)6 (0001),5.6765404687176275,"Ho, Mn, Sn",Hexagonal,6/mmm,Ho(MnSn)6,(0001),3
Ho(Mo3S4)2 (0001),9.12062745955786,"Ho, Mo, S",Trigonal,-3,Ho(Mo3S4)2,(0001),3
Ho(ZnP)3 (0001),3.9629037953616923,"Ho, P, Zn",Hexagonal,6/mmm,Ho(ZnP)3,(0001),3
Ho10Mn13C18 (111),14.200624668243579,"C, Ho, Mn",Cubic,-43m,Ho10Mn13C18,(111),3
Ho12(MnC3)5 (0001),10.408193685910849,"C, Ho, Mn",Hexagonal,-6m2,Ho12(MnC3)5,(0001),3
Ho12Ni6Pb (111),13.60565919646971,"Ho, Ni, Pb",Cubic,m-3,Ho12Ni6Pb,(111),3
Ho13Zn58 (0001),14.302907455649166,"Ho, Zn",Hexagonal,6/mmm,Ho13Zn58,(0001),2
Ho14Ag51 (0001),12.507897516302197,"Ag, Ho",Hexagonal,-6,Ho14Ag51,(0001),2
Ho15Si9C (0001),14.577579737724225,"C, Ho, Si",Hexagonal,6mm,Ho15Si9C,(0001),3
Ho2(B2Rh3)3 (0001),5.558714041439481,"B, Ho, Rh",Hexagonal,6/mmm,Ho2(B2Rh3)3,(0001),3
Ho2(SO4)3 (0001),9.155969339252891,"Ho, O, S",Trigonal,-3m,Ho2(SO4)3,(0001),3
Ho2(SeO4)3 (0001),9.54248749927277,"Ho, O, Se",Trigonal,-3m,Ho2(SeO4)3,(0001),3
Ho2AgRu (111),9.800787694852678,"Ag, Ho, Ru",Cubic,m-3m,Ho2AgRu,(111),3
Ho2As7Rh12 (0001),9.88621581110679,"As, Ho, Rh",Trigonal,-3,Ho2As7Rh12,(0001),3
Ho2C (0001),3.5695343184074653,"C, Ho",Trigonal,-3m,Ho2C,(0001),2
Ho2CF2 (0001),3.6319861845552746,"C, F, Ho",Trigonal,-3m,Ho2CF2,(0001),3
Ho2CdIn (111),10.501241053776601,"Cd, Ho, In",Cubic,m-3m,Ho2CdIn,(111),3
Ho2CdS4 (111),15.841113627656892,"Cd, Ho, S",Cubic,m-3m,Ho2CdS4,(111),3
Ho2Co12P7 (0001),8.915873593404323,"Co, Ho, P",Hexagonal,-6,Ho2Co12P7,(0001),3
Ho2Co17 (0001),8.279711598156052,"Co, Ho",Hexagonal,6/mmm,Ho2Co17,(0001),2
Ho2Co2I (0001),3.968845473488582,"Co, Ho, I",Hexagonal,6/mmm,Ho2Co2I,(0001),3
Ho2CuRu (111),9.584071232675841,"Cu, Ho, Ru",Cubic,m-3m,Ho2CuRu,(111),3
Ho2Fe12P7 (0001),8.967716978674394,"Fe, Ho, P",Hexagonal,-6,Ho2Fe12P7,(0001),3
Ho2Ga3Cu (0001),4.3220454064098055,"Cu, Ga, Ho",Trigonal,3m,Ho2Ga3Cu,(0001),3
Ho2Ge2O7 (111),13.981129219848134,"Ge, Ho, O",Cubic,m-3m,Ho2Ge2O7,(111),3
Ho2In (0001),5.335232742182597,"Ho, In",Hexagonal,6/mmm,Ho2In,(0001),2
Ho2InAg (111),10.391228008975997,"Ag, Ho, In",Cubic,m-3m,Ho2InAg,(111),3
Ho2IrPd (111),9.682418387377577,"Ho, Ir, Pd",Cubic,m-3m,Ho2IrPd,(111),3
Ho2IrRh (111),9.583449318119651,"Ho, Ir, Rh",Cubic,m-3m,Ho2IrRh,(111),3
Ho2MgAl (111),10.309928821764624,"Al, Ho, Mg",Cubic,m-3m,Ho2MgAl,(111),3
Ho2MgIn (111),10.531592367851099,"Ho, In, Mg",Cubic,m-3m,Ho2MgIn,(111),3
Ho2MgS4 (111),15.6784828570783,"Ho, Mg, S",Cubic,m-3m,Ho2MgS4,(111),3
Ho2Mn12P7 (0001),9.292978844539409,"Ho, Mn, P",Hexagonal,-6,Ho2Mn12P7,(0001),3
Ho2Mn2O7 (111),13.95113462700261,"Ho, Mn, O",Cubic,m-3m,Ho2Mn2O7,(111),3
Ho2Ni12As7 (0001),9.373064402444273,"As, Ho, Ni",Hexagonal,-6,Ho2Ni12As7,(0001),3
Ho2Ni12P7 (0001),8.959680113216802,"Ho, Ni, P",Hexagonal,-6,Ho2Ni12P7,(0001),3
Ho2Ni7 (0001),4.923578912157141,"Ho, Ni",Trigonal,-3m,Ho2Ni7,(0001),2
Ho2NiRu (111),9.49157298242537,"Ho, Ni, Ru",Cubic,m-3m,Ho2NiRu,(111),3
Ho2O3 (111),14.883229678915704,"Ho, O",Cubic,m-3,Ho2O3,(111),2
Ho2P7Rh12 (0001),9.517164124370002,"Ho, P, Rh",Trigonal,-3,Ho2P7Rh12,(0001),3
Ho2Pb2O7 (111),15.031808070294625,"Ho, O, Pb",Cubic,m-3m,Ho2Pb2O7,(111),3
Ho2PdRu (111),9.647394992525609,"Ho, Pd, Ru",Cubic,m-3m,Ho2PdRu,(111),3
Ho2Pt2O7 (111),14.370404089392036,"Ho, O, Pt",Cubic,m-3m,Ho2Pt2O7,(111),3
Ho2RuRh (111),9.53473040100127,"Ho, Rh, Ru",Cubic,m-3m,Ho2RuRh,(111),3
Ho2SO2 (0001),3.7617444589047935,"Ho, O, S",Trigonal,-3m,Ho2SO2,(0001),3
Ho2Si3Pd (0001),8.208047963851211,"Ho, Pd, Si",Hexagonal,6/mmm,Ho2Si3Pd,(0001),3
Ho2Si3Pd (0001),8.099102284698418,"Ho, Pd, Si",Hexagonal,6/mmm,Ho2Si3Pd,(0001),3
Ho2Si3Rh (0001),8.113979880870694,"Ho, Rh, Si",Hexagonal,6/mmm,Ho2Si3Rh,(0001),3
Ho2Sn2O7 (111),14.662334000817308,"Ho, O, Sn",Cubic,m-3m,Ho2Sn2O7,(111),3
Ho2TlAg (111),10.402875085324983,"Ag, Ho, Tl",Cubic,m-3m,Ho2TlAg,(111),3
Ho2TlCd (111),10.534232874277677,"Cd, Ho, Tl",Cubic,m-3m,Ho2TlCd,(111),3
Ho2TlHg (111),10.492262636133162,"Hg, Ho, Tl",Cubic,m-3m,Ho2TlHg,(111),3
Ho2TlIn (111),10.58722422013512,"Ho, In, Tl",Cubic,m-3m,Ho2TlIn,(111),3
Ho2Zn17 (0001),8.847560951551706,"Ho, Zn",Trigonal,-3m,Ho2Zn17,(0001),2
Ho2ZnIn (111),10.28948619017772,"Ho, In, Zn",Cubic,m-3m,Ho2ZnIn,(111),3
Ho2ZnRu (111),11.889261851862114,"Ho, Ru, Zn",Cubic,m-3m,Ho2ZnRu,(111),3
Ho3(Al3Os)4 (0001),8.764597457752132,"Al, Ho, Os",Hexagonal,6/mmm,Ho3(Al3Os)4,(0001),3
Ho3(Al3Ru)4 (0001),8.744794713183422,"Al, Ho, Ru",Hexagonal,6/mmm,Ho3(Al3Ru)4,(0001),3
Ho3(AlNi3)2 (111),12.479324431418371,"Al, Ho, Ni",Cubic,m-3m,Ho3(AlNi3)2,(111),3
Ho3(GaNi3)2 (111),12.529587094516405,"Ga, Ho, Ni",Cubic,m-3m,Ho3(GaNi3)2,(111),3
Ho3(SiNi3)2 (111),12.352414419422304,"Ho, Ni, Si",Cubic,m-3m,Ho3(SiNi3)2,(111),3
Ho3AlC (111),6.842131215148986,"Al, C, Ho",Cubic,m-3m,Ho3AlC,(111),3
Ho3AlN (111),6.674409347454561,"Al, Ho, N",Cubic,m-3m,Ho3AlN,(111),3
Ho3Cu3Sb4 (111),13.520973900561488,"Cu, Ho, Sb",Cubic,-43m,Ho3Cu3Sb4,(111),3
Ho3Ge13Os4 (111),12.740975903076798,"Ge, Ho, Os",Cubic,m-3m,Ho3Ge13Os4,(111),3
Ho3InN (111),6.734956256548204,"Ho, In, N",Cubic,m-3m,Ho3InN,(111),3
Ho3Ni7B2 (0001),5.022036269429717,"B, Ho, Ni",Hexagonal,6/mmm,Ho3Ni7B2,(0001),3
Ho3PbC (111),6.877965647336839,"C, Ho, Pb",Cubic,m-3m,Ho3PbC,(111),3
Ho3Pd4 (0001),13.093113093538454,"Ho, Pd",Trigonal,-3,Ho3Pd4,(0001),2
Ho3Sb4Au3 (111),13.939141926288059,"Au, Ho, Sb",Cubic,-43m,Ho3Sb4Au3,(111),3
Ho3Sb5O12 (111),15.159644415681049,"Ho, O, Sb",Cubic,-43m,Ho3Sb5O12,(111),3
Ho3ScO6 (0001),9.390883586910086,"Ho, O, Sc",Trigonal,-3,Ho3ScO6,(0001),3
Ho4Ga12Pd (111),12.063330414801404,"Ga, Ho, Pd",Cubic,m-3m,Ho4Ga12Pd,(111),3
Ho4Ga12Pt (111),12.053172712752575,"Ga, Ho, Pt",Cubic,m-3m,Ho4Ga12Pt,(111),3
Ho4Ge6Ir7 (111),11.871364019326846,"Ge, Ho, Ir",Cubic,m-3m,Ho4Ge6Ir7,(111),3
Ho5Co19P12 (0001),11.862243009019403,"Co, Ho, P",Hexagonal,-6m2,Ho5Co19P12,(0001),3
Ho5Ge3 (0001),8.412284925248555,"Ge, Ho",Hexagonal,6/mmm,Ho5Ge3,(0001),2
Ho5Ge3C (0001),8.409698971783396,"C, Ge, Ho",Hexagonal,6/mmm,Ho5Ge3C,(0001),3
Ho5P12Ru19 (0001),12.426289968654915,"Ho, P, Ru",Hexagonal,-6m2,Ho5P12Ru19,(0001),3
Ho5Pb3 (0001),8.956605427615411,"Ho, Pb",Hexagonal,6/mmm,Ho5Pb3,(0001),2
Ho5Sb3 (0001),8.902918433829049,"Ho, Sb",Hexagonal,6/mmm,Ho5Sb3,(0001),2
Ho5Si3 (0001),8.372759649767083,"Ho, Si",Hexagonal,6/mmm,Ho5Si3,(0001),2
Ho5Sn3 (0001),8.877579593239684,"Ho, Sn",Hexagonal,6/mmm,Ho5Sn3,(0001),2
Ho5Tl3 (0001),8.91754078164046,"Ho, Tl",Hexagonal,6/mmm,Ho5Tl3,(0001),2
Ho6Al43Cr4 (0001),10.920441483608743,"Al, Cr, Ho",Hexagonal,6/mmm,Ho6Al43Cr4,(0001),3
Ho6Al43V4 (0001),10.999067867518681,"Al, Ho, V",Hexagonal,6/mmm,Ho6Al43V4,(0001),3
Ho6Al43W4 (0001),11.058772222282721,"Al, Ho, W",Hexagonal,6/mmm,Ho6Al43W4,(0001),3
Ho6CoTe2 (0001),8.271428243289424,"Co, Ho, Te",Hexagonal,-6m2,Ho6CoTe2,(0001),3
Ho6FeBi2 (0001),8.2834803166117,"Bi, Fe, Ho",Hexagonal,-6m2,Ho6FeBi2,(0001),3
Ho6MnBi2 (0001),8.192780607314388,"Bi, Ho, Mn",Hexagonal,-6m2,Ho6MnBi2,(0001),3
Ho6MnTe2 (0001),8.21501111218172,"Ho, Mn, Te",Hexagonal,-6m2,Ho6MnTe2,(0001),3
Ho6Ni20P13 (0001),12.623357385931248,"Ho, Ni, P",Hexagonal,-6,Ho6Ni20P13,(0001),3
Ho6ReO12 (0001),9.710717956070242,"Ho, O, Re",Trigonal,-3,Ho6ReO12,(0001),3
Ho6Ta4Al43 (0001),11.011384355708532,"Al, Ho, Ta",Hexagonal,6/mmm,Ho6Ta4Al43,(0001),3
Ho6Ti4Al43 (0001),10.9691205109893,"Al, Ho, Ti",Hexagonal,6/mmm,Ho6Ti4Al43,(0001),3
Ho7Co6Sn23 (0001),9.652144688277716,"Co, Ho, Sn",Trigonal,-3m,Ho7Co6Sn23,(0001),3
Ho7FeI12 (0001),15.492841036407,"Fe, Ho, I",Trigonal,-3,Ho7FeI12,(0001),3
Ho7PtI12 (0001),15.573287723998074,"Ho, I, Pt",Trigonal,-3,Ho7PtI12,(0001),3
Ho7Rh3 (0001),9.703420624630324,"Ho, Rh",Hexagonal,6mm,Ho7Rh3,(0001),2
Ho8Ga3Co (0001),9.976635904602812,"Co, Ga, Ho",Hexagonal,6mm,Ho8Ga3Co,(0001),3
Ho8In3Co (0001),10.26081076560545,"Co, Ho, In",Hexagonal,6mm,Ho8In3Co,(0001),3
HoAg (111),5.078738099461917,"Ag, Ho",Cubic,m-3m,HoAg,(111),2
HoAgHg2 (111),9.916716946531533,"Ag, Hg, Ho",Cubic,m-3m,HoAgHg2,(111),3
HoAgPb (0001),4.758823985091629,"Ag, Ho, Pb",Hexagonal,6mm,HoAgPb,(0001),3
HoAgSn (0001),4.687226675251267,"Ag, Ho, Sn",Hexagonal,6mm,HoAgSn,(0001),3
HoAl2 (111),11.035041786364074,"Al, Ho",Cubic,m-3m,HoAl2,(111),2
HoAl3 (0001),6.2038237313413465,"Al, Ho",Hexagonal,6/mmm,HoAl3,(0001),2
HoAl3Ni2 (0001),8.932391729212997,"Al, Ho, Ni",Hexagonal,6/mmm,HoAl3Ni2,(0001),3
HoAl7Au3 (0001),8.035630831923505,"Al, Au, Ho",Trigonal,-3m,HoAl7Au3,(0001),3
HoAlAg2 (111),9.560003693723035,"Ag, Al, Ho",Cubic,m-3m,HoAlAg2,(111),3
HoAlCu (0001),6.967697755759203,"Al, Cu, Ho",Hexagonal,-6m2,HoAlCu,(0001),3
HoAlNi (0001),6.883010420095266,"Al, Ho, Ni",Hexagonal,-6m2,HoAlNi,(0001),3
HoAs (111),8.172344007506155,"As, Ho",Cubic,m-3m,HoAs,(111),2
HoAsPt (0001),4.252180078205766,"As, Ho, Pt",Hexagonal,6/mmm,HoAsPt,(0001),3
HoB12 (111),10.576375250497001,"B, Ho",Cubic,m-3m,HoB12,(111),2
HoB2 (0001),3.283255174100848,"B, Ho",Hexagonal,6/mmm,HoB2,(0001),2
HoB2Ir3 (0001),5.423128568656439,"B, Ho, Ir",Hexagonal,6/mmm,HoB2Ir3,(0001),3
HoB2Ru3 (0001),5.464588198916613,"B, Ho, Ru",Hexagonal,6/mmm,HoB2Ru3,(0001),3
HoBRh3 (111),5.891446583229649,"B, Ho, Rh",Cubic,m-3m,HoBRh3,(111),3
HoBe13 (111),14.404155257723291,"Be, Ho",Cubic,m-3m,HoBe13,(111),2
HoBi (111),8.889448922215392,"Bi, Ho",Cubic,m-3m,HoBi,(111),2
HoBiPd (111),9.418775490774074,"Bi, Ho, Pd",Cubic,-43m,HoBiPd,(111),3
HoBiPt (111),9.438575365875348,"Bi, Ho, Pt",Cubic,-43m,HoBiPt,(111),3
HoBiRh (0001),7.596662699354169,"Bi, Ho, Rh",Hexagonal,-6m2,HoBiRh,(0001),3
HoBr3 (0001),9.990816911843506,"Br, Ho",Hexagonal,6/mmm,HoBr3,(0001),2
HoCd (111),5.239554546179036,"Cd, Ho",Cubic,m-3m,HoCd,(111),2
HoCd2 (0001),4.895194692379328,"Cd, Ho",Hexagonal,6/mmm,HoCd2,(0001),2
HoCdAg2 (111),9.767506295271946,"Ag, Cd, Ho",Cubic,m-3m,HoCdAg2,(111),3
HoCdAu (0001),7.665241769732102,"Au, Cd, Ho",Hexagonal,-6m2,HoCdAu,(0001),3
HoCdAu2 (111),9.75218862761956,"Au, Cd, Ho",Cubic,m-3m,HoCdAu2,(111),3
HoCdCu4 (111),10.07844695986048,"Cd, Cu, Ho",Cubic,-43m,HoCdCu4,(111),3
HoCdHg2 (111),10.066499699035017,"Cd, Hg, Ho",Cubic,m-3m,HoCdHg2,(111),3
HoCdNi4 (111),9.821466631524554,"Cd, Ho, Ni",Cubic,-43m,HoCdNi4,(111),3
HoCdPd2 (111),9.487508433652591,"Cd, Ho, Pd",Cubic,m-3m,HoCdPd2,(111),3
HoCdRh2 (111),9.383790647383815,"Cd, Ho, Rh",Cubic,m-3m,HoCdRh2,(111),3
HoCl3 (0001),9.76679618381974,"Cl, Ho",Hexagonal,6/mmm,HoCl3,(0001),2
HoCo2 (111),10.068596465799741,"Co, Ho",Cubic,m-3m,HoCo2,(111),2
HoCo3 (0001),4.993051947684121,"Co, Ho",Trigonal,-3m,HoCo3,(0001),2
HoCo3B2 (0001),4.966661056900568,"B, Co, Ho",Hexagonal,6/mmm,HoCo3B2,(0001),3
HoCo5Si3 (0001),14.553229836179897,"Co, Ho, Si",Hexagonal,6/m,HoCo5Si3,(0001),3
HoCu (111),4.834480945386579,"Cu, Ho",Cubic,m-3m,HoCu,(111),2
HoCu4Ag (111),9.977997724046263,"Ag, Cu, Ho",Cubic,-43m,HoCu4Ag,(111),3
HoCu4Au (111),9.945377172312417,"Au, Cu, Ho",Cubic,-43m,HoCu4Au,(111),3
HoCu4Ni (0001),4.908997931540651,"Cu, Ho, Ni",Hexagonal,-6m2,HoCu4Ni,(0001),3
HoCu4Pd (111),9.864786685109937,"Cu, Ho, Pd",Cubic,-43m,HoCu4Pd,(111),3
HoCu5 (0001),4.96517085471158,"Cu, Ho",Hexagonal,6/mmm,HoCu5,(0001),2
HoCuGe (0001),4.220052530910112,"Cu, Ge, Ho",Hexagonal,6mm,HoCuGe,(0001),3
HoCuPb (0001),4.558608668252447,"Cu, Ho, Pb",Hexagonal,6mm,HoCuPb,(0001),3
HoCuSi (0001),4.100035447620612,"Cu, Ho, Si",Hexagonal,6/mmm,HoCuSi,(0001),3
HoCuSn (0001),4.491826323651399,"Cu, Ho, Sn",Hexagonal,6mm,HoCuSn,(0001),3
HoEr (0001),3.5629109817061657,"Er, Ho",Hexagonal,-6m2,HoEr,(0001),2
HoErHg2 (111),10.365329190735585,"Er, Hg, Ho",Cubic,m-3m,HoErHg2,(111),3
HoErIn2 (111),10.507033474538181,"Er, Ho, In",Cubic,m-3m,HoErIn2,(111),3
HoErRu2 (111),9.488387362645616,"Er, Ho, Ru",Cubic,m-3m,HoErRu2,(111),3
HoErTl2 (111),10.59292253912626,"Er, Ho, Tl",Cubic,m-3m,HoErTl2,(111),3
HoFe2 (111),10.301940575051844,"Fe, Ho",Cubic,m-3m,HoFe2,(111),2
HoFe3 (0001),5.15183326525951,"Fe, Ho",Trigonal,-3m,HoFe3,(0001),2
HoGa2 (0001),4.156130120742769,"Ga, Ho",Hexagonal,6/mmm,HoGa2,(0001),2
HoGa2Co3 (0001),8.732257389756427,"Co, Ga, Ho",Hexagonal,6/mmm,HoGa2Co3,(0001),3
HoGa2Ni3 (0001),8.678188402870235,"Ga, Ho, Ni",Hexagonal,-6m2,HoGa2Ni3,(0001),3
HoGa3 (0001),6.225792694632641,"Ga, Ho",Hexagonal,6/mmm,HoGa3,(0001),2
HoGa3Os (111),9.00426868954079,"Ga, Ho, Os",Cubic,m-3m,HoGa3Os,(111),3
HoGa3Ru (111),8.997207082817656,"Ga, Ho, Ru",Cubic,m-3m,HoGa3Ru,(111),3
HoGaRh2 (111),9.02774196181255,"Ga, Ho, Rh",Cubic,m-3m,HoGaRh2,(111),3
HoGeAu (0001),4.415516604487323,"Au, Ge, Ho",Hexagonal,6mm,HoGeAu,(0001),3
HoH2 (111),7.267990739346936,"H, Ho",Cubic,m-3m,HoH2,(111),2
HoH3 (0001),6.264366809357046,"H, Ho",Trigonal,-3m,HoH3,(0001),2
HoHSe (0001),3.8091576860533607,"H, Ho, Se",Hexagonal,-6m2,HoHSe,(0001),3
HoHg (111),5.198870803970077,"Hg, Ho",Cubic,m-3m,HoHg,(111),2
HoHg3 (0001),6.584782153709376,"Hg, Ho",Hexagonal,6/mmm,HoHg3,(0001),2
HoI3 (0001),10.945871166775618,"Ho, I",Hexagonal,6/mmm,HoI3,(0001),2
HoIn (111),5.272034279949176,"Ho, In",Cubic,m-3m,HoIn,(111),2
HoIn3 (111),6.508586287741793,"Ho, In",Cubic,m-3m,HoIn3,(111),2
HoInAg2 (111),9.78455722150962,"Ag, Ho, In",Cubic,m-3m,HoInAg2,(111),3
HoInAu (0001),7.642422409357643,"Au, Ho, In",Hexagonal,-6m2,HoInAu,(0001),3
HoInAu2 (111),9.783195418485018,"Au, Ho, In",Cubic,m-3m,HoInAu2,(111),3
HoInCu (0001),7.39629923920881,"Cu, Ho, In",Hexagonal,-6m2,HoInCu,(0001),3
HoInCu2 (111),9.268073661453935,"Cu, Ho, In",Cubic,m-3m,HoInCu2,(111),3
HoInIr (0001),7.424463800094349,"Ho, In, Ir",Hexagonal,-6m2,HoInIr,(0001),3
HoInNi (0001),7.393181816529127,"Ho, In, Ni",Hexagonal,-6m2,HoInNi,(0001),3
HoInNi4 (111),9.8487223786965,"Ho, In, Ni",Cubic,-43m,HoInNi4,(111),3
HoInPd (0001),7.673972783414677,"Ho, In, Pd",Hexagonal,-6m2,HoInPd,(0001),3
HoInPd2 (111),9.514030382668869,"Ho, In, Pd",Cubic,m-3m,HoInPd2,(111),3
HoInPt (0001),7.607344005842726,"Ho, In, Pt",Hexagonal,-6m2,HoInPt,(0001),3
HoInRh (0001),7.436660034844655,"Ho, In, Rh",Hexagonal,-6m2,HoInRh,(0001),3
HoInRh2 (111),9.388075714477809,"Ho, In, Rh",Cubic,m-3m,HoInRh2,(111),3
HoIr (111),4.794103832962213,"Ho, Ir",Cubic,m-3m,HoIr,(111),2
HoIr2 (111),10.636422729533864,"Ho, Ir",Cubic,m-3m,HoIr2,(111),2
HoLuAg2 (111),10.074967359308268,"Ag, Ho, Lu",Cubic,m-3m,HoLuAg2,(111),3
HoLuCu2 (111),9.590467720618454,"Cu, Ho, Lu",Cubic,m-3m,HoLuCu2,(111),3
HoLuHg2 (111),10.3066059807413,"Hg, Ho, Lu",Cubic,m-3m,HoLuHg2,(111),3
HoLuIn2 (111),10.457022838321882,"Ho, In, Lu",Cubic,m-3m,HoLuIn2,(111),3
HoLuTl2 (111),10.543840192692302,"Ho, Lu, Tl",Cubic,m-3m,HoLuTl2,(111),3
HoMg (111),5.335490806168182,"Ho, Mg",Cubic,m-3m,HoMg,(111),2
HoMg2Cu9 (0001),4.943827587151772,"Cu, Ho, Mg",Hexagonal,6/mmm,HoMg2Cu9,(0001),3
HoMg3 (111),10.269338709798458,"Ho, Mg",Cubic,m-3m,HoMg3,(111),2
HoMgAg (0001),7.669751123023541,"Ag, Ho, Mg",Hexagonal,-6m2,HoMgAg,(0001),3
HoMgAg2 (111),9.785609732647321,"Ag, Ho, Mg",Cubic,m-3m,HoMgAg2,(111),3
HoMgAu2 (111),9.695920365925934,"Au, Ho, Mg",Cubic,m-3m,HoMgAu2,(111),3
HoMgCd2 (111),10.081355616527949,"Cd, Ho, Mg",Cubic,m-3m,HoMgCd2,(111),3
HoMgGa (0001),7.199857136188285,"Ga, Ho, Mg",Hexagonal,-6m2,HoMgGa,(0001),3
HoMgHg2 (111),10.026301734728637,"Hg, Ho, Mg",Cubic,m-3m,HoMgHg2,(111),3
HoMgIn (0001),7.468497901766306,"Ho, In, Mg",Hexagonal,-6m2,HoMgIn,(0001),3
HoMgPd (0001),7.362015747051161,"Ho, Mg, Pd",Hexagonal,-6m2,HoMgPd,(0001),3
HoMgRh2 (111),9.191001858438465,"Ho, Mg, Rh",Cubic,m-3m,HoMgRh2,(111),3
HoMgTl (0001),7.480368986645054,"Ho, Mg, Tl",Hexagonal,-6m2,HoMgTl,(0001),3
HoMgZn2 (111),9.539868828128748,"Ho, Mg, Zn",Cubic,m-3m,HoMgZn2,(111),3
HoN (111),6.866298928531341,"Ho, N",Cubic,m-3m,HoN,(111),2
HoNbRu2 (111),9.21140556603096,"Ho, Nb, Ru",Cubic,m-3m,HoNbRu2,(111),3
HoNi2 (111),9.992440860070888,"Ho, Ni",Cubic,m-3m,HoNi2,(111),2
HoNi3 (0001),4.903052023652903,"Ho, Ni",Trigonal,-3m,HoNi3,(0001),2
HoNi4Au (111),9.737731783372713,"Au, Ho, Ni",Cubic,-43m,HoNi4Au,(111),3
HoNi4B (0001),4.918501598380581,"B, Ho, Ni",Hexagonal,6/mmm,HoNi4B,(0001),3
HoNi5 (0001),4.816855128016352,"Ho, Ni",Hexagonal,6/mmm,HoNi5,(0001),2
HoNiAs (0001),4.023521565532073,"As, Ho, Ni",Hexagonal,6/mmm,HoNiAs,(0001),3
HoNiBi (111),9.071369318840912,"Bi, Ho, Ni",Cubic,-43m,HoNiBi,(111),3
HoNiSb (111),8.896445975802663,"Ho, Ni, Sb",Cubic,-43m,HoNiSb,(111),3
HoOF (0001),3.7671859601555138,"F, Ho, O",Trigonal,-3m,HoOF,(0001),3
HoOs2 (0001),5.259723091081957,"Ho, Os",Hexagonal,6/mmm,HoOs2,(0001),2
HoP (111),7.967269184634735,"Ho, P",Cubic,m-3m,HoP,(111),2
HoPaRu2 (111),9.619693179275947,"Ho, Pa, Ru",Cubic,m-3m,HoPaRu2,(111),3
HoPb3 (111),6.850001879309016,"Ho, Pb",Cubic,m-3m,HoPb3,(111),2
HoPbAu (111),9.565336687967738,"Au, Ho, Pb",Cubic,-43m,HoPbAu,(111),3
HoPd3 (111),5.768718683697449,"Ho, Pd",Cubic,m-3m,HoPd3,(111),2
HoPt3 (111),5.776322509328486,"Ho, Pt",Cubic,m-3m,HoPt3,(111),2
HoRe2 (0001),5.395705870471637,"Ho, Re",Hexagonal,6/mmm,HoRe2,(0001),2
HoRh (111),4.789228755969999,"Ho, Rh",Cubic,m-3m,HoRh,(111),2
HoRh2 (111),10.566339865045101,"Ho, Rh",Cubic,m-3m,HoRh2,(111),2
HoRh2Pb (111),9.443195932579235,"Ho, Pb, Rh",Cubic,m-3m,HoRh2Pb,(111),3
HoRh3C (111),5.85700652318789,"C, Ho, Rh",Cubic,m-3m,HoRh3C,(111),3
HoRu2 (0001),5.266234313784239,"Ho, Ru",Hexagonal,6/mmm,HoRu2,(0001),2
HoRu3C (111),5.837998870655627,"C, Ho, Ru",Cubic,m-3m,HoRu3C,(111),3
HoS (111),7.7376817292223405,"Ho, S",Cubic,m-3m,HoS,(111),2
HoSb (111),8.714049258843387,"Ho, Sb",Cubic,m-3m,HoSb,(111),2
HoSbPt (111),9.262646359764904,"Ho, Pt, Sb",Cubic,-43m,HoSbPt,(111),3
HoSe (111),8.072225197527457,"Ho, Se",Cubic,m-3m,HoSe,(111),2
HoSi2Rh3 (0001),5.475084946588239,"Ho, Rh, Si",Hexagonal,6/mmm,HoSi2Rh3,(0001),3
HoSi3Rh5 (0001),15.481608940543783,"Ho, Rh, Si",Hexagonal,6/m,HoSi3Rh5,(0001),3
HoSnAu (111),9.420549225924958,"Au, Ho, Sn",Cubic,-43m,HoSnAu,(111),3
HoSnIr (0001),7.487745431732039,"Ho, Ir, Sn",Hexagonal,-6m2,HoSnIr,(0001),3
HoSnPd2 (111),9.515429527049738,"Ho, Pd, Sn",Cubic,m-3m,HoSnPd2,(111),3
HoSnPt (0001),7.450222321121309,"Ho, Pt, Sn",Hexagonal,-6m2,HoSnPt,(0001),3
HoSnRh (0001),7.559159134641944,"Ho, Rh, Sn",Hexagonal,-6m2,HoSnRh,(0001),3
HoSnRh2 (111),9.311343428147653,"Ho, Rh, Sn",Cubic,m-3m,HoSnRh2,(111),3
HoSnRu2 (111),9.337056546001637,"Ho, Ru, Sn",Cubic,m-3m,HoSnRu2,(111),3
HoTaRu2 (111),9.18347094494466,"Ho, Ru, Ta",Cubic,m-3m,HoTaRu2,(111),3
HoTc2 (0001),5.3301380532141724,"Ho, Tc",Hexagonal,6/mmm,HoTc2,(0001),2
HoTe (111),8.642879942572236,"Ho, Te",Cubic,m-3m,HoTe,(111),2
HoTl (111),5.299662653088545,"Ho, Tl",Cubic,m-3m,HoTl,(111),2
HoTl3 (111),6.662603040087531,"Ho, Tl",Cubic,m-3m,HoTl3,(111),2
HoTlPd (0001),7.774731015586331,"Ho, Pd, Tl",Hexagonal,-6m2,HoTlPd,(0001),3
HoTlS2 (0001),3.991667457281958,"Ho, S, Tl",Trigonal,-3m,HoTlS2,(0001),3
HoTlSe2 (0001),4.147043434316395,"Ho, Se, Tl",Trigonal,-3m,HoTlSe2,(0001),3
HoTlTe2 (0001),4.432320326402243,"Ho, Te, Tl",Trigonal,-3m,HoTlTe2,(0001),3
HoTm3 (0001),7.0783090263373,"Ho, Tm",Hexagonal,6/mmm,HoTm3,(0001),2
HoTmHg2 (111),10.343153728107877,"Hg, Ho, Tm",Cubic,m-3m,HoTmHg2,(111),3
HoTmIn2 (111),10.486561319009269,"Ho, In, Tm",Cubic,m-3m,HoTmIn2,(111),3
HoTmRu2 (111),9.470346655087912,"Ho, Ru, Tm",Cubic,m-3m,HoTmRu2,(111),3
HoZn (111),4.989485002646614,"Ho, Zn",Cubic,m-3m,HoZn,(111),2
HoZnGe (0001),4.173537980813468,"Ge, Ho, Zn",Hexagonal,6/mmm,HoZnGe,(0001),3
HoZnIn (0001),4.608743597796053,"Ho, In, Zn",Hexagonal,6/mmm,HoZnIn,(0001),3
HoZnPd (0001),7.208623507682102,"Ho, Pd, Zn",Hexagonal,-6m2,HoZnPd,(0001),3
HoZnRh2 (111),9.024000942676004,"Ho, Rh, Zn",Cubic,m-3m,HoZnRh2,(111),3
HoZnSi (0001),4.06504879535894,"Ho, Si, Zn",Hexagonal,-6m2,HoZnSi,(0001),3
HoZnSn (0001),4.439353114282337,"Ho, Sn, Zn",Hexagonal,6/mmm,HoZnSn,(0001),3
HoZrRu2 (111),9.356439983361692,"Ho, Ru, Zr",Cubic,m-3m,HoZrRu2,(111),3
In (111),4.7933560036690475,In,Cubic,m-3m,In,(111),1
In(Cu3O4)2 (111),9.138806216180928,"Cu, In, O",Cubic,m-3m,In(Cu3O4)2,(111),3
In(GaAu)2 (0001),4.239224266946982,"Au, Ga, In",Hexagonal,6/mmm,In(GaAu)2,(0001),3
In(HO)3 (0001),11.298622762297748,"H, In, O",Trigonal,-3,In(HO)3,(0001),3
In(IO3)3 (0001),9.75453250439151,"I, In, O",Trigonal,-3,In(IO3)3,(0001),3
In(TeMo)3 (0001),9.601662238819214,"In, Mo, Te",Hexagonal,6/m,In(TeMo)3,(0001),3
In15SnO24 (0001),14.398449130646117,"In, O, Sn",Trigonal,-3,In15SnO24,(0001),3
In2(CN2)3 (0001),6.104157164689657,"C, In, N",Trigonal,-3m,In2(CN2)3,(0001),3
In2(Ni7B2)3 (111),14.833323507942543,"B, In, Ni",Cubic,m-3m,In2(Ni7B2)3,(111),3
In2(Ni7P2)3 (111),15.552546864733781,"In, Ni, P",Cubic,m-3m,In2(Ni7P2)3,(111),3
In2(SO4)3 (0001),8.448124888912961,"In, O, S",Trigonal,-3,In2(SO4)3,(0001),3
In2Au (111),9.299844012323831,"Au, In",Cubic,m-3m,In2Au,(111),2
In2Au3 (0001),4.6202052421801145,"Au, In",Trigonal,-3m,In2Au3,(0001),2
In2HgS4 (111),15.487803530959185,"Hg, In, S",Cubic,m-3m,In2HgS4,(111),3
In2Ni3S2 (0001),5.377684389432172,"In, Ni, S",Trigonal,-3m,In2Ni3S2,(0001),3
In2O3 (111),14.392060068379775,"In, O",Cubic,m-3,In2O3,(111),2
In2Pt (111),9.0669444674648,"In, Pt",Cubic,m-3m,In2Pt,(111),2
In2Pt2O7 (111),14.157892112420404,"In, O, Pt",Cubic,m-3m,In2Pt2O7,(111),3
In2Pt3 (0001),5.6177271939860285,"In, Pt",Hexagonal,6/mmm,In2Pt3,(0001),2
In2Rh3S2 (0001),5.640374498383881,"In, Rh, S",Trigonal,-3m,In2Rh3S2,(0001),3
In2Se3 (0001),7.273570891767981,"In, Se",Hexagonal,6,In2Se3,(0001),2
In2TeO6 (0001),8.924011100341241,"In, O, Te",Trigonal,32,In2TeO6,(0001),3
In3(PO4)2 (111),15.783436873038545,"In, O, P",Cubic,-43m,In3(PO4)2,(111),3
In3Au10 (0001),10.67787609007831,"Au, In",Hexagonal,6/m,In3Au10,(0001),2
In3Ni2 (0001),4.385071455897039,"In, Ni",Trigonal,-3m,In3Ni2,(0001),2
In3Pd2 (0001),4.561220418654145,"In, Pd",Trigonal,-3m,In3Pd2,(0001),2
In4Ag9 (111),14.056982105758795,"Ag, In",Cubic,-43m,In4Ag9,(111),2
In5AgS8 (111),15.392354765489149,"Ag, In, S",Cubic,-43m,In5AgS8,(111),3
In5B4Ir9 (0001),5.609287032404509,"B, In, Ir",Hexagonal,-6m2,In5B4Ir9,(0001),3
In7Ni3 (111),13.002963151578559,"In, Ni",Cubic,m-3m,In7Ni3,(111),2
In7Pd3 (111),13.458787244463007,"In, Pd",Cubic,m-3m,In7Pd3,(111),2
In7Te10 (0001),15.24743728488002,"In, Te",Trigonal,32,In7Te10,(0001),2
InAgO2 (0001),3.288005816394908,"Ag, In, O",Hexagonal,6/mmm,InAgO2,(0001),3
InAs (111),8.636776614489243,"As, In",Cubic,-43m,InAs,(111),2
InBO3 (0001),4.849404717269386,"B, In, O",Trigonal,-3m,InBO3,(0001),3
InBi (111),9.570091533621884,"Bi, In",Cubic,-43m,InBi,(111),2
InCl3 (0001),9.588684336395087,"Cl, In",Hexagonal,6/mmm,InCl3,(0001),2
InF3 (0001),5.204282365849269,"F, In",Trigonal,-3m,InF3,(0001),2
InGaS3 (0001),6.773805774957941,"Ga, In, S",Hexagonal,6,InGaS3,(0001),3
InGaSe3 (0001),7.058579736792913,"Ga, In, Se",Hexagonal,6,InGaSe3,(0001),3
InHg (0001),3.651587050505644,"Hg, In",Trigonal,-3m,InHg,(0001),2
InN (0001),3.5506212420868244,"In, N",Hexagonal,6mm,InN,(0001),2
InNi (0001),5.221163701384395,"In, Ni",Hexagonal,6/mmm,InNi,(0001),2
InNi3N (111),5.430376022637771,"In, N, Ni",Cubic,m-3m,InNi3N,(111),3
InP (111),8.349450080854647,"In, P",Cubic,-43m,InP,(111),2
InPd2Au (111),9.124160723184906,"Au, In, Pd",Cubic,m-3m,InPd2Au,(111),3
InPt3 (111),5.683175710166399,"In, Pt",Cubic,m-3m,InPt3,(111),2
InRh (111),4.539166410784611,"In, Rh",Cubic,m-3m,InRh,(111),2
InSb (111),9.380791688204678,"In, Sb",Cubic,-43m,InSb,(111),2
InSb3F18 (0001),9.043803990605944,"F, In, Sb",Trigonal,-3m,InSb3F18,(0001),3
InSe (0001),4.041734167462343,"In, Se",Hexagonal,6/mmm,InSe,(0001),2
InSiTe3 (0001),7.120395262350693,"In, Si, Te",Trigonal,-3m,InSiTe3,(0001),3
InSnCl3 (0001),7.974410266958485,"Cl, In, Sn",Trigonal,-3,InSnCl3,(0001),3
Ir (111),5.450279134220579,Ir,Cubic,m-3m,Ir,(111),1
Ir2Pb2O7 (111),14.56235204352174,"Ir, O, Pb",Cubic,m-3m,Ir2Pb2O7,(111),3
Ir3S8 (0001),7.9923563880660184,"Ir, S",Trigonal,-3,Ir3S8,(0001),2
Ir3Se8 (0001),8.537319921620487,"Ir, Se",Trigonal,-3,Ir3Se8,(0001),2
Ir3W (0001),5.515172766479802,"Ir, W",Hexagonal,6/mmm,Ir3W,(0001),2
IrF3 (0001),4.9588949095685875,"F, Ir",Trigonal,-3m,IrF3,(0001),2
IrRh (0001),2.708850170812797,"Ir, Rh",Trigonal,-3m,IrRh,(0001),2
IrRu3 (0001),5.424600479469283,"Ir, Ru",Hexagonal,6/mmm,IrRu3,(0001),2
K(BH)6 (111),14.90244028252359,"B, H, K",Cubic,m-3,K(BH)6,(111),3
K(Cu2As)2 (0001),4.08686869423004,"As, Cu, K",Trigonal,-3m,K(Cu2As)2,(0001),3
K(FeSb3)4 (111),13.017887753118424,"Fe, K, Sb",Cubic,m-3,K(FeSb3)4,(111),3
K(In3Au2)2 (0001),8.17054739475338,"Au, In, K",Hexagonal,-6m2,K(In3Au2)2,(0001),3
K(MoS)3 (0001),8.859091162991728,"K, Mo, S",Hexagonal,6/m,K(MoS)3,(0001),3
K(MoSe)3 (0001),9.200510602467945,"K, Mo, Se",Hexagonal,6/m,K(MoSe)3,(0001),3
K(Nb3S4)2 (0001),9.73396337323117,"K, Nb, S",Trigonal,-3,K(Nb3S4)2,(0001),3
K(Nb3Se4)2 (0001),10.183613489707586,"K, Nb, Se",Trigonal,-3,K(Nb3Se4)2,(0001),3
K(TeMo)3 (0001),9.825717137837199,"K, Mo, Te",Hexagonal,6/m,K(TeMo)3,(0001),3
K(Ti3Se4)2 (0001),3.668394787460585,"K, Se, Ti",Trigonal,-3,K(Ti3Se4)2,(0001),3
K(WO3)4 (0001),7.515517557808112,"K, O, W",Trigonal,3m,K(WO3)4,(0001),3
K(WO3)6 (0001),7.431928880501132,"K, O, W",Trigonal,-3m,K(WO3)6,(0001),3
K16Tl22Pd (0001),10.317501289813743,"K, Pd, Tl",Trigonal,32,K16Tl22Pd,(0001),3
K18Na46Tl31 (0001),11.39128397410405,"K, Na, Tl",Hexagonal,-6m2,K18Na46Tl31,(0001),3
K2(TaS2)3 (0001),5.878557783674349,"K, S, Ta",Trigonal,32,K2(TaS2)3,(0001),3
K2(TaSe2)3 (0001),3.5625385708893034,"K, Se, Ta",Hexagonal,-6m2,K2(TaSe2)3,(0001),3
K2CeF6 (0001),6.508810935883172,"Ce, F, K",Hexagonal,-6m2,K2CeF6,(0001),3
K2CoF6 (111),8.0542678,"Co, F, K",Cubic,m-3m,K2CoF6,(111),3
K2GeF6 (0001),5.605791744773125,"F, Ge, K",Trigonal,-3m,K2GeF6,(0001),3
K2H6Pt (111),11.483472250646946,"H, K, Pt",Cubic,m-3m,K2H6Pt,(111),3
K2Hg7 (0001),6.9596783498452295,"Hg, K",Trigonal,-3m,K2Hg7,(0001),2
K2In12Se19 (0001),14.05910342437031,"In, K, Se",Trigonal,-3,K2In12Se19,(0001),3
K2IrF6 (0001),5.754583335114761,"F, Ir, K",Trigonal,-3m,K2IrF6,(0001),3
K2MnCl6 (111),13.675756305107882,"Cl, K, Mn",Cubic,m-3m,K2MnCl6,(111),3
K2MnF6 (0001),5.661469714008774,"F, K, Mn",Hexagonal,6mm,K2MnF6,(0001),3
K2MoCl6 (111),13.905759863191754,"Cl, K, Mo",Cubic,m-3m,K2MoCl6,(111),3
K2NiF6 (111),11.317370416881797,"F, K, Ni",Cubic,m-3m,K2NiF6,(111),3
K2O (111),6.366807969859208,"K, O",Cubic,4/mmm,K2O,(111),2
K2OsBr6 (111),14.61566684768724,"Br, K, Os",Cubic,m-3m,K2OsBr6,(111),3
K2OsCl6 (111),13.808624879068304,"Cl, K, Os",Cubic,m-3m,K2OsCl6,(111),3
K2OsO5 (0001),10.920349551210572,"K, O, Os",Hexagonal,-6,K2OsO5,(0001),3
K2Pb2O3 (111),11.936398588478102,"K, O, Pb",Cubic,23,K2Pb2O3,(111),3
K2PbO3 (0001),6.022950625114834,"K, O, Pb",Hexagonal,6/mmm,K2PbO3,(0001),3
K2PdBr6 (111),14.584973011705866,"Br, K, Pd",Cubic,m-3m,K2PdBr6,(111),3
K2PdC2 (0001),5.118184061440145,"C, K, Pd",Trigonal,-3m,K2PdC2,(0001),3
K2PdCl6 (111),13.773626255863828,"Cl, K, Pd",Cubic,m-3m,K2PdCl6,(111),3
K2PdF6 (0001),5.692030111272928,"F, K, Pd",Trigonal,-3m,K2PdF6,(0001),3
K2Pt (111),10.6955929164039,"K, Pt",Cubic,m-3m,K2Pt,(111),2
K2PtBr6 (111),14.66259974087262,"Br, K, Pt",Cubic,m-3m,K2PtBr6,(111),3
K2PtC2 (0001),5.1383393208137615,"C, K, Pt",Trigonal,-3m,K2PtC2,(0001),3
K2PtCl6 (111),13.833155207193009,"Cl, K, Pt",Cubic,m-3m,K2PtCl6,(111),3
K2PtF6 (0001),5.759918642330956,"F, K, Pt",Trigonal,-3m,K2PtF6,(0001),3
K2ReBr6 (111),14.760974802823135,"Br, K, Re",Cubic,m-3m,K2ReBr6,(111),3
K2ReCl6 (111),13.941297103599494,"Cl, K, Re",Cubic,m-3m,K2ReCl6,(111),3
K2ReF6 (0001),5.847223037805717,"F, K, Re",Trigonal,-3m,K2ReF6,(0001),3
K2ReH9 (0001),9.505783492512741,"H, K, Re",Hexagonal,-6m2,K2ReH9,(0001),3
K2RhF6 (0001),5.695261544867266,"F, K, Rh",Trigonal,-3m,K2RhF6,(0001),3
K2RuCl6 (111),13.780272149344343,"Cl, K, Ru",Cubic,m-3m,K2RuCl6,(111),3
K2S (111),10.484808122114353,"K, S",Cubic,m-3m,K2S,(111),2
K2Se (111),10.849721212509642,"K, Se",Cubic,m-3m,K2Se,(111),2
K2SeBr6 (111),14.820417290088649,"Br, K, Se",Cubic,m-3m,K2SeBr6,(111),3
K2SiF6 (0001),5.57546514906681,"F, K, Si",Hexagonal,6mm,K2SiF6,(0001),3
K2Sn2O3 (111),11.81840701507924,"K, O, Sn",Cubic,23,K2Sn2O3,(111),3
K2SnF6 (0001),5.856443386518997,"F, K, Sn",Trigonal,-3m,K2SnF6,(0001),3
K2Ta15O32 (0001),7.817514362071673,"K, O, Ta",Trigonal,-3,K2Ta15O32,(0001),3
K2Ta4O11 (0001),6.292505629770505,"K, O, Ta",Trigonal,-3m,K2Ta4O11,(0001),3
K2TcBr6 (111),14.745012159508654,"Br, K, Tc",Cubic,m-3m,K2TcBr6,(111),3
K2TcCl6 (111),13.895351387873593,"Cl, K, Tc",Cubic,m-3m,K2TcCl6,(111),3
K2TcF6 (0001),5.782177980204541,"F, K, Tc",Trigonal,-3m,K2TcF6,(0001),3
K2TcH9 (0001),9.50322679992442,"H, K, Tc",Hexagonal,-6m2,K2TcH9,(0001),3
K2Te (111),11.571627015223626,"K, Te",Cubic,m-3m,K2Te,(111),2
K2TeCl6 (111),14.349687170980976,"Cl, K, Te",Cubic,m-3m,K2TeCl6,(111),3
K2TeO3 (0001),6.2913575602946965,"K, O, Te",Trigonal,-3,K2TeO3,(0001),3
K2ThF6 (0001),6.552298026684253,"F, K, Th",Hexagonal,-6m2,K2ThF6,(0001),3
K2TiCl6 (111),13.872069030426706,"Cl, K, Ti",Cubic,m-3m,K2TiCl6,(111),3
K2TiF6 (0001),5.685056580293825,"F, K, Ti",Trigonal,-3m,K2TiF6,(0001),3
K2VCl6 (111),13.73847323365407,"Cl, K, V",Cubic,m-3m,K2VCl6,(111),3
K2WCl6 (111),13.911507637021952,"Cl, K, W",Cubic,m-3m,K2WCl6,(111),3
K3Ag3As2 (0001),5.9867346186741415,"Ag, As, K",Trigonal,-3m,K3Ag3As2,(0001),3
K3As (0001),5.789492204213002,"As, K",Hexagonal,6/mmm,K3As,(0001),2
K3AsS3 (111),13.298059755870563,"As, K, S",Cubic,23,K3AsS3,(111),3
K3AsSe3 (111),13.807881779669147,"As, K, Se",Cubic,23,K3AsSe3,(111),3
K3AuO (111),7.388397126150192,"Au, K, O",Cubic,m-3m,K3AuO,(111),3
K3AuSe2 (0001),8.940182619070368,"Au, K, Se",Trigonal,-3m,K3AuSe2,(0001),3
K3Bi (0001),10.72134921300656,"Bi, K",Hexagonal,6mm,K3Bi,(0001),2
K3BiO3 (111),15.132105223032298,"Bi, K, O",Cubic,-43m,K3BiO3,(111),3
K3BiSe3 (111),13.893042014835787,"Bi, K, Se",Cubic,23,K3BiSe3,(111),3
K3BiTe3 (111),14.745452380620392,"Bi, K, Te",Cubic,23,K3BiTe3,(111),3
K3CoF6 (111),12.096239192682098,"Co, F, K",Cubic,m-3m,K3CoF6,(111),3
K3CrF6 (111),12.321858232943068,"Cr, F, K",Cubic,m-3m,K3CrF6,(111),3
K3Cu3As2 (0001),5.748374833597323,"As, Cu, K",Trigonal,-3m,K3Cu3As2,(0001),3
K3Cu3P2 (0001),5.658119561005387,"Cu, K, P",Trigonal,-3m,K3Cu3P2,(0001),3
K3GaF6 (111),12.300949688821168,"F, Ga, K",Cubic,m-3m,K3GaF6,(111),3
K3InF6 (111),12.669612353267075,"F, In, K",Cubic,m-3,K3InF6,(111),3
K3LuCl6 (111),15.502015440448925,"Cl, K, Lu",Cubic,m-3m,K3LuCl6,(111),3
K3MoF6 (111),12.717961224502497,"F, K, Mo",Cubic,m-3m,K3MoF6,(111),3
K3P (0001),5.674026417955919,"K, P",Hexagonal,6/mmm,K3P,(0001),2
K3P6N11 (111),14.697892449228464,"K, N, P",Cubic,432,K3P6N11,(111),3
K3RhF6 (111),12.474985751371012,"F, K, Rh",Cubic,m-3m,K3RhF6,(111),3
K3RuF6 (111),8.819985880008055,"F, K, Ru",Cubic,m-3m,K3RuF6,(111),3
K3Sb (0001),6.073530372255091,"K, Sb",Hexagonal,6/mmm,K3Sb,(0001),2
K3Sb2Au3 (0001),6.26238437729633,"Au, K, Sb",Trigonal,-3m,K3Sb2Au3,(0001),3
K3SbO3 (111),11.833224122047476,"K, O, Sb",Cubic,23,K3SbO3,(111),3
K3SbS3 (111),13.424252478630578,"K, S, Sb",Cubic,23,K3SbS3,(111),3
K3SbSe3 (111),13.913703448707889,"K, Sb, Se",Cubic,23,K3SbSe3,(111),3
K3SbSe4 (0001),11.611956296539239,"K, Sb, Se",Trigonal,3m,K3SbSe4,(0001),3
K3SbTe3 (111),14.808166359866338,"K, Sb, Te",Cubic,23,K3SbTe3,(111),3
K3Ta8O21 (0001),9.172864196079917,"K, O, Ta",Hexagonal,6/mmm,K3Ta8O21,(0001),3
K3TlF6 (111),12.86508215171543,"F, K, Tl",Cubic,m-3,K3TlF6,(111),3
K3V3O8 (0001),9.76627763190324,"K, O, V",Trigonal,2/m,K3V3O8,(0001),3
K3V5O14 (0001),8.675243728205961,"K, O, V",Trigonal,3m,K3V5O14,(0001),3
K3VO4 (111),11.704965063567204,"K, O, V",Cubic,23,K3VO4,(111),3
K3W2Cl9 (0001),7.231458938374885,"Cl, K, W",Hexagonal,6/m,K3W2Cl9,(0001),3
K3WF6 (111),12.770205203681927,"F, K, W",Cubic,m-3m,K3WF6,(111),3
K4Au6S5 (0001),9.675561376825915,"Au, K, S",Hexagonal,-6m2,K4Au6S5,(0001),3
K4BeAs2 (0001),5.683229597024928,"As, Be, K",Trigonal,-3m,K4BeAs2,(0001),3
K4BeP2 (0001),5.575584341866179,"Be, K, P",Trigonal,-3m,K4BeP2,(0001),3
K4CdAs2 (0001),5.797967653894245,"As, Cd, K",Trigonal,-3m,K4CdAs2,(0001),3
K4CdCl6 (0001),12.113613670610578,"Cd, Cl, K",Trigonal,-3m,K4CdCl6,(0001),3
K4CdP2 (0001),5.6841591384649375,"Cd, K, P",Trigonal,-3m,K4CdP2,(0001),3
K4Ge2Au7 (0001),6.51601895663222,"Au, Ge, K",Trigonal,-3m,K4Ge2Au7,(0001),3
K4Hf5O12 (0001),5.765736445787083,"Hf, K, O",Trigonal,-3m,K4Hf5O12,(0001),3
K4HgAs2 (0001),5.763148870986067,"As, Hg, K",Trigonal,-3m,K4HgAs2,(0001),3
K4HgP2 (0001),5.670178904919187,"Hg, K, P",Trigonal,-3m,K4HgP2,(0001),3
K4I2O9 (0001),6.122421523699283,"I, K, O",Hexagonal,6/mmm,K4I2O9,(0001),3
K4In3Ge20 (111),15.801531397665226,"Ge, In, K",Cubic,m-3m,K4In3Ge20,(111),3
K4MnBr6 (0001),12.650779493254205,"Br, K, Mn",Trigonal,-3m,K4MnBr6,(0001),3
K4P2O7 (0001),5.904129934871303,"K, O, P",Hexagonal,6/mmm,K4P2O7,(0001),3
K4ZnAs2 (0001),5.748303920759896,"As, K, Zn",Trigonal,-3m,K4ZnAs2,(0001),3
K4ZnP2 (0001),5.636164532841482,"K, P, Zn",Trigonal,-3m,K4ZnP2,(0001),3
K4Zr5O12 (0001),5.830904749526261,"K, O, Zr",Trigonal,-3m,K4Zr5O12,(0001),3
K5As2Au (0001),5.72640014447615,"As, Au, K",Hexagonal,6/mmm,K5As2Au,(0001),3
K5CuAs2 (0001),5.739851399536681,"As, Cu, K",Hexagonal,6/mmm,K5CuAs2,(0001),3
K5InPb8 (0001),6.898690796068298,"In, K, Pb",Trigonal,-3m,K5InPb8,(0001),3
K5P2Au (0001),5.655977574963779,"Au, K, P",Hexagonal,6/mmm,K5P2Au,(0001),3
K6CdO4 (0001),8.667454835788368,"Cd, K, O",Hexagonal,6mm,K6CdO4,(0001),3
K6CdTe4 (0001),11.089227986507609,"Cd, K, Te",Hexagonal,6mm,K6CdTe4,(0001),3
K6HgS4 (0001),10.00811549708703,"Hg, K, S",Hexagonal,6mm,K6HgS4,(0001),3
K6HgSe4 (0001),10.412848042301052,"Hg, K, Se",Hexagonal,6mm,K6HgSe4,(0001),3
K6MgO4 (0001),8.449174364472459,"K, Mg, O",Hexagonal,6mm,K6MgO4,(0001),3
K6MnS4 (0001),9.85164788370442,"K, Mn, S",Hexagonal,6mm,K6MnS4,(0001),3
K6MnSe4 (0001),10.249666834911306,"K, Mn, Se",Hexagonal,6mm,K6MnSe4,(0001),3
K6MnTe4 (0001),10.95920186835288,"K, Mn, Te",Hexagonal,6mm,K6MnTe4,(0001),3
K6ZnS4 (0001),9.792689778685963,"K, S, Zn",Hexagonal,6mm,K6ZnS4,(0001),3
K6ZnSe4 (0001),10.193372633856256,"K, Se, Zn",Hexagonal,6mm,K6ZnSe4,(0001),3
K8In11 (0001),10.133077396216114,"In, K",Trigonal,-3m,K8In11,(0001),2
K8Tl11 (0001),10.287715238882004,"K, Tl",Trigonal,-3m,K8Tl11,(0001),2
K9Ni2O7 (111),15.586819902229614,"K, Ni, O",Cubic,23,K9Ni2O7,(111),3
KAg5S3 (0001),13.325307161534292,"Ag, K, S",Hexagonal,-6m2,KAg5S3,(0001),3
KAgBr3 (0001),7.611291183688614,"Ag, Br, K",Trigonal,3m,KAgBr3,(0001),3
KAgCl3 (0001),7.182816274780024,"Ag, Cl, K",Trigonal,3m,KAgCl3,(0001),3
KAl11O17 (0001),5.591003437315725,"Al, K, O",Hexagonal,6/mmm,KAl11O17,(0001),3
KAsF6 (0001),7.3113696524950935,"As, F, K",Trigonal,-3,KAsF6,(0001),3
KAu2 (0001),5.69206529315094,"Au, K",Hexagonal,6/mmm,KAu2,(0001),2
KAu5 (0001),5.733993612093631,"Au, K",Hexagonal,6/mmm,KAu5,(0001),2
KAuF6 (0001),7.554441848936402,"Au, F, K",Trigonal,-3m,KAuF6,(0001),3
KB6 (111),5.95721903972053,"B, K",Cubic,m-3m,KB6,(111),2
KBO2 (0001),12.755367632045038,"B, K, O",Trigonal,-3m,KBO2,(0001),3
KBS2 (0001),15.61905596220003,"B, K, S",Trigonal,-3m,KBS2,(0001),3
KBi2 (111),13.432392168850939,"Bi, K",Cubic,m-3m,KBi2,(111),2
KBiF6 (111),14.55542584313262,"Bi, F, K",Cubic,m-3,KBiF6,(111),3
KBiO3 (111),14.236234495033456,"Bi, K, O",Cubic,m-3,KBiO3,(111),3
KBiS2 (0001),4.1259249580877935,"Bi, K, S",Trigonal,-3m,KBiS2,(0001),3
KBr (111),9.318369042566617,"Br, K",Cubic,m-3m,KBr,(111),2
KBr3 (0001),6.4123585143191715,"Br, K",Hexagonal,6/mmm,KBr3,(0001),2
KBrO3 (0001),5.943277140641091,"Br, K, O",Trigonal,3m,KBrO3,(0001),3
KCd4As3 (0001),4.4993184345284245,"As, Cd, K",Trigonal,-3m,KCd4As3,(0001),3
KCd4P3 (0001),4.368581643718153,"Cd, K, P",Trigonal,-3m,KCd4P3,(0001),3
KCeS2 (0001),4.2358373682044785,"Ce, K, S",Trigonal,-3m,KCeS2,(0001),3
KCl (111),8.886554007387835,"Cl, K",Cubic,m-3m,KCl,(111),2
KCrCl3 (0001),6.993442284764719,"Cl, Cr, K",Trigonal,-3m,KCrCl3,(0001),3
KCrF6 (0001),7.299053971325791,"Cr, F, K",Trigonal,-3,KCrF6,(0001),3
KCrO2 (0001),3.0601544396622082,"Cr, K, O",Hexagonal,6/mmm,KCrO2,(0001),3
KCrS2 (0001),3.6502725103500566,"Cr, K, S",Trigonal,-3m,KCrS2,(0001),3
KCuSe (0001),4.152311960022738,"Cu, K, Se",Hexagonal,6/mmm,KCuSe,(0001),3
KCuTe (0001),4.4392195151902065,"Cu, K, Te",Hexagonal,6/mmm,KCuTe,(0001),3
KDyO2 (0001),3.451555323856073,"Dy, K, O",Trigonal,-3m,KDyO2,(0001),3
KDyS2 (0001),4.036870451420054,"Dy, K, S",Trigonal,-3m,KDyS2,(0001),3
KErF4 (0001),14.156742686912198,"Er, F, K",Trigonal,3,KErF4,(0001),3
KErO2 (0001),3.4083938692741373,"Er, K, O",Trigonal,-3m,KErO2,(0001),3
KErS2 (0001),3.9943088496332013,"Er, K, S",Trigonal,-3m,KErS2,(0001),3
KErTe2 (0001),4.454602998756176,"Er, K, Te",Trigonal,-3m,KErTe2,(0001),3
KEuS2 (0001),4.20149674378748,"Eu, K, S",Trigonal,-3m,KEuS2,(0001),3
KF (111),7.507814874994859,"F, K",Cubic,m-3m,KF,(111),2
KGdO2 (0001),3.5196635108819216,"Gd, K, O",Trigonal,-3m,KGdO2,(0001),3
KGdS2 (0001),4.090330012559927,"Gd, K, S",Trigonal,-3m,KGdS2,(0001),3
KGdTe2 (0001),4.526157112849189,"Gd, K, Te",Trigonal,-3m,KGdTe2,(0001),3
KGeCl3 (0001),7.722716528532834,"Cl, Ge, K",Trigonal,3m,KGeCl3,(0001),3
KH (111),8.022123037063265,"H, K",Cubic,m-3m,KH,(111),2
KH3F4 (0001),7.403219398864632,"F, H, K",Trigonal,-3m,KH3F4,(0001),3
KHg11 (111),14.360463723683472,"Hg, K",Cubic,m-3m,KHg11,(111),2
KHgAs (0001),4.567662307034025,"As, Hg, K",Hexagonal,6/mmm,KHgAs,(0001),3
KHgF3 (111),6.406195235247306,"F, Hg, K",Cubic,4/mmm,KHgF3,(111),3
KHgSb (0001),4.843607469115916,"Hg, K, Sb",Hexagonal,6/mmm,KHgSb,(0001),3
KHoF4 (0001),14.172123645290604,"F, Ho, K",Trigonal,3,KHoF4,(0001),3
KHoO2 (0001),3.4312080020699804,"Ho, K, O",Trigonal,-3m,KHoO2,(0001),3
KHoS2 (0001),4.018132733901642,"Ho, K, S",Trigonal,-3m,KHoS2,(0001),3
KI (111),10.01952098318356,"I, K",Cubic,m-3m,KI,(111),2
KIn9Co2 (0001),8.760143886869834,"Co, In, K",Hexagonal,6/mmm,KIn9Co2,(0001),3
KInBr3 (0001),8.604099888890474,"Br, In, K",Trigonal,-3,KInBr3,(0001),3
KInO2 (0001),3.3165671287990266,"In, K, O",Trigonal,-3m,KInO2,(0001),3
KIrO3 (111),13.417004916966128,"Ir, K, O",Cubic,m-3,KIrO3,(111),3
KLaO2 (0001),3.714999981146087,"K, La, O",Trigonal,-3m,KLaO2,(0001),3
KLaS2 (0001),4.291318621470166,"K, La, S",Trigonal,-3m,KLaS2,(0001),3
KLaTe2 (0001),4.709378486002885,"K, La, Te",Trigonal,-3m,KLaTe2,(0001),3
KLu3F10 (111),15.85311581847785,"F, K, Lu",Cubic,m-3m,KLu3F10,(111),3
KLuO2 (0001),3.347485996322061,"K, Lu, O",Trigonal,-3m,KLuO2,(0001),3
KLuS2 (0001),3.9432930034949796,"K, Lu, S",Trigonal,-3m,KLuS2,(0001),3
KMgF3 (111),5.626403728336482,"F, K, Mg",Cubic,m-3m,KMgF3,(111),3
KMgH3 (111),5.6400222796730155,"H, K, Mg",Cubic,m-3m,KMgH3,(111),3
KNa2Bi (111),11.13550375911711,"Bi, K, Na",Cubic,m-3m,KNa2Bi,(111),3
KNa2Sb (111),10.896000157553775,"K, Na, Sb",Cubic,m-3m,KNa2Sb,(111),3
KNbO3 (0001),5.719298851832023,"K, Nb, O",Trigonal,3m,KNbO3,(0001),3
KNdO2 (0001),3.622150588424085,"K, Nd, O",Trigonal,-3m,KNdO2,(0001),3
KNdS2 (0001),4.189307228440187,"K, Nd, S",Trigonal,-3m,KNdS2,(0001),3
KNdTe2 (0001),4.620797928443806,"K, Nd, Te",Trigonal,-3m,KNdTe2,(0001),3
KNiCl3 (0001),11.80825914270681,"Cl, K, Ni",Hexagonal,6mm,KNiCl3,(0001),3
KNiF3 (111),5.6682691166874815,"F, K, Ni",Cubic,m-3m,KNiF3,(111),3
KNpO3 (111),6.07137293011959,"K, Np, O",Cubic,m-3m,KNpO3,(111),3
KOsF6 (0001),7.402222849666348,"F, K, Os",Trigonal,-3,KOsF6,(0001),3
KPF6 (0001),7.118521257360614,"F, K, P",Trigonal,-3,KPF6,(0001),3
KPSe3 (0001),14.951111301267876,"K, P, Se",Trigonal,3,KPSe3,(0001),3
KPaO3 (111),6.160322027587525,"K, O, Pa",Cubic,m-3m,KPaO3,(111),3
KPd2O3 (0001),6.135787807327529,"K, O, Pd",Trigonal,-3m,KPd2O3,(0001),3
KPrO2 (0001),3.6592947059260026,"K, O, Pr",Trigonal,-3m,KPrO2,(0001),3
KPrS2 (0001),4.2219870664947186,"K, Pr, S",Trigonal,-3m,KPrS2,(0001),3
KPrTe2 (0001),4.653260668909594,"K, Pr, Te",Trigonal,-3m,KPrTe2,(0001),3
KPt2S3 (0001),7.087402191842786,"K, Pt, S",Trigonal,-3m,KPt2S3,(0001),3
KPt2Se3 (0001),7.428026350836953,"K, Pt, Se",Trigonal,-3m,KPt2Se3,(0001),3
KRhF6 (0001),7.391403427238937,"F, K, Rh",Trigonal,-3,KRhF6,(0001),3
KRuF6 (0001),7.486219848736905,"F, K, Ru",Trigonal,-3m,KRuF6,(0001),3
KS (0001),8.512543700897742,"K, S",Hexagonal,-6m2,KS,(0001),2
KSbF6 (111),14.276467541540738,"F, K, Sb",Cubic,m-3,KSbF6,(111),3
KSbO3 (0001),5.3978219006081956,"K, O, Sb",Trigonal,-3,KSbO3,(0001),3
KScO2 (0001),3.221225693829134,"K, O, Sc",Trigonal,-3m,KScO2,(0001),3
KSe (0001),8.936869681849611,"K, Se",Hexagonal,-6m2,KSe,(0001),2
KSmO2 (0001),3.562373450369534,"K, O, Sm",Trigonal,-3m,KSmO2,(0001),3
KSmS2 (0001),4.133890772832996,"K, S, Sm",Trigonal,-3m,KSmS2,(0001),3
KSmSe2 (0001),4.283605960429323,"K, Se, Sm",Trigonal,-3m,KSmSe2,(0001),3
KSmTe2 (0001),4.571723449702863,"K, Sm, Te",Trigonal,-3m,KSmTe2,(0001),3
KSnAs (0001),4.146433294152336,"As, K, Sn",Hexagonal,6mm,KSnAs,(0001),3
KSnSb (0001),4.415378486132971,"K, Sb, Sn",Hexagonal,6mm,KSnSb,(0001),3
KTaO3 (111),5.649615413525611,"K, O, Ta",Cubic,m-3m,KTaO3,(111),3
KTbS2 (0001),4.057545951190608,"K, S, Tb",Trigonal,-3m,KTbS2,(0001),3
KTcO3 (111),5.4788640882485495,"K, O, Tc",Cubic,m-3m,KTcO3,(111),3
KTe (0001),5.627971747952884,"K, Te",Hexagonal,6/mmm,KTe,(0001),2
KTeAu (0001),4.711680886649393,"Au, K, Te",Hexagonal,6/mmm,KTeAu,(0001),3
KTl2Bi (111),11.460249954142498,"Bi, K, Tl",Cubic,m-3m,KTl2Bi,(111),3
KTlF4 (0001),8.072253026134863,"F, K, Tl",Trigonal,3,KTlF4,(0001),3
KTlO2 (0001),3.453524297332764,"K, O, Tl",Trigonal,-3m,KTlO2,(0001),3
KTmF4 (0001),14.045076334213814,"F, K, Tm",Trigonal,3,KTmF4,(0001),3
KTmO2 (0001),3.3852226442093154,"K, O, Tm",Trigonal,-3m,KTmO2,(0001),3
KUO3 (111),6.079510017972634,"K, O, U",Cubic,m-3m,KUO3,(111),3
KVCl3 (0001),6.914986453525952,"Cl, K, V",Hexagonal,6/mmm,KVCl3,(0001),3
KVF3 (111),5.8397973920395305,"F, K, V",Cubic,m-3m,KVF3,(111),3
KYF4 (0001),14.264175324454898,"F, K, Y",Trigonal,3,KYF4,(0001),3
KYO2 (0001),3.4564958304595095,"K, O, Y",Trigonal,-3m,KYO2,(0001),3
KYS2 (0001),4.044677069628012,"K, S, Y",Trigonal,-3m,KYS2,(0001),3
KYTe2 (0001),4.495359508416276,"K, Te, Y",Trigonal,-3m,KYTe2,(0001),3
KYb3F10 (111),15.922867090464319,"F, K, Yb",Cubic,m-3m,KYb3F10,(111),3
KYbO2 (0001),3.369703089079191,"K, O, Yb",Trigonal,-3m,KYbO2,(0001),3
KYbSe2 (0001),4.125713918599961,"K, Se, Yb",Trigonal,-3m,KYbSe2,(0001),3
KZn4P3 (0001),4.015228357299053,"K, P, Zn",Trigonal,-3m,KZn4P3,(0001),3
KZnAs (0001),4.208997043593847,"As, K, Zn",Hexagonal,6/mmm,KZnAs,(0001),3
KZnF3 (111),5.723911716994577,"F, K, Zn",Cubic,m-3m,KZnF3,(111),3
KZnP (0001),4.063758328821727,"K, P, Zn",Hexagonal,6/mmm,KZnP,(0001),3
KZnSb (0001),4.525850240649692,"K, Sb, Zn",Hexagonal,6/mmm,KZnSb,(0001),3
KZrS2 (0001),3.7432310151210224,"K, S, Zr",Trigonal,-3m,KZrS2,(0001),3
Kr (0001),7.001359813652649,Kr,Trigonal,-3m,Kr,(0001),1
La (0001),3.7963114957478874,La,Hexagonal,6/mmm,La,(0001),1
La(AlBr4)3 (0001),10.757816913450098,"Al, Br, La",Trigonal,32,La(AlBr4)3,(0001),3
La(AlGe)2 (0001),4.278236636724507,"Al, Ge, La",Trigonal,-3m,La(AlGe)2,(0001),3
La(AlSi)2 (0001),4.22087203574147,"Al, La, Si",Trigonal,-3m,La(AlSi)2,(0001),3
La(As3Os)4 (111),12.127153731449946,"As, La, Os",Cubic,m-3,La(As3Os)4,(111),3
La(AuF4)3 (0001),10.621872196628999,"Au, F, La",Trigonal,-3m,La(AuF4)3,(0001),3
La(ClO4)3 (0001),9.348181508042746,"Cl, La, O",Hexagonal,6/m,La(ClO4)3,(0001),3
La(Co2B)6 (0001),9.418991169459478,"B, Co, La",Trigonal,-3m,La(Co2B)6,(0001),3
La(FeAs3)4 (111),11.744940537275868,"As, Fe, La",Cubic,m-3,La(FeAs3)4,(111),3
La(FeP3)4 (111),11.020693788831256,"Fe, La, P",Cubic,m-3,La(FeP3)4,(111),3
La(FeSb3)4 (111),12.924191281159677,"Fe, La, Sb",Cubic,m-3,La(FeSb3)4,(111),3
La(Ge2Rh3)2 (0001),7.177784402845073,"Ge, La, Rh",Hexagonal,-6m2,La(Ge2Rh3)2,(0001),3
La(HO)3 (0001),6.515282405994632,"H, La, O",Hexagonal,6/m,La(HO)3,(0001),3
La(Mo3S4)2 (0001),9.194385821106644,"La, Mo, S",Trigonal,-3,La(Mo3S4)2,(0001),3
La(P3Os)4 (111),11.461673619365069,"La, Os, P",Cubic,m-3,La(P3Os)4,(111),3
La(P3Ru)4 (111),11.426353567479026,"La, P, Ru",Cubic,m-3,La(P3Ru)4,(111),3
La(Sb3Os)4 (111),13.245814445382084,"La, Os, Sb",Cubic,m-3,La(Sb3Os)4,(111),3
La(Sb3Ru)4 (111),13.204744839714227,"La, Ru, Sb",Cubic,m-3,La(Sb3Ru)4,(111),3
La(ZnP)3 (0001),4.049012185961557,"La, P, Zn",Hexagonal,6/mmm,La(ZnP)3,(0001),3
La11(MnC6)3 (0001),15.227206596790921,"C, La, Mn",Trigonal,-3,La11(MnC6)3,(0001),3
La12(ReC3)5 (0001),11.194007340397764,"C, La, Re",Hexagonal,-6m2,La12(ReC3)5,(0001),3
La12Co6Pb (111),14.443428223010685,"Co, La, Pb",Cubic,m-3,La12Co6Pb,(111),3
La12InCo6 (111),14.365589851867275,"Co, In, La",Cubic,m-3,La12InCo6,(111),3
La12Ni6Pb (111),14.490029124590675,"La, Ni, Pb",Cubic,m-3,La12Ni6Pb,(111),3
La14Au51 (0001),13.090701579655729,"Au, La",Hexagonal,-6,La14Au51,(0001),2
La15Cd2Rh5 (0001),10.189082075184643,"Cd, La, Rh",Trigonal,3m,La15Cd2Rh5,(0001),3
La15Ge9O (0001),15.550927722377933,"Ge, La, O",Hexagonal,6mm,La15Ge9O,(0001),3
La15Ge9P (0001),15.74362652790273,"Ge, La, P",Hexagonal,6mm,La15Ge9P,(0001),3
La2(B2Rh3)3 (0001),5.657330624920604,"B, La, Rh",Hexagonal,6/mmm,La2(B2Rh3)3,(0001),3
La2(SO4)3 (0001),9.684233348685764,"La, O, S",Trigonal,-3m,La2(SO4)3,(0001),3
La2(Zn2Ge)3 (0001),7.671277827701136,"Ge, La, Zn",Hexagonal,-6m2,La2(Zn2Ge)3,(0001),3
La23Cd4Ir7 (0001),10.187391882952179,"Cd, Ir, La",Hexagonal,6mm,La23Cd4Ir7,(0001),3
La23Cd4Ni7 (0001),10.095681965129796,"Cd, La, Ni",Hexagonal,6mm,La23Cd4Ni7,(0001),3
La23Cd4Rh7 (0001),10.138025973920884,"Cd, La, Rh",Hexagonal,6mm,La23Cd4Rh7,(0001),3
La23Mg4Ni7 (0001),10.114577233775211,"La, Mg, Ni",Hexagonal,6mm,La23Mg4Ni7,(0001),3
La23Mg4Pt7 (0001),10.340275154769047,"La, Mg, Pt",Hexagonal,6mm,La23Mg4Pt7,(0001),3
La23Mg4Rh7 (0001),10.23414081020099,"La, Mg, Rh",Hexagonal,6mm,La23Mg4Rh7,(0001),3
La2Al2I (0001),4.3963198129241885,"Al, I, La",Hexagonal,6/mmm,La2Al2I,(0001),3
La2AsI2 (0001),4.417618387267251,"As, I, La",Trigonal,-3m,La2AsI2,(0001),3
La2B3Br (0001),7.854352939376845,"B, Br, La",Hexagonal,-6m2,La2B3Br,(0001),3
La2B3Cl (0001),7.797917926710051,"B, Cl, La",Hexagonal,-6,La2B3Cl,(0001),3
La2B3Cl (0001),7.816906722450796,"B, Cl, La",Hexagonal,-6m2,La2B3Cl,(0001),3
La2Bi2O7 (111),15.80217895980288,"Bi, La, O",Cubic,m-3m,La2Bi2O7,(111),3
La2CdIn (111),11.171945497035054,"Cd, In, La",Cubic,m-3m,La2CdIn,(111),3
La2Co2I (0001),4.036318159518759,"Co, I, La",Hexagonal,6/mmm,La2Co2I,(0001),3
La2Cu2I (0001),4.287443748704819,"Cu, I, La",Hexagonal,-6m2,La2Cu2I,(0001),3
La2CuSi3 (0001),4.130342794636115,"Cu, La, Si",Hexagonal,-6m2,La2CuSi3,(0001),3
La2Fe2I (0001),4.244547666400163,"Fe, I, La",Hexagonal,6/mmm,La2Fe2I,(0001),3
La2GeI2 (0001),4.499514977383708,"Ge, I, La",Trigonal,-3m,La2GeI2,(0001),3
La2Hf2O7 (111),15.186985877832935,"Hf, La, O",Cubic,m-3m,La2Hf2O7,(111),3
La2In (0001),5.653767699113746,"In, La",Hexagonal,6/mmm,La2In,(0001),2
La2Ni2I (0001),4.122224359111782,"I, La, Ni",Hexagonal,-6m2,La2Ni2I,(0001),3
La2Ni7 (0001),5.01598207061334,"La, Ni",Trigonal,-3m,La2Ni7,(0001),2
La2O3 (0001),3.930777877969835,"La, O",Trigonal,-3m,La2O3,(0001),2
La2Os2I (0001),4.3281207713050645,"I, La, Os",Hexagonal,6/mmm,La2Os2I,(0001),3
La2PBr2 (0001),4.269546396085239,"Br, La, P",Trigonal,-3m,La2PBr2,(0001),3
La2PI2 (0001),4.340584809284236,"I, La, P",Trigonal,-3m,La2PI2,(0001),3
La2Pt2O7 (111),14.910747146714801,"La, O, Pt",Cubic,m-3m,La2Pt2O7,(111),3
La2Ru2I (0001),4.336042171193413,"I, La, Ru",Hexagonal,6/mmm,La2Ru2I,(0001),3
La2SO2 (0001),4.053734630232798,"La, O, S",Trigonal,-3m,La2SO2,(0001),3
La2SbI2 (0001),4.579742262797468,"I, La, Sb",Trigonal,-3m,La2SbI2,(0001),3
La2SeO2 (0001),4.087297832675909,"La, O, Se",Trigonal,-3m,La2SeO2,(0001),3
La2Si3Rh (0001),8.33693415862372,"La, Rh, Si",Hexagonal,6/mmm,La2Si3Rh,(0001),3
La2Sn2O7 (111),15.172247453202765,"La, O, Sn",Cubic,m-3m,La2Sn2O7,(111),3
La2TlAg (111),11.052731677789046,"Ag, La, Tl",Cubic,m-3m,La2TlAg,(111),3
La2TlCd (111),11.18542572414305,"Cd, La, Tl",Cubic,m-3m,La2TlCd,(111),3
La2Zn17 (0001),9.029574383006949,"La, Zn",Trigonal,-3m,La2Zn17,(0001),2
La2Zr2O7 (111),15.283433008329352,"La, O, Zr",Cubic,m-3m,La2Zr2O7,(111),3
La3Al (0001),7.250740724834949,"Al, La",Hexagonal,6/mmm,La3Al,(0001),2
La3AlN (111),7.2089791984640135,"Al, La, N",Cubic,m-3m,La3AlN,(111),3
La3AlO (111),7.114922352874541,"Al, La, O",Cubic,m-3m,La3AlO,(111),3
La3Bi4Au3 (111),14.697217529947956,"Au, Bi, La",Cubic,-43m,La3Bi4Au3,(111),3
La3Co4Sn13 (111),13.636255112939153,"Co, La, Sn",Cubic,m-3m,La3Co4Sn13,(111),3
La3Cu3Sb4 (111),13.987808154523425,"Cu, La, Sb",Cubic,-43m,La3Cu3Sb4,(111),3
La3GaBr3 (111),8.67843813212476,"Br, Ga, La",Cubic,m-3m,La3GaBr3,(111),3
La3HfSb5 (0001),9.670665836207675,"Hf, La, Sb",Hexagonal,6/mmm,La3HfSb5,(0001),3
La3In (111),7.20156510843855,"In, La",Cubic,m-3m,La3In,(111),2
La3InC (111),7.423715059260795,"C, In, La",Cubic,m-3m,La3InC,(111),3
La3InN (111),7.266007977906634,"In, La, N",Cubic,m-3m,La3InN,(111),3
La3Ir2 (0001),8.898562905738725,"Ir, La",Trigonal,-3,La3Ir2,(0001),2
La3Ir3O11 (111),13.543186481581136,"Ir, La, O",Cubic,m-3,La3Ir3O11,(111),3
La3Ni3Bi4 (111),14.076924652450737,"Bi, La, Ni",Cubic,-43m,La3Ni3Bi4,(111),3
La3Pb (111),7.174762400317348,"La, Pb",Cubic,m-3m,La3Pb,(111),2
La3PbC (111),7.409302436437078,"C, La, Pb",Cubic,m-3m,La3PbC,(111),3
La3Pd4 (0001),14.008865268127098,"La, Pd",Trigonal,-3,La3Pd4,(0001),2
La3Pt3O11 (111),13.458144163221391,"La, O, Pt",Cubic,m-3,La3Pt3O11,(111),3
La3Rh4Pb13 (111),14.309008741768633,"La, Pb, Rh",Cubic,m-3m,La3Rh4Pb13,(111),3
La3Sb4Au3 (111),14.429472820043879,"Au, La, Sb",Cubic,-43m,La3Sb4Au3,(111),3
La3Sb5O12 (111),15.786174700897304,"La, O, Sb",Cubic,-43m,La3Sb5O12,(111),3
La3Sn13Ir4 (111),13.89120132632193,"Ir, La, Sn",Cubic,m-3m,La3Sn13Ir4,(111),3
La3Sn13Ru4 (111),13.910926772373363,"La, Ru, Sn",Cubic,m-3m,La3Sn13Ru4,(111),3
La3SnC (111),7.382618451544436,"C, La, Sn",Cubic,m-3m,La3SnC,(111),3
La3SnN (111),7.221694387889266,"La, N, Sn",Cubic,m-3m,La3SnN,(111),3
La3Te4 (111),13.725922116999735,"La, Te",Cubic,-43m,La3Te4,(111),2
La3Tl (111),7.198956294537906,"La, Tl",Cubic,m-3m,La3Tl,(111),2
La3TlC (111),7.41157174480185,"C, La, Tl",Cubic,m-3m,La3TlC,(111),3
La4Os6O19 (111),12.813353699772943,"La, O, Os",Cubic,23,La4Os6O19,(111),3
La4Pb3 (111),14.037365015876315,"La, Pb",Cubic,-43m,La4Pb3,(111),2
La4Rh3 (111),12.707231266875196,"La, Rh",Cubic,-43m,La4Rh3,(111),2
La4Ru6O19 (111),12.855987584712114,"La, O, Ru",Cubic,23,La4Ru6O19,(111),3
La5Al2Ru3 (111),14.106296623633293,"Al, La, Ru",Cubic,23,La5Al2Ru3,(111),3
La5AsPb3 (0001),9.676769800583816,"As, La, Pb",Hexagonal,6/mmm,La5AsPb3,(0001),3
La5Bi3Br (0001),9.832064403977357,"Bi, Br, La",Hexagonal,6/mmm,La5Bi3Br,(0001),3
La5Cu19P12 (0001),12.728380494481653,"Cu, La, P",Hexagonal,-6m2,La5Cu19P12,(0001),3
La5Ge3 (0001),9.016277075645121,"Ge, La",Hexagonal,6/mmm,La5Ge3,(0001),2
La5Ge3O (0001),8.982072884195734,"Ge, La, O",Hexagonal,6/mmm,La5Ge3O,(0001),3
La5In3Br (0001),9.81214570983884,"Br, In, La",Hexagonal,6/mmm,La5In3Br,(0001),3
La5P12Ir19 (0001),12.850238387393832,"Ir, La, P",Hexagonal,-6m2,La5P12Ir19,(0001),3
La5P12Ru19 (0001),12.692386250594883,"La, P, Ru",Hexagonal,-6m2,La5P12Ru19,(0001),3
La5PPb3 (0001),9.660845974863925,"La, P, Pb",Hexagonal,6/mmm,La5PPb3,(0001),3
La5Pb3 (0001),9.58984208311846,"La, Pb",Hexagonal,6/mmm,La5Pb3,(0001),2
La5Pb3Cl (0001),9.717345108525741,"Cl, La, Pb",Hexagonal,6/mmm,La5Pb3Cl,(0001),3
La5Pb3I (0001),9.85568264356011,"I, La, Pb",Hexagonal,6/mmm,La5Pb3I,(0001),3
La5Pb3S (0001),9.660491809982295,"La, Pb, S",Hexagonal,6/mmm,La5Pb3S,(0001),3
La5Pb3Se (0001),9.709988735289953,"La, Pb, Se",Hexagonal,6/mmm,La5Pb3Se,(0001),3
La5RuPb3 (0001),9.845773825097368,"La, Pb, Ru",Hexagonal,6/mmm,La5RuPb3,(0001),3
La5Sn3Br (0001),9.699935550114184,"Br, La, Sn",Hexagonal,6/mmm,La5Sn3Br,(0001),3
La5Sn3Cl (0001),9.644662327976018,"Cl, La, Sn",Hexagonal,6/mmm,La5Sn3Cl,(0001),3
La5Sn3I (0001),9.786930563844235,"I, La, Sn",Hexagonal,6/mmm,La5Sn3I,(0001),3
La6Ni6P17 (111),14.404303919852966,"La, Ni, P",Cubic,-43m,La6Ni6P17,(111),3
La6P17Pd6 (111),14.806972155507863,"La, P, Pd",Cubic,-43m,La6P17Pd6,(111),3
La6UO12 (0001),10.467120097404552,"La, O, U",Trigonal,-3,La6UO12,(0001),3
La6WO12 (0001),10.29739673500227,"La, O, W",Trigonal,-3,La6WO12,(0001),3
La6Zn4Pd13 (111),13.838817927300296,"La, Pd, Zn",Cubic,m-3m,La6Zn4Pd13,(111),3
La7(RuO6)3 (0001),9.914031196392758,"La, O, Ru",Trigonal,-3m,La7(RuO6)3,(0001),3
La7Ir3 (0001),10.283679483975614,"Ir, La",Hexagonal,6mm,La7Ir3,(0001),2
La7Ni3 (0001),10.04634763867212,"La, Ni",Hexagonal,6mm,La7Ni3,(0001),2
La7Pd3 (0001),10.355376066294475,"La, Pd",Hexagonal,6mm,La7Pd3,(0001),2
La7Pt3 (0001),10.34266663264938,"La, Pt",Hexagonal,6mm,La7Pt3,(0001),2
La7Rh3 (0001),10.315863376164708,"La, Rh",Hexagonal,6mm,La7Rh3,(0001),2
LaAg (111),5.385309646741153,"Ag, La",Cubic,m-3m,LaAg,(111),2
LaAgGe (0001),4.554898306636914,"Ag, Ge, La",Hexagonal,6mm,LaAgGe,(0001),3
LaAgO2 (0001),3.8151900302926642,"Ag, La, O",Trigonal,-3m,LaAgO2,(0001),3
LaAgPb (0001),4.906716759261038,"Ag, La, Pb",Hexagonal,6mm,LaAgPb,(0001),3
LaAl2 (111),11.496040840509929,"Al, La",Cubic,m-3m,LaAl2,(111),2
LaAl2Pt3 (0001),5.63695797264531,"Al, La, Pt",Hexagonal,6/mmm,LaAl2Pt3,(0001),3
LaAl3 (0001),6.694576414949539,"Al, La",Hexagonal,6/mmm,LaAl3,(0001),2
LaAl3Pd2 (0001),5.513867927341381,"Al, La, Pd",Hexagonal,6/mmm,LaAl3Pd2,(0001),3
LaAlH6 (0001),6.516000917195697,"Al, H, La",Trigonal,-3m,LaAlH6,(0001),3
LaAlSi2 (0001),4.167295627614905,"Al, La, Si",Trigonal,-3m,LaAlSi2,(0001),3
LaAs (111),8.765534938146734,"As, La",Cubic,m-3m,LaAs,(111),2
LaAsPd (0001),4.403841409792438,"As, La, Pd",Hexagonal,6/mmm,LaAsPd,(0001),3
LaB2Ir3 (0001),5.629807586091189,"B, Ir, La",Hexagonal,6/mmm,LaB2Ir3,(0001),3
LaB3F12 (0001),11.170743061945029,"B, F, La",Trigonal,3m,LaB3F12,(0001),3
LaB6 (111),5.8726751609308465,"B, La",Cubic,m-3m,LaB6,(111),2
LaBPt2 (0001),5.551189086738043,"B, La, Pt",Hexagonal,622,LaBPt2,(0001),3
LaBPt4 (0001),5.489849220440197,"B, La, Pt",Hexagonal,6/mmm,LaBPt4,(0001),3
LaBRh3 (111),6.027208115368985,"B, La, Rh",Cubic,m-3m,LaBRh3,(111),3
LaBe13 (111),14.718386355361966,"Be, La",Cubic,m-3m,LaBe13,(111),2
LaBi (111),9.423181397370412,"Bi, La",Cubic,m-3m,LaBi,(111),2
LaBiPd (111),9.794061949708473,"Bi, La, Pd",Cubic,-43m,LaBiPd,(111),3
LaBiPt (111),9.80964743169396,"Bi, La, Pt",Cubic,-43m,LaBiPt,(111),3
LaBr3 (0001),8.05395551657293,"Br, La",Hexagonal,6/m,LaBr3,(0001),2
LaCd (111),5.5610867334654985,"Cd, La",Cubic,m-3m,LaCd,(111),2
LaCd11 (111),13.265519408907139,"Cd, La",Cubic,m-3m,LaCd11,(111),2
LaCd2 (0001),5.0815975933439415,"Cd, La",Hexagonal,6/mmm,LaCd2,(0001),2
LaCd3 (111),10.42895638077989,"Cd, La",Cubic,m-3m,LaCd3,(111),2
LaCdAg2 (111),10.183962410763826,"Ag, Cd, La",Cubic,m-3m,LaCdAg2,(111),3
LaCdAu (0001),8.028634214615401,"Au, Cd, La",Hexagonal,-6m2,LaCdAu,(0001),3
LaCdAu2 (111),10.15678725064479,"Au, Cd, La",Cubic,m-3m,LaCdAu2,(111),3
LaCdHg2 (111),10.453439899977338,"Cd, Hg, La",Cubic,m-3m,LaCdHg2,(111),3
LaCdPd (0001),7.760321382934516,"Cd, La, Pd",Hexagonal,-6m2,LaCdPd,(0001),3
LaCeHg2 (111),10.93766042947848,"Ce, Hg, La",Cubic,m-3m,LaCeHg2,(111),3
LaCeN2 (0001),3.653590296830229,"Ce, La, N",Trigonal,-3m,LaCeN2,(0001),3
LaCeRu4 (111),10.749681955973589,"Ce, La, Ru",Cubic,-43m,LaCeRu4,(111),3
LaCl3 (0001),7.54401242095835,"Cl, La",Hexagonal,6/m,LaCl3,(0001),2
LaCo13 (111),15.846124345954955,"Co, La",Cubic,m-3m,LaCo13,(111),2
LaCoO3 (0001),5.441026799686343,"Co, La, O",Trigonal,-3,LaCoO3,(0001),3
LaCrGe3 (0001),6.174840929505364,"Cr, Ge, La",Hexagonal,6/mmm,LaCrGe3,(0001),3
LaCu2 (0001),4.3002861562286645,"Cu, La",Hexagonal,6/mmm,LaCu2,(0001),2
LaCu2Ni3 (0001),5.0413617684543635,"Cu, La, Ni",Hexagonal,6/mmm,LaCu2Ni3,(0001),3
LaCu3Ni2 (0001),5.010197653124228,"Cu, La, Ni",Hexagonal,6/mmm,LaCu3Ni2,(0001),3
LaCu5 (0001),5.128458736699822,"Cu, La",Hexagonal,6/mmm,LaCu5,(0001),2
LaCuGe (0001),4.237121319409382,"Cu, Ge, La",Hexagonal,-6m2,LaCuGe,(0001),3
LaCuNi4 (0001),4.992357477250049,"Cu, La, Ni",Hexagonal,-6m2,LaCuNi4,(0001),3
LaCuO2 (0001),3.8454876056591507,"Cu, La, O",Trigonal,-3m,LaCuO2,(0001),3
LaCuO3 (0001),5.491350969274852,"Cu, La, O",Trigonal,-3m,LaCuO3,(0001),3
LaCuPb (0001),4.70056258200628,"Cu, La, Pb",Hexagonal,6mm,LaCuPb,(0001),3
LaCuSi (0001),4.237382573828478,"Cu, La, Si",Hexagonal,6/mmm,LaCuSi,(0001),3
LaCuSn (0001),4.561599224009331,"Cu, La, Sn",Hexagonal,6/mmm,LaCuSn,(0001),3
LaDyTl2 (111),10.965163885133887,"Dy, La, Tl",Cubic,m-3m,LaDyTl2,(111),3
LaErSe2 (0001),4.105256283129023,"Er, La, Se",Trigonal,-3m,LaErSe2,(0001),3
LaErTl2 (111),10.921982486210284,"Er, La, Tl",Cubic,m-3m,LaErTl2,(111),3
LaEuAg2 (111),10.848293644034902,"Ag, Eu, La",Cubic,m-3m,LaEuAg2,(111),3
LaEuAl4 (111),11.43364498608329,"Al, Eu, La",Cubic,-43m,LaEuAl4,(111),3
LaEuCd2 (111),11.096305040143594,"Cd, Eu, La",Cubic,m-3m,LaEuCd2,(111),3
LaEuHg2 (111),10.983706827089552,"Eu, Hg, La",Cubic,m-3m,LaEuHg2,(111),3
LaEuZn2 (111),10.588336895081724,"Eu, La, Zn",Cubic,m-3m,LaEuZn2,(111),3
LaF3 (0001),7.1672003678944325,"F, La",Trigonal,-3m,LaF3,(0001),2
LaFeO3 (0001),5.4230710914973015,"Fe, La, O",Trigonal,-3m,LaFeO3,(0001),3
LaGa2 (0001),4.293453693420949,"Ga, La",Hexagonal,6/mmm,LaGa2,(0001),2
LaGa2Ni3 (0001),8.906623483737665,"Ga, La, Ni",Hexagonal,-6m2,LaGa2Ni3,(0001),3
LaGa2Pt3 (0001),5.6278707582774,"Ga, La, Pt",Hexagonal,6/mmm,LaGa2Pt3,(0001),3
LaGa2Rh3 (0001),5.676757359931606,"Ga, La, Rh",Hexagonal,6/mmm,LaGa2Rh3,(0001),3
LaGa3Pd2 (0001),5.443680852718185,"Ga, La, Pd",Hexagonal,6/mmm,LaGa3Pd2,(0001),3
LaGaBi2 (0001),13.757189556296547,"Bi, Ga, La",Hexagonal,6/mmm,LaGaBi2,(0001),3
LaGaNi4 (0001),5.148542257949599,"Ga, La, Ni",Hexagonal,-6m2,LaGaNi4,(0001),3
LaGdTl2 (111),11.026876742599029,"Gd, La, Tl",Cubic,m-3m,LaGdTl2,(111),3
LaGe2Ir3 (0001),5.6941738538284,"Ge, Ir, La",Hexagonal,6/mmm,LaGe2Ir3,(0001),3
LaGeAu (0001),4.487170148854065,"Au, Ge, La",Hexagonal,6mm,LaGeAu,(0001),3
LaGeI (0001),4.4055501736393285,"Ge, I, La",Trigonal,-3m,LaGeI,(0001),3
LaH2 (111),7.999277781747683,"H, La",Cubic,m-3m,LaH2,(111),2
LaH3 (111),7.881354058927846,"H, La",Cubic,m-3m,LaH3,(111),2
LaHBr2 (0001),4.115244200007555,"Br, H, La",Hexagonal,6/mmm,LaHBr2,(0001),3
LaHg (111),5.512513843325249,"Hg, La",Cubic,m-3m,LaHg,(111),2
LaHg2 (0001),5.0648165731587635,"Hg, La",Hexagonal,6/mmm,LaHg2,(0001),2
LaHg3 (0001),6.9150077467661495,"Hg, La",Hexagonal,6/mmm,LaHg3,(0001),2
LaHgAu2 (111),10.186286416195143,"Au, Hg, La",Cubic,m-3m,LaHgAu2,(111),3
LaHgPd (0001),7.8381139921597915,"Hg, La, Pd",Hexagonal,-6m2,LaHgPd,(0001),3
LaHoIn2 (111),10.870487661144544,"Ho, In, La",Cubic,m-3m,LaHoIn2,(111),3
LaHoTl2 (111),10.94543829294455,"Ho, La, Tl",Cubic,m-3m,LaHoTl2,(111),3
LaI (0001),3.9791035582136827,"I, La",Hexagonal,6/mmm,LaI,(0001),2
LaIn (111),5.591909659478776,"In, La",Cubic,m-3m,LaIn,(111),2
LaIn3 (111),6.751526808990564,"In, La",Cubic,m-3m,LaIn3,(111),2
LaInAg2 (111),10.18209743077058,"Ag, In, La",Cubic,m-3m,LaInAg2,(111),3
LaInAu (0001),7.845288514118461,"Au, In, La",Hexagonal,-6m2,LaInAu,(0001),3
LaInAu2 (111),10.180328108182698,"Au, In, La",Cubic,m-3m,LaInAu2,(111),3
LaInHg2 (111),10.549673371088751,"Hg, In, La",Cubic,m-3m,LaInHg2,(111),3
LaInNi (0001),7.527943361460266,"In, La, Ni",Hexagonal,-6m2,LaInNi,(0001),3
LaInNi5 (0001),4.951519953517504,"In, La, Ni",Hexagonal,6/mmm,LaInNi5,(0001),3
LaInPd2 (0001),4.662899897378471,"In, La, Pd",Hexagonal,6/mmm,LaInPd2,(0001),3
LaInPt (0001),7.720941684788171,"In, La, Pt",Hexagonal,-6m2,LaInPt,(0001),3
LaInPt4 (111),10.892910356587226,"In, La, Pt",Cubic,-43m,LaInPt4,(111),3
LaInRh (0001),7.653878106150159,"In, La, Rh",Hexagonal,-6m2,LaInRh,(0001),3
LaIr2 (111),10.902866368725528,"Ir, La",Cubic,m-3m,LaIr2,(111),2
LaMg2Cu9 (0001),5.038255794073721,"Cu, La, Mg",Hexagonal,6/mmm,LaMg2Cu9,(0001),3
LaMg3 (111),10.57224891416461,"La, Mg",Cubic,4/mmm,LaMg3,(111),2
LaMgAg (0001),7.87265518733552,"Ag, La, Mg",Hexagonal,-6m2,LaMgAg,(0001),3
LaMgAu (0001),7.985199700558585,"Au, La, Mg",Hexagonal,-6m2,LaMgAu,(0001),3
LaMgAu2 (111),10.128298172989224,"Au, La, Mg",Cubic,m-3m,LaMgAu2,(111),3
LaMgCd2 (111),10.494330744552112,"Cd, La, Mg",Cubic,m-3m,LaMgCd2,(111),3
LaMgCu (0001),7.8366311152819526,"Cu, La, Mg",Hexagonal,-6m2,LaMgCu,(0001),3
LaMgCu2 (0001),4.566912282771245,"Cu, La, Mg",Hexagonal,6/mmm,LaMgCu2,(0001),3
LaMgGa (0001),7.563908788407148,"Ga, La, Mg",Hexagonal,-6m2,LaMgGa,(0001),3
LaMgHg2 (111),10.464846890002896,"Hg, La, Mg",Cubic,m-3m,LaMgHg2,(111),3
LaMgNi4 (111),10.003257060506199,"La, Mg, Ni",Cubic,-43m,LaMgNi4,(111),3
LaMgPd (0001),7.758676178599457,"La, Mg, Pd",Hexagonal,-6m2,LaMgPd,(0001),3
LaMgTl (0001),7.835394691694213,"La, Mg, Tl",Hexagonal,-6m2,LaMgTl,(0001),3
LaMgZn2 (111),9.98505762899382,"La, Mg, Zn",Cubic,m-3m,LaMgZn2,(111),3
LaN (111),7.496182143080364,"La, N",Cubic,m-3m,LaN,(111),2
LaNdHg2 (111),10.901583671796717,"Hg, La, Nd",Cubic,m-3m,LaNdHg2,(111),3
LaNdTl2 (111),11.133654872874207,"La, Nd, Tl",Cubic,m-3m,LaNdTl2,(111),3
LaNi2Rh3 (0001),5.266544151354054,"La, Ni, Rh",Hexagonal,6/mmm,LaNi2Rh3,(0001),3
LaNi4B (0001),5.074829444641688,"B, La, Ni",Hexagonal,6/mmm,LaNi4B,(0001),3
LaNi5 (0001),4.946427617566541,"La, Ni",Hexagonal,6/mmm,LaNi5,(0001),2
LaNi5H7 (0001),5.320386096786956,"H, La, Ni",Hexagonal,6mm,LaNi5H7,(0001),3
LaNi5Sn (0001),4.9499257129761975,"La, Ni, Sn",Hexagonal,6/mmm,LaNi5Sn,(0001),3
LaNiAs (0001),4.163145503265572,"As, La, Ni",Hexagonal,6/mmm,LaNiAs,(0001),3
LaNiP (0001),4.012106689961003,"La, Ni, P",Hexagonal,6/mmm,LaNiP,(0001),3
LaNiSb (0001),4.400406676693416,"La, Ni, Sb",Hexagonal,6/mmm,LaNiSb,(0001),3
LaOF (0001),4.042260916287871,"F, La, O",Trigonal,-3m,LaOF,(0001),3
LaP (111),8.579327522969809,"La, P",Cubic,m-3m,LaP,(111),2
LaPPd (0001),4.280348394193479,"La, P, Pd",Hexagonal,6/mmm,LaPPd,(0001),3
LaPPt (0001),4.214889129579631,"La, P, Pt",Hexagonal,mmm,LaPPt,(0001),3
LaPb3 (111),6.997976036513989,"La, Pb",Cubic,m-3m,LaPb3,(111),2
LaPbAu2 (111),10.34114876925623,"Au, La, Pb",Cubic,m-3m,LaPbAu2,(111),3
LaPd3 (111),5.943461640896444,"La, Pd",Cubic,m-3m,LaPd3,(111),2
LaPd3S4 (111),9.567190670478473,"La, Pd, S",Cubic,m-3m,LaPd3S4,(111),3
LaPd5 (0001),5.341155570885046,"La, Pd",Hexagonal,6/mmm,LaPd5,(0001),2
LaPdPb (0001),7.855925621381684,"La, Pb, Pd",Hexagonal,-6m2,LaPdPb,(0001),3
LaPmGa2 (111),10.513756136696822,"Ga, La, Pm",Cubic,m-3m,LaPmGa2,(111),3
LaPmIr2 (111),10.032884521479918,"Ir, La, Pm",Cubic,m-3m,LaPmIr2,(111),3
LaPmTl2 (111),11.095088250794527,"La, Pm, Tl",Cubic,m-3m,LaPmTl2,(111),3
LaPmZn2 (111),10.454008130986699,"La, Pm, Zn",Cubic,m-3m,LaPmZn2,(111),3
LaPrHg2 (111),10.940181265153411,"Hg, La, Pr",Cubic,m-3m,LaPrHg2,(111),3
LaPrTl2 (111),11.174398139332007,"La, Pr, Tl",Cubic,m-3m,LaPrTl2,(111),3
LaPrZn2 (111),10.533602021891772,"La, Pr, Zn",Cubic,m-3m,LaPrZn2,(111),3
LaPt5 (0001),5.428545537090406,"La, Pt",Hexagonal,6/mmm,LaPt5,(0001),2
LaReN3 (0001),5.601155439031412,"La, N, Re",Trigonal,-3m,LaReN3,(0001),3
LaRh2 (111),10.828316383341242,"La, Rh",Cubic,m-3m,LaRh2,(111),2
LaRh3 (0001),5.321313147603045,"La, Rh",Hexagonal,6/mmm,LaRh3,(0001),2
LaS (111),8.320094528903608,"La, S",Cubic,m-3m,LaS,(111),2
LaSb (111),9.28060479234097,"La, Sb",Cubic,m-3m,LaSb,(111),2
LaSb5O12 (0001),7.300557760662999,"La, O, Sb",Trigonal,-3m,LaSb5O12,(0001),3
LaSbPd (0001),4.621786330374743,"La, Pd, Sb",Hexagonal,6/mmm,LaSbPd,(0001),3
LaSe (111),8.630789971180409,"La, Se",Cubic,m-3m,LaSe,(111),2
LaSiAg (0001),4.423772891929184,"Ag, La, Si",Hexagonal,-6m2,LaSiAg,(0001),3
LaSiI (0001),4.241208529601559,"I, La, Si",Trigonal,-3m,LaSiI,(0001),3
LaSiIr (111),9.068126088736184,"Ir, La, Si",Cubic,23,LaSiIr,(111),3
LaSiRh (111),9.038639212701687,"La, Rh, Si",Cubic,23,LaSiRh,(111),3
LaSmB12 (111),11.687466900165017,"B, La, Sm",Cubic,m-3m,LaSmB12,(111),3
LaSmS2 (0001),4.074397481810823,"La, S, Sm",Trigonal,-3m,LaSmS2,(0001),3
LaSn3 (111),6.79366953876328,"La, Sn",Cubic,m-3m,LaSn3,(111),2
LaSn3Ru (111),13.898104951245037,"La, Ru, Sn",Cubic,m-3m,LaSn3Ru,(111),3
LaSnAu (0001),4.761892152366317,"Au, La, Sn",Hexagonal,6mm,LaSnAu,(0001),3
LaSnAu2 (111),10.208032523585313,"Au, La, Sn",Cubic,m-3m,LaSnAu2,(111),3
LaSnIr (0001),7.514719491478419,"Ir, La, Sn",Hexagonal,-6m2,LaSnIr,(0001),3
LaSnPd (0001),7.698518458293755,"La, Pd, Sn",Hexagonal,-6m2,LaSnPd,(0001),3
LaSnPt (0001),7.687423955183385,"La, Pt, Sn",Hexagonal,-6m2,LaSnPt,(0001),3
LaSnRh (0001),7.509626241689191,"La, Rh, Sn",Hexagonal,-6m2,LaSnRh,(0001),3
LaTa7O19 (0001),6.250407932410308,"La, O, Ta",Hexagonal,-6m2,LaTa7O19,(0001),3
LaTe (111),9.184272446447222,"La, Te",Cubic,m-3m,LaTe,(111),2
LaThN2 (0001),3.6976980863630238,"La, N, Th",Trigonal,-3m,LaThN2,(0001),3
LaTiGe3 (0001),6.297816886951771,"Ge, La, Ti",Hexagonal,6/mmm,LaTiGe3,(0001),3
LaTl (111),5.617790828330375,"La, Tl",Cubic,m-3m,LaTl,(111),2
LaTl3 (111),6.875828388806432,"La, Tl",Cubic,m-3m,LaTl3,(111),2
LaTlAg2 (111),10.243972371304663,"Ag, La, Tl",Cubic,m-3m,LaTlAg2,(111),3
LaTlAu2 (111),10.30423819125809,"Au, La, Tl",Cubic,m-3m,LaTlAu2,(111),3
LaTlPd (0001),8.006183737216576,"La, Pd, Tl",Hexagonal,-6m2,LaTlPd,(0001),3
LaTmS2 (0001),3.930178613448377,"La, S, Tm",Trigonal,-3m,LaTmS2,(0001),3
LaUN2 (0001),3.557410008907733,"La, N, U",Trigonal,-3m,LaUN2,(0001),3
LaUO4 (0001),3.911303184461492,"La, O, U",Trigonal,-3m,LaUO4,(0001),3
LaVGe3 (0001),6.2606166582154845,"Ge, La, V",Hexagonal,6/mmm,LaVGe3,(0001),3
LaWN3 (0001),5.686744766507585,"La, N, W",Trigonal,3m,LaWN3,(0001),3
LaZn (111),5.31210071793816,"La, Zn",Cubic,m-3m,LaZn,(111),2
LaZn2Ni3 (0001),5.231554117349707,"La, Ni, Zn",Hexagonal,6/mmm,LaZn2Ni3,(0001),3
LaZn3Ni2 (0001),5.270471177918752,"La, Ni, Zn",Hexagonal,6/mmm,LaZn3Ni2,(0001),3
LaZnIn (0001),4.744288907552822,"In, La, Zn",Hexagonal,6/mmm,LaZnIn,(0001),3
LaZnNi (0001),7.244264473910626,"La, Ni, Zn",Hexagonal,-6m2,LaZnNi,(0001),3
LaZnNi4 (0001),5.0752032296324145,"La, Ni, Zn",Hexagonal,-6m2,LaZnNi4,(0001),3
LaZnSn (0001),4.58667811534017,"La, Sn, Zn",Hexagonal,6/mmm,LaZnSn,(0001),3
Li (0001),3.0786728257327853,Li,Trigonal,-3m,Li,(0001),1
Li(BH)6 (111),13.63256760715024,"B, H, Li",Cubic,m-3,Li(BH)6,(111),3
Li(Co3P2)2 (0001),6.480150075088539,"Co, Li, P",Hexagonal,-6m2,Li(Co3P2)2,(0001),3
Li(CoGe)6 (0001),5.004786607833501,"Co, Ge, Li",Hexagonal,6/mmm,Li(CoGe)6,(0001),3
Li(FeGe)6 (0001),8.68817913632476,"Fe, Ge, Li",Hexagonal,6/mmm,Li(FeGe)6,(0001),3
Li(MnS2)2 (111),14.166125806053882,"Li, Mn, S",Cubic,m-3m,Li(MnS2)2,(111),3
Li(NiGe)6 (0001),8.672404656311908,"Ge, Li, Ni",Hexagonal,6/mmm,Li(NiGe)6,(0001),3
Li(NiO2)2 (111),11.47315683550164,"Li, Ni, O",Cubic,432,Li(NiO2)2,(111),3
Li(TiSe2)3 (0001),3.597775092021564,"Li, Se, Ti",Trigonal,-3m,Li(TiSe2)3,(0001),3
Li12Cu11As12 (0001),4.079799161006351,"As, Cu, Li",Trigonal,3m,Li12Cu11As12,(0001),3
Li15Au4 (111),15.133718140101559,"Au, Li",Cubic,-43m,Li15Au4,(111),2
Li15Ge4 (111),14.982113447867548,"Ge, Li",Cubic,-43m,Li15Ge4,(111),2
Li15Pd4 (111),14.9321818348516,"Li, Pd",Cubic,-43m,Li15Pd4,(111),2
Li15Si4 (111),14.928483392431284,"Li, Si",Cubic,-43m,Li15Si4,(111),2
Li2(TaS2)3 (0001),5.7970790356479895,"Li, S, Ta",Hexagonal,622,Li2(TaS2)3,(0001),3
Li22(Cu3Si2)7 (0001),14.028241382784895,"Cu, Li, Si",Trigonal,3,Li22(Cu3Si2)7,(0001),3
Li2AcIn (111),10.362526615434758,"Ac, In, Li",Cubic,m-3m,Li2AcIn,(111),3
Li2AcPb (111),10.31594383490375,"Ac, Li, Pb",Cubic,m-3m,Li2AcPb,(111),3
Li2AcSn (111),10.213587384752687,"Ac, Li, Sn",Cubic,m-3m,Li2AcSn,(111),3
Li2AcTl (111),10.329901953058748,"Ac, Li, Tl",Cubic,m-3m,Li2AcTl,(111),3
Li2AgAu (111),8.769279782036362,"Ag, Au, Li",Cubic,m-3m,Li2AgAu,(111),3
Li2AgHg (111),9.01318679097579,"Ag, Hg, Li",Cubic,m-3m,Li2AgHg,(111),3
Li2AgPb (111),9.450361343546813,"Ag, Li, Pb",Cubic,-43m,Li2AgPb,(111),3
Li2AgPd (111),8.568511406202404,"Ag, Li, Pd",Cubic,m-3m,Li2AgPd,(111),3
Li2AgSb (111),9.343407125801216,"Ag, Li, Sb",Cubic,-43m,Li2AgSb,(111),3
Li2AgSn (111),9.244147568625799,"Ag, Li, Sn",Cubic,-43m,Li2AgSn,(111),3
Li2AlAg (111),8.825923124405799,"Ag, Al, Li",Cubic,-43m,Li2AlAg,(111),3
Li2AlGa (111),8.795859643098451,"Al, Ga, Li",Cubic,-43m,Li2AlGa,(111),3
Li2AlPd (111),8.557251599384003,"Al, Li, Pd",Cubic,-43m,Li2AlPd,(111),3
Li2AlPt (111),8.488662247449906,"Al, Li, Pt",Cubic,-43m,Li2AlPt,(111),3
Li2BPd3 (111),13.545781742682175,"B, Li, Pd",Cubic,432,Li2BPd3,(111),3
Li2BPt3 (111),9.60537070313874,"B, Li, Pt",Cubic,432,Li2BPt3,(111),3
Li2BeF4 (0001),13.2253321254238,"Be, F, Li",Trigonal,-3,Li2BeF4,(0001),3
Li2Ca (0001),6.193269823861666,"Ca, Li",Hexagonal,6/mmm,Li2Ca,(0001),2
Li2CaIn (111),9.981625219540856,"Ca, In, Li",Cubic,m-3m,Li2CaIn,(111),3
Li2CaPb (111),9.87148445710988,"Ca, Li, Pb",Cubic,m-3m,Li2CaPb,(111),3
Li2CaSi (111),9.249284173212544,"Ca, Li, Si",Cubic,m-3m,Li2CaSi,(111),3
Li2CaSn (111),9.767337640873123,"Ca, Li, Sn",Cubic,m-3m,Li2CaSn,(111),3
Li2CdAu (111),8.908844869835972,"Au, Cd, Li",Cubic,m-3m,Li2CdAu,(111),3
Li2CdIn (111),9.496345896629833,"Cd, In, Li",Cubic,-43m,Li2CdIn,(111),3
Li2CdPb (111),9.604239039988423,"Cd, Li, Pb",Cubic,m-3m,Li2CdPb,(111),3
Li2CdPd (111),8.760822021258047,"Cd, Li, Pd",Cubic,m-3m,Li2CdPd,(111),3
Li2CdSn (111),9.43582033197645,"Cd, Li, Sn",Cubic,m-3m,Li2CdSn,(111),3
Li2CeAs2 (0001),4.262679929845107,"As, Ce, Li",Trigonal,-3m,Li2CeAs2,(0001),3
Li2CeN2 (0001),3.5735077550689733,"Ce, Li, N",Trigonal,-3m,Li2CeN2,(0001),3
Li2Co12P7 (0001),8.892910022890202,"Co, Li, P",Hexagonal,-6,Li2Co12P7,(0001),3
Li2CrO4 (0001),13.921506957367558,"Cr, Li, O",Trigonal,-3,Li2CrO4,(0001),3
Li2CuAs (0001),4.148208434517956,"As, Cu, Li",Hexagonal,6/mmm,Li2CuAs,(0001),3
Li2CuGe (111),8.332781185775602,"Cu, Ge, Li",Cubic,-43m,Li2CuGe,(111),3
Li2CuP (0001),3.988793418894542,"Cu, Li, P",Hexagonal,6/mmm,Li2CuP,(0001),3
Li2CuSn (111),8.823392301225741,"Cu, Li, Sn",Cubic,-43m,Li2CuSn,(111),3
Li2DyIn (111),9.635879051487207,"Dy, In, Li",Cubic,m-3m,Li2DyIn,(111),3
Li2DyTl (111),9.58536543607531,"Dy, Li, Tl",Cubic,m-3m,Li2DyTl,(111),3
Li2ErIn (111),9.564145422117418,"Er, In, Li",Cubic,m-3m,Li2ErIn,(111),3
Li2EuSn (111),9.92967069021453,"Eu, Li, Sn",Cubic,m-3m,Li2EuSn,(111),3
Li2Fe12P7 (0001),9.139902863700563,"Fe, Li, P",Hexagonal,-6,Li2Fe12P7,(0001),3
Li2GaAg (111),8.78765774183784,"Ag, Ga, Li",Cubic,-43m,Li2GaAg,(111),3
Li2GaAu (111),8.70515329995996,"Au, Ga, Li",Cubic,-43m,Li2GaAu,(111),3
Li2GaCu3 (0001),4.927650769941235,"Cu, Ga, Li",Trigonal,-3m,Li2GaCu3,(0001),3
Li2GaIr (111),8.400478048546868,"Ga, Ir, Li",Cubic,-43m,Li2GaIr,(111),3
Li2GaPd (111),8.52892136351658,"Ga, Li, Pd",Cubic,-43m,Li2GaPd,(111),3
Li2GaPt (111),8.492466334253049,"Ga, Li, Pt",Cubic,-43m,Li2GaPt,(111),3
Li2GaRh (111),8.405435451491195,"Ga, Li, Rh",Cubic,-43m,Li2GaRh,(111),3
Li2GdIn (111),9.729483942396808,"Gd, In, Li",Cubic,m-3m,Li2GdIn,(111),3
Li2GdTl (111),9.687616199181361,"Gd, Li, Tl",Cubic,m-3m,Li2GdTl,(111),3
Li2GeAu (111),8.72326524640262,"Au, Ge, Li",Cubic,-43m,Li2GeAu,(111),3
Li2GePd (111),8.505264070453547,"Ge, Li, Pd",Cubic,-43m,Li2GePd,(111),3
Li2H6Pt (111),9.404314167149316,"H, Li, Pt",Cubic,m-3m,Li2H6Pt,(111),3
Li2HfN2 (0001),3.237120953308554,"Hf, Li, N",Trigonal,-3m,Li2HfN2,(0001),3
Li2HgAu (111),8.976346951940043,"Au, Hg, Li",Cubic,m-3m,Li2HgAu,(111),3
Li2HgPd (111),8.744878842243281,"Hg, Li, Pd",Cubic,m-3m,Li2HgPd,(111),3
Li2HoIn (111),9.60475532224921,"Ho, In, Li",Cubic,m-3m,Li2HoIn,(111),3
Li2HoTl (111),9.557820006561375,"Ho, Li, Tl",Cubic,m-3m,Li2HoTl,(111),3
Li2InAg (111),9.247870905261976,"Ag, In, Li",Cubic,-43m,Li2InAg,(111),3
Li2InAu (111),9.15908690334524,"Au, In, Li",Cubic,-43m,Li2InAu,(111),3
Li2InPd (111),8.976201507021084,"In, Li, Pd",Cubic,-43m,Li2InPd,(111),3
Li2InPt (111),8.952297489691452,"In, Li, Pt",Cubic,-43m,Li2InPt,(111),3
Li2InRh (111),8.856835662712067,"In, Li, Rh",Cubic,-43m,Li2InRh,(111),3
Li2InSn (111),9.599895720746447,"In, Li, Sn",Cubic,m-3m,Li2InSn,(111),3
Li2LaIn (111),10.04969923789382,"In, La, Li",Cubic,m-3m,Li2LaIn,(111),3
Li2LaPb (111),10.023765389587023,"La, Li, Pb",Cubic,m-3m,Li2LaPb,(111),3
Li2LaSn (111),9.927860185727708,"La, Li, Sn",Cubic,m-3m,Li2LaSn,(111),3
Li2LaTl (111),10.016648472971466,"La, Li, Tl",Cubic,m-3m,Li2LaTl,(111),3
Li2MgCd (111),9.506899578476128,"Cd, Li, Mg",Cubic,-43m,Li2MgCd,(111),3
Li2MgGa (111),9.154552059503219,"Ga, Li, Mg",Cubic,-43m,Li2MgGa,(111),3
Li2MgGe (111),9.029728139908089,"Ge, Li, Mg",Cubic,-43m,Li2MgGe,(111),3
Li2MgHg (111),9.345698889934113,"Hg, Li, Mg",Cubic,-43m,Li2MgHg,(111),3
Li2MgIn (111),9.388208638604599,"In, Li, Mg",Cubic,m-3m,Li2MgIn,(111),3
Li2MgPb (111),9.67806376926059,"Li, Mg, Pb",Cubic,-43m,Li2MgPb,(111),3
Li2MgSi (111),8.960777662699844,"Li, Mg, Si",Cubic,-43m,Li2MgSi,(111),3
Li2MgSn (111),9.543882451071577,"Li, Mg, Sn",Cubic,-43m,Li2MgSn,(111),3
Li2MgTl (111),9.573569622172913,"Li, Mg, Tl",Cubic,-43m,Li2MgTl,(111),3
Li2MoO4 (0001),14.273549154933704,"Li, Mo, O",Trigonal,-3,Li2MoO4,(0001),3
Li2NdIn (111),9.877469733538842,"In, Li, Nd",Cubic,m-3m,Li2NdIn,(111),3
Li2NdTl (111),9.849411355259818,"Li, Nd, Tl",Cubic,m-3m,Li2NdTl,(111),3
Li2Ni12P7 (0001),8.927508170550112,"Li, Ni, P",Hexagonal,-6,Li2Ni12P7,(0001),3
Li2O (111),6.5813380491515,"Li, O",Cubic,m-3m,Li2O,(111),2
Li2O2 (0001),3.1026343294763437,"Li, O",Hexagonal,6/mmm,Li2O2,(0001),2
Li2Pd (0001),4.205116042232898,"Li, Pd",Hexagonal,6/mmm,Li2Pd,(0001),2
Li2PdAu (111),8.502410421355679,"Au, Li, Pd",Cubic,m-3m,Li2PdAu,(111),3
Li2PdPb (111),9.152664593514332,"Li, Pb, Pd",Cubic,-43m,Li2PdPb,(111),3
Li2PmAl (111),9.634917499401876,"Al, Li, Pm",Cubic,m-3m,Li2PmAl,(111),3
Li2PmGa (111),9.459671492296609,"Ga, Li, Pm",Cubic,m-3m,Li2PmGa,(111),3
Li2PmIn (111),9.822410454542851,"In, Li, Pm",Cubic,m-3m,Li2PmIn,(111),3
Li2PmPb (111),9.820202725743718,"Li, Pb, Pm",Cubic,m-3m,Li2PmPb,(111),3
Li2PmSn (111),9.704791641914117,"Li, Pm, Sn",Cubic,m-3m,Li2PmSn,(111),3
Li2PmTl (111),9.779905356111986,"Li, Pm, Tl",Cubic,m-3m,Li2PmTl,(111),3
Li2PrAl (111),9.751489421591101,"Al, Li, Pr",Cubic,m-3m,Li2PrAl,(111),3
Li2PrIn (111),7.025968002662826,"In, Li, Pr",Cubic,m-3m,Li2PrIn,(111),3
Li2PrTl (111),9.896253530842436,"Li, Pr, Tl",Cubic,m-3m,Li2PrTl,(111),3
Li2Pt (0001),4.1721301137369275,"Li, Pt",Hexagonal,6/mmm,Li2Pt,(0001),2
Li2S (111),8.019065629944421,"Li, S",Cubic,m-3m,Li2S,(111),2
Li2Sb (0001),7.953842102276281,"Li, Sb",Hexagonal,-6m2,Li2Sb,(0001),2
Li2SbAu (111),9.25764773966283,"Au, Li, Sb",Cubic,-43m,Li2SbAu,(111),3
Li2SbPd (111),8.963124548426293,"Li, Pd, Sb",Cubic,-43m,Li2SbPd,(111),3
Li2SbPt (111),8.910421880422225,"Li, Pt, Sb",Cubic,-43m,Li2SbPt,(111),3
Li2Se (111),8.417524323120505,"Li, Se",Cubic,m-3m,Li2Se,(111),2
Li2SeO4 (0001),13.928174432700494,"Li, O, Se",Trigonal,-3,Li2SeO4,(0001),3
Li2SiAu (111),8.532703066254777,"Au, Li, Si",Cubic,-43m,Li2SiAu,(111),3
Li2SiF6 (0001),8.12897973382475,"F, Li, Si",Trigonal,32,Li2SiF6,(0001),3
Li2SmIn (111),9.776209398543376,"In, Li, Sm",Cubic,m-3m,Li2SmIn,(111),3
Li2SmTl (111),9.74305746076908,"Li, Sm, Tl",Cubic,m-3m,Li2SmTl,(111),3
Li2SnAu (111),9.155399286119998,"Au, Li, Sn",Cubic,-43m,Li2SnAu,(111),3
Li2SnF6 (0001),4.90951393446675,"F, Li, Sn",Trigonal,-3m,Li2SnF6,(0001),3
Li2SnIr (111),8.820589373409701,"Ir, Li, Sn",Cubic,-43m,Li2SnIr,(111),3
Li2SnN2 (0001),3.2583029396098873,"Li, N, Sn",Trigonal,-3m,Li2SnN2,(0001),3
Li2SnPd (111),8.954630543034682,"Li, Pd, Sn",Cubic,-43m,Li2SnPd,(111),3
Li2SnPt (111),8.916264880702217,"Li, Pt, Sn",Cubic,-43m,Li2SnPt,(111),3
Li2Te (111),9.211832182343434,"Li, Te",Cubic,m-3m,Li2Te,(111),2
Li2ThN2 (0001),6.385308631681829,"Li, N, Th",Trigonal,-3,Li2ThN2,(0001),3
Li2TlAg (111),9.34466990814613,"Ag, Li, Tl",Cubic,-43m,Li2TlAg,(111),3
Li2TlAu (111),9.182593595134835,"Au, Li, Tl",Cubic,m-3m,Li2TlAu,(111),3
Li2TlPd (111),8.868815668090086,"Li, Pd, Tl",Cubic,m-3m,Li2TlPd,(111),3
Li2TmIn (111),9.543033052768735,"In, Li, Tm",Cubic,m-3m,Li2TmIn,(111),3
Li2UBr6 (0001),6.919904024583857,"Br, Li, U",Trigonal,-3m,Li2UBr6,(0001),3
Li2UI6 (0001),7.4361438368140425,"I, Li, U",Trigonal,-3m,Li2UI6,(0001),3
Li2YIn (111),9.660376200235989,"In, Li, Y",Cubic,m-3m,Li2YIn,(111),3
Li2YTl (111),9.625249454656883,"Li, Tl, Y",Cubic,m-3m,Li2YTl,(111),3
Li2YbIn (111),9.513643715195377,"In, Li, Yb",Cubic,m-3m,Li2YbIn,(111),3
Li2YbTl (111),9.482158501410202,"Li, Tl, Yb",Cubic,m-3m,Li2YbTl,(111),3
Li2ZnCu3 (0001),4.863176889980018,"Cu, Li, Zn",Trigonal,-3m,Li2ZnCu3,(0001),3
Li2ZnGe (0001),4.222751341088662,"Ge, Li, Zn",Trigonal,-3m,Li2ZnGe,(0001),3
Li2ZnGe (0001),4.246339672809054,"Ge, Li, Zn",Hexagonal,6/mmm,Li2ZnGe,(0001),3
Li2ZnSi (0001),4.23328940972868,"Li, Si, Zn",Trigonal,-3m,Li2ZnSi,(0001),3
Li2ZnSn (111),9.1132025479755,"Li, Sn, Zn",Cubic,-43m,Li2ZnSn,(111),3
Li2ZrN2 (0001),3.2783064705131713,"Li, N, Zr",Trigonal,-3m,Li2ZrN2,(0001),3
Li3(ZnSn2)2 (0001),4.4980569761234745,"Li, Sn, Zn",Hexagonal,6/mmm,Li3(ZnSn2)2,(0001),3
Li3Ag (111),9.056482232081065,"Ag, Li",Cubic,m-3m,Li3Ag,(111),2
Li3Al2 (0001),4.4338941279308965,"Al, Li",Trigonal,-3m,Li3Al2,(0001),2
Li3AlH6 (0001),7.9558554269840185,"Al, H, Li",Trigonal,-3,Li3AlH6,(0001),3
Li3AlN2 (111),13.3225149692621,"Al, Li, N",Cubic,m-3,Li3AlN2,(111),3
Li3As (0001),4.341471481891913,"As, Li",Hexagonal,6/mmm,Li3As,(0001),2
Li3Au (111),8.787138430096615,"Au, Li",Cubic,m-3m,Li3Au,(111),2
Li3Bi (111),9.462492196296072,"Bi, Li",Cubic,m-3m,Li3Bi,(111),2
Li3CeBi2 (0001),4.722319392138851,"Bi, Ce, Li",Trigonal,-3m,Li3CeBi2,(0001),3
Li3CeSb2 (0001),4.614580802601284,"Ce, Li, Sb",Trigonal,-3m,Li3CeSb2,(0001),3
Li3DySb2 (0001),4.527821189070666,"Dy, Li, Sb",Trigonal,-3m,Li3DySb2,(0001),3
Li3Ga2 (0001),4.311592302795564,"Ga, Li",Trigonal,-3m,Li3Ga2,(0001),2
Li3GaN2 (111),13.532745638309155,"Ga, Li, N",Cubic,m-3,Li3GaN2,(111),3
Li3GdBi2 (0001),4.660004725531351,"Bi, Gd, Li",Trigonal,-3m,Li3GdBi2,(0001),3
Li3HoSb2 (0001),4.5250370140242415,"Ho, Li, Sb",Trigonal,-3m,Li3HoSb2,(0001),3
Li3In2 (0001),4.728796961762835,"In, Li",Trigonal,-3m,Li3In2,(0001),2
Li3InN2 (111),14.270367402031603,"In, Li, N",Cubic,m-3,Li3InN2,(111),3
Li3LaAs2 (0001),4.34418793146006,"As, La, Li",Trigonal,-3m,Li3LaAs2,(0001),3
Li3LaBi2 (0001),4.735456286197879,"Bi, La, Li",Trigonal,-3m,Li3LaBi2,(0001),3
Li3LaP2 (0001),4.227570234996691,"La, Li, P",Trigonal,-3m,Li3LaP2,(0001),3
Li3LaSb2 (0001),4.637930531491694,"La, Li, Sb",Trigonal,-3m,Li3LaSb2,(0001),3
Li3N (0001),3.6097274001943127,"Li, N",Hexagonal,6/mmm,Li3N,(0001),2
Li3NbO4 (111),11.902868125037365,"Li, Nb, O",Cubic,-43m,Li3NbO4,(111),3
Li3NdAs2 (0001),4.293566568425268,"As, Li, Nd",Trigonal,-3m,Li3NdAs2,(0001),3
Li3NdSb2 (0001),4.593198241038101,"Li, Nd, Sb",Trigonal,-3m,Li3NdSb2,(0001),3
Li3P (0001),4.219273805576638,"Li, P",Hexagonal,6/mmm,Li3P,(0001),2
Li3PrBi2 (0001),8.157705313963445,"Bi, Li, Pr",Trigonal,-3m,Li3PrBi2,(0001),3
Li3PrSb2 (0001),4.608922392336693,"Li, Pr, Sb",Trigonal,-3m,Li3PrSb2,(0001),3
Li3Sb (0001),4.672318393843711,"Li, Sb",Hexagonal,6/mmm,Li3Sb,(0001),2
Li3ScN2 (111),14.118026535183683,"Li, N, Sc",Cubic,m-3,Li3ScN2,(111),3
Li3SmBi2 (0001),4.670788651026038,"Bi, Li, Sm",Trigonal,-3m,Li3SmBi2,(0001),3
Li3SmSb2 (0001),4.571424115048557,"Li, Sb, Sm",Trigonal,-3m,Li3SmSb2,(0001),3
Li3Sn (111),9.254251739771737,"Li, Sn",Cubic,m-3m,Li3Sn,(111),2
Li3Tl (111),9.356269627182652,"Li, Tl",Cubic,m-3m,Li3Tl,(111),2
Li3VS4 (111),8.390619447948346,"Li, S, V",Cubic,-43m,Li3VS4,(111),3
Li3YBi2 (0001),4.638004394282226,"Bi, Li, Y",Trigonal,-3m,Li3YBi2,(0001),3
Li3YN2 (111),14.882909172983354,"Li, N, Y",Cubic,m-3,Li3YN2,(111),3
Li3YSb2 (0001),4.531483969366376,"Li, Sb, Y",Trigonal,-3m,Li3YSb2,(0001),3
Li4(CdSb)5 (0001),4.725461961128773,"Cd, Li, Sb",Trigonal,3m,Li4(CdSb)5,(0001),3
Li4H6Os (0001),8.19172811397319,"H, Li, Os",Trigonal,-3m,Li4H6Os,(0001),3
Li4H6Ru (0001),8.089776948627884,"H, Li, Ru",Trigonal,-3m,Li4H6Ru,(0001),3
Li4SiPt3 (0001),6.988707710907068,"Li, Pt, Si",Trigonal,32,Li4SiPt3,(0001),3
Li5(CuGe)2 (0001),4.177949872874133,"Cu, Ge, Li",Trigonal,-3m,Li5(CuGe)2,(0001),3
Li5(NiN)3 (0001),6.447053733585522,"Li, N, Ni",Hexagonal,-6m2,Li5(NiN)3,(0001),3
Li5Ga4 (0001),4.314048885792282,"Ga, Li",Trigonal,-3m,Li5Ga4,(0001),2
Li5IO6 (0001),5.069227065174955,"I, Li, O",Trigonal,32,Li5IO6,(0001),3
Li5In4 (0001),4.746289019887423,"In, Li",Trigonal,-3m,Li5In4,(0001),2
Li5Ni9As7 (0001),9.299952106073306,"As, Li, Ni",Hexagonal,-6,Li5Ni9As7,(0001),3
Li5Ni9P7 (0001),8.940306717456608,"Li, Ni, P",Hexagonal,-6,Li5Ni9P7,(0001),3
Li5Sn2 (0001),4.707106850488984,"Li, Sn",Trigonal,-3m,Li5Sn2,(0001),2
Li5Tl2 (0001),4.687417523864752,"Li, Tl",Trigonal,-3m,Li5Tl2,(0001),2
Li6TeO6 (0001),7.8575957977724915,"Li, O, Te",Trigonal,-3,Li6TeO6,(0001),3
Li6UO6 (0001),8.344958962340703,"Li, O, U",Trigonal,-3m,Li6UO6,(0001),3
Li7Cu2N3 (0001),6.326504487285824,"Cu, Li, N",Trigonal,-3m,Li7Cu2N3,(0001),3
Li7Mg8Zn9 (0001),10.439971053823728,"Li, Mg, Zn",Hexagonal,6/mmm,Li7Mg8Zn9,(0001),3
Li7MnN4 (111),13.378586028351146,"Li, Mn, N",Cubic,-43m,Li7MnN4,(111),3
Li7NbN4 (111),13.807280427458219,"Li, N, Nb",Cubic,m-3,Li7NbN4,(111),3
Li7PN4 (111),13.13508251810936,"Li, N, P",Cubic,-43m,Li7PN4,(111),3
Li7Pb2 (0001),4.706904037659374,"Li, Pb",Trigonal,-3m,Li7Pb2,(0001),2
Li7SbN4 (111),14.051221490660236,"Li, N, Sb",Cubic,-43m,Li7SbN4,(111),3
Li7Si3 (0001),7.527816836997188,"Li, Si",Trigonal,32,Li7Si3,(0001),2
Li7TaN4 (111),13.782970223600248,"Li, N, Ta",Cubic,m-3,Li7TaN4,(111),3
Li7VN4 (111),13.434218059766959,"Li, N, V",Cubic,m-3,Li7VN4,(111),3
Li8Ag5 (111),13.396389897583145,"Ag, Li",Cubic,-43m,Li8Ag5,(111),2
Li8Pb3 (0001),8.174292097130326,"Li, Pb",Trigonal,-3m,Li8Pb3,(0001),2
Li8PtO6 (0001),5.392454211504335,"Li, O, Pt",Trigonal,-3,Li8PtO6,(0001),3
Li8SiO6 (0001),5.3752249353228,"Li, O, Si",Hexagonal,6mm,Li8SiO6,(0001),3
Li8SnO6 (0001),5.438517604513992,"Li, O, Sn",Trigonal,-3,Li8SnO6,(0001),3
Li8Zn2Ge3 (0001),7.565056150392704,"Ge, Li, Zn",Trigonal,3m,Li8Zn2Ge3,(0001),3
Li8Zn2Ge3 (0001),7.473043902539971,"Ge, Li, Zn",Trigonal,-3m,Li8Zn2Ge3,(0001),3
Li9Ge4 (0001),4.46253874,"Ge, Li",Hexagonal,6/mmm,Li9Ge4,(0001),2
LiAc2Ge (111),11.110945799185147,"Ac, Ge, Li",Cubic,m-3m,LiAc2Ge,(111),3
LiAc2Pb (111),11.605851306119714,"Ac, Li, Pb",Cubic,m-3m,LiAc2Pb,(111),3
LiAc2Si (111),11.027630546712045,"Ac, Li, Si",Cubic,m-3m,LiAc2Si,(111),3
LiAc2Tl (111),11.585500263840286,"Ac, Li, Tl",Cubic,m-3m,LiAc2Tl,(111),3
LiAcHg2 (111),10.726607581491965,"Ac, Hg, Li",Cubic,m-3m,LiAcHg2,(111),3
LiAcRh2 (111),9.438199544347642,"Ac, Li, Rh",Cubic,m-3m,LiAcRh2,(111),3
LiAcTe2 (111),11.208707214913618,"Ac, Li, Te",Cubic,m-3m,LiAcTe2,(111),3
LiAcTl2 (111),10.995494551690374,"Ac, Li, Tl",Cubic,m-3m,LiAcTl2,(111),3
LiAg (111),4.4162217264554355,"Ag, Li",Cubic,m-3m,LiAg,(111),2
LiAg2Ge (111),8.991970677932049,"Ag, Ge, Li",Cubic,m-3m,LiAg2Ge,(111),3
LiAg2Sn (111),9.364072255296406,"Ag, Li, Sn",Cubic,m-3m,LiAg2Sn,(111),3
LiAgF6 (111),12.766559620389824,"Ag, F, Li",Cubic,m-3,LiAgF6,(111),3
LiAl (111),8.94742574943219,"Al, Li",Cubic,m-3m,LiAl,(111),2
LiAl2Ir (111),8.477474657789312,"Al, Ir, Li",Cubic,m-3m,LiAl2Ir,(111),3
LiAl2Ni (111),8.252869517398176,"Al, Li, Ni",Cubic,m-3m,LiAl2Ni,(111),3
LiAl2Pd (111),8.56157540440305,"Al, Li, Pd",Cubic,m-3m,LiAl2Pd,(111),3
LiAl2Pt (111),8.537701482784868,"Al, Li, Pt",Cubic,m-3m,LiAl2Pt,(111),3
LiAl2Rh (111),8.470382026788675,"Al, Li, Rh",Cubic,m-3m,LiAl2Rh,(111),3
LiAl5O8 (111),11.16982076843681,"Al, Li, O",Cubic,432,LiAl5O8,(111),3
LiAlAg2 (111),8.879972061680249,"Ag, Al, Li",Cubic,m-3m,LiAlAg2,(111),3
LiAlAu2 (111),8.817837370385867,"Al, Au, Li",Cubic,m-3m,LiAlAu2,(111),3
LiAlCu2 (111),8.239095077300663,"Al, Cu, Li",Cubic,m-3m,LiAlCu2,(111),3
LiAlGe (111),8.422870006491088,"Al, Ge, Li",Cubic,-43m,LiAlGe,(111),3
LiAlO2 (0001),2.79323178524652,"Al, Li, O",Trigonal,-3m,LiAlO2,(0001),3
LiAlPd2 (111),8.464611200526653,"Al, Li, Pd",Cubic,m-3m,LiAlPd2,(111),3
LiAlPt2 (111),8.431206872786259,"Al, Li, Pt",Cubic,m-3m,LiAlPt2,(111),3
LiAlRh2 (111),8.30771759838535,"Al, Li, Rh",Cubic,m-3m,LiAlRh2,(111),3
LiAlSi (111),8.355009549859176,"Al, Li, Si",Cubic,-43m,LiAlSi,(111),3
LiAsF6 (0001),4.886290624801049,"As, F, Li",Trigonal,-3,LiAsF6,(0001),3
LiAsO3 (0001),4.8146637026431405,"As, Li, O",Trigonal,-3,LiAsO3,(0001),3
LiAsRh2 (111),8.319789141504447,"As, Li, Rh",Cubic,m-3m,LiAsRh2,(111),3
LiAu (111),4.361361426664636,"Au, Li",Cubic,m-3m,LiAu,(111),2
LiAu3 (111),5.696914747784402,"Au, Li",Cubic,m-3m,LiAu3,(111),2
LiAuF6 (0001),4.937980810153908,"Au, F, Li",Trigonal,-3,LiAuF6,(0001),3
LiB (0001),4.009703825965804,"B, Li",Hexagonal,6/mmm,LiB,(0001),2
LiBC (0001),2.7378283032087447,"B, C, Li",Hexagonal,6/mmm,LiBC,(0001),3
LiBF4 (0001),4.733332133181554,"B, F, Li",Trigonal,32,LiBF4,(0001),3
LiBPt3 (0001),9.28120256363018,"B, Li, Pt",Hexagonal,-6m2,LiBPt3,(0001),3
LiBe2Ir (111),7.744973440659445,"Be, Ir, Li",Cubic,m-3m,LiBe2Ir,(111),3
LiBe2Pt (111),7.8282820746130755,"Be, Li, Pt",Cubic,m-3m,LiBe2Pt,(111),3
LiBePd2 (111),8.099135796452856,"Be, Li, Pd",Cubic,m-3m,LiBePd2,(111),3
LiBePt2 (111),8.080964561549745,"Be, Li, Pt",Cubic,m-3m,LiBePt2,(111),3
LiBeSb (111),8.348142256668128,"Be, Li, Sb",Cubic,-43m,LiBeSb,(111),3
LiBiF6 (0001),5.062303708022986,"Bi, F, Li",Trigonal,-3,LiBiF6,(0001),3
LiBiPd2 (111),9.188646118054807,"Bi, Li, Pd",Cubic,m-3m,LiBiPd2,(111),3
LiBiRh2 (111),8.901957621502941,"Bi, Li, Rh",Cubic,m-3m,LiBiRh2,(111),3
LiBiS2 (0001),3.9592339539436843,"Bi, Li, S",Trigonal,-3m,LiBiS2,(0001),3
LiBr (0001),4.139870978391227,"Br, Li",Hexagonal,6mm,LiBr,(0001),2
LiC12 (0001),4.279136110295722,"C, Li",Hexagonal,6/mmm,LiC12,(0001),2
LiCa2Al (111),10.775612598728333,"Al, Ca, Li",Cubic,m-3m,LiCa2Al,(111),3
LiCa2Cd (111),10.951335620068189,"Ca, Cd, Li",Cubic,m-3m,LiCa2Cd,(111),3
LiCa2In (111),10.912651109145951,"Ca, In, Li",Cubic,m-3m,LiCa2In,(111),3
LiCa2Tl (111),10.868734262601372,"Ca, Li, Tl",Cubic,m-3m,LiCa2Tl,(111),3
LiCaPb (0001),4.949007862236983,"Ca, Li, Pb",Hexagonal,-6m2,LiCaPb,(0001),3
LiCaSn (0001),4.901189161931516,"Ca, Li, Sn",Trigonal,3m,LiCaSn,(0001),3
LiCd (111),9.42550822760726,"Cd, Li",Cubic,m-3m,LiCd,(111),2
LiCd2Ag (111),9.376048761510775,"Ag, Cd, Li",Cubic,m-3m,LiCd2Ag,(111),3
LiCd2Au (111),9.350457464013056,"Au, Cd, Li",Cubic,m-3m,LiCd2Au,(111),3
LiCd2Pd (111),9.187467173060671,"Cd, Li, Pd",Cubic,m-3m,LiCd2Pd,(111),3
LiCd2Pt (111),9.199720965883108,"Cd, Li, Pt",Cubic,m-3m,LiCd2Pt,(111),3
LiCd2Rh (111),9.099645104806998,"Cd, Li, Rh",Cubic,m-3m,LiCd2Rh,(111),3
LiCd3 (0001),6.110131399589829,"Cd, Li",Hexagonal,6/mmm,LiCd3,(0001),2
LiCdAs (111),8.877132120649247,"As, Cd, Li",Cubic,-43m,LiCdAs,(111),3
LiCdHg2 (111),9.767109499941242,"Cd, Hg, Li",Cubic,m-3m,LiCdHg2,(111),3
LiCdPd2 (111),8.885969286642077,"Cd, Li, Pd",Cubic,m-3m,LiCdPd2,(111),3
LiCeSn (0001),9.553222025984057,"Ce, Li, Sn",Hexagonal,6mm,LiCeSn,(0001),3
LiCeTl2 (111),10.532795609034237,"Ce, Li, Tl",Cubic,m-3m,LiCeTl2,(111),3
LiCo2Ge (111),7.83620413934535,"Co, Ge, Li",Cubic,m-3m,LiCo2Ge,(111),3
LiCo2Si (111),7.650581982713024,"Co, Li, Si",Cubic,m-3m,LiCo2Si,(111),3
LiCoO2 (0001),2.811256976798502,"Co, Li, O",Trigonal,-3m,LiCoO2,(0001),3
LiCrO2 (0001),2.919274662471077,"Cr, Li, O",Trigonal,-3m,LiCrO2,(0001),3
LiCrRh2 (111),8.329958100693236,"Cr, Li, Rh",Cubic,m-3m,LiCrRh2,(111),3
LiCrS2 (0001),3.494303304593392,"Cr, Li, S",Trigonal,-3m,LiCrS2,(0001),3
LiCu2Ge (111),8.242366556975632,"Cu, Ge, Li",Cubic,m-3m,LiCu2Ge,(111),3
LiCu2Si (111),8.068855849885379,"Cu, Li, Si",Cubic,m-3m,LiCu2Si,(111),3
LiCuPd2 (111),8.410255508054805,"Cu, Li, Pd",Cubic,m-3m,LiCuPd2,(111),3
LiDy2Ir (111),9.778544887375132,"Dy, Ir, Li",Cubic,m-3m,LiDy2Ir,(111),3
LiDy2Os (111),9.741562096121848,"Dy, Li, Os",Cubic,m-3m,LiDy2Os,(111),3
LiDy2Ru (111),9.766746386466966,"Dy, Li, Ru",Cubic,m-3m,LiDy2Ru,(111),3
LiDyGe (0001),7.041027890679939,"Dy, Ge, Li",Hexagonal,-6m2,LiDyGe,(0001),3
LiDyHg2 (111),9.953539277603381,"Dy, Hg, Li",Cubic,m-3m,LiDyHg2,(111),3
LiDyS2 (0001),3.89874711079078,"Dy, Li, S",Trigonal,-3m,LiDyS2,(0001),3
LiDySe2 (0001),4.050913794107376,"Dy, Li, Se",Trigonal,-3m,LiDySe2,(0001),3
LiDySn (0001),9.369573953824315,"Dy, Li, Sn",Hexagonal,6mm,LiDySn,(0001),3
LiDyTl2 (111),10.292719704635275,"Dy, Li, Tl",Cubic,m-3m,LiDyTl2,(111),3
LiEr2Ir (111),9.67710292428204,"Er, Ir, Li",Cubic,m-3m,LiEr2Ir,(111),3
LiEr2Os (111),9.653156724852888,"Er, Li, Os",Cubic,m-3m,LiEr2Os,(111),3
LiEr2Ru (111),9.675630982522051,"Er, Li, Ru",Cubic,m-3m,LiEr2Ru,(111),3
LiErGe (0001),6.972153279402605,"Er, Ge, Li",Hexagonal,-6m2,LiErGe,(0001),3
LiErHg2 (111),9.885696313462237,"Er, Hg, Li",Cubic,m-3m,LiErHg2,(111),3
LiErS2 (0001),3.8616512483550536,"Er, Li, S",Trigonal,-3m,LiErS2,(0001),3
LiErSe2 (0001),4.016685322731523,"Er, Li, Se",Trigonal,-3m,LiErSe2,(0001),3
LiErSn (0001),9.264968275065819,"Er, Li, Sn",Hexagonal,6mm,LiErSn,(0001),3
LiErTl2 (111),10.231093029344624,"Er, Li, Tl",Cubic,m-3m,LiErTl2,(111),3
LiEu2Tl (111),11.21391236935129,"Eu, Li, Tl",Cubic,m-3m,LiEu2Tl,(111),3
LiEuH3 (111),5.256193193004425,"Eu, H, Li",Cubic,m-3m,LiEuH3,(111),3
LiEuTl2 (111),10.578829938969692,"Eu, Li, Tl",Cubic,m-3m,LiEuTl2,(111),3
LiF (111),5.7748380532109,"F, Li",Cubic,m-3m,LiF,(111),2
LiFeRh2 (111),8.322138633031154,"Fe, Li, Rh",Cubic,m-3m,LiFeRh2,(111),3
LiGa (111),8.714138525626877,"Ga, Li",Cubic,m-3m,LiGa,(111),2
LiGa2Ir (111),8.522139622873631,"Ga, Ir, Li",Cubic,m-3m,LiGa2Ir,(111),3
LiGa2Pd (111),8.648273445205575,"Ga, Li, Pd",Cubic,m-3m,LiGa2Pd,(111),3
LiGa2Pt (111),8.627375167949749,"Ga, Li, Pt",Cubic,m-3m,LiGa2Pt,(111),3
LiGa2Rh (111),8.49526110010204,"Ga, Li, Rh",Cubic,m-3m,LiGa2Rh,(111),3
LiGa5O8 (111),11.627527466507088,"Ga, Li, O",Cubic,432,LiGa5O8,(111),3
LiGaAg2 (111),8.899512389685057,"Ag, Ga, Li",Cubic,m-3m,LiGaAg2,(111),3
LiGaAu2 (111),8.872562230943796,"Au, Ga, Li",Cubic,m-3m,LiGaAu2,(111),3
LiGaCu2 (111),8.233388166504438,"Cu, Ga, Li",Cubic,m-3m,LiGaCu2,(111),3
LiGaGe (0001),4.168743428007883,"Ga, Ge, Li",Hexagonal,6mm,LiGaGe,(0001),3
LiGaIr (0001),4.0406105060101725,"Ga, Ir, Li",Hexagonal,6/mmm,LiGaIr,(0001),3
LiGaNi2 (111),7.955816876617211,"Ga, Li, Ni",Cubic,m-3m,LiGaNi2,(111),3
LiGaPd2 (111),8.492025023326477,"Ga, Li, Pd",Cubic,m-3m,LiGaPd2,(111),3
LiGaPt2 (111),8.487996353151342,"Ga, Li, Pt",Cubic,m-3m,LiGaPt2,(111),3
LiGaRh2 (111),8.338824941610234,"Ga, Li, Rh",Cubic,m-3m,LiGaRh2,(111),3
LiGd2Ga (111),10.280357865896672,"Ga, Gd, Li",Cubic,m-3m,LiGd2Ga,(111),3
LiGd2Ir (111),6.983131902187106,"Gd, Ir, Li",Cubic,m-3m,LiGd2Ir,(111),3
LiGd2Os (111),9.867099291979944,"Gd, Li, Os",Cubic,m-3m,LiGd2Os,(111),3
LiGd2Ru (111),9.89852982070816,"Gd, Li, Ru",Cubic,m-3m,LiGd2Ru,(111),3
LiGd2Tl (111),10.654445665699873,"Gd, Li, Tl",Cubic,m-3m,LiGd2Tl,(111),3
LiGdAu2 (111),9.742899295124262,"Au, Gd, Li",Cubic,m-3m,LiGdAu2,(111),3
LiGdGe (0001),7.134991203248835,"Gd, Ge, Li",Hexagonal,-6m2,LiGdGe,(0001),3
LiGdHg2 (111),10.067988809347654,"Gd, Hg, Li",Cubic,m-3m,LiGdHg2,(111),3
LiGdSe2 (0001),4.103480529965115,"Gd, Li, Se",Trigonal,-3m,LiGdSe2,(0001),3
LiGdSn (0001),9.454848191859057,"Gd, Li, Sn",Hexagonal,6mm,LiGdSn,(0001),3
LiGeAu2 (111),9.019326966852361,"Au, Ge, Li",Cubic,m-3m,LiGeAu2,(111),3
LiGeIr2 (111),8.334088594244859,"Ge, Ir, Li",Cubic,m-3m,LiGeIr2,(111),3
LiGePd2 (111),8.519029978897033,"Ge, Li, Pd",Cubic,m-3m,LiGePd2,(111),3
LiGeRh2 (111),8.294738367053284,"Ge, Li, Rh",Cubic,m-3m,LiGeRh2,(111),3
LiH (111),5.68123357138627,"H, Li",Cubic,m-3m,LiH,(111),2
LiHF2 (0001),2.9339671747854807,"F, H, Li",Trigonal,-3m,LiHF2,(0001),3
LiHf2Os (111),9.198253691027874,"Hf, Li, Os",Cubic,m-3m,LiHf2Os,(111),3
LiHf2Re (111),9.246414564188862,"Hf, Li, Re",Cubic,m-3m,LiHf2Re,(111),3
LiHfIr2 (111),8.785919390526972,"Hf, Ir, Li",Cubic,m-3m,LiHfIr2,(111),3
LiHfPt2 (111),8.961770200204324,"Hf, Li, Pt",Cubic,m-3m,LiHfPt2,(111),3
LiHfRh2 (111),8.740509982988666,"Hf, Li, Rh",Cubic,m-3m,LiHfRh2,(111),3
LiHfS2 (0001),3.5474405250804164,"Hf, Li, S",Trigonal,3m,LiHfS2,(0001),3
LiHfSe2 (0001),3.705977517301299,"Hf, Li, Se",Trigonal,-3m,LiHfSe2,(0001),3
LiHg (111),4.668788346874938,"Hg, Li",Cubic,m-3m,LiHg,(111),2
LiHg2Pd (111),9.285447678754226,"Hg, Li, Pd",Cubic,m-3m,LiHg2Pd,(111),3
LiHg3 (0001),6.5264294368401385,"Hg, Li",Hexagonal,6/mmm,LiHg3,(0001),2
LiHgPd2 (111),8.967139997384926,"Hg, Li, Pd",Cubic,m-3m,LiHgPd2,(111),3
LiHo2Ir (111),9.72952097624557,"Ho, Ir, Li",Cubic,m-3m,LiHo2Ir,(111),3
LiHo2Os (111),9.697799826630286,"Ho, Li, Os",Cubic,m-3m,LiHo2Os,(111),3
LiHo2Ru (111),9.722620745432037,"Ho, Li, Ru",Cubic,m-3m,LiHo2Ru,(111),3
LiHoGe (0001),7.006993662230453,"Ge, Ho, Li",Hexagonal,-6m2,LiHoGe,(0001),3
LiHoHg2 (111),9.919404056193741,"Hg, Ho, Li",Cubic,m-3m,LiHoHg2,(111),3
LiHoS2 (0001),3.880466695471308,"Ho, Li, S",Trigonal,-3m,LiHoS2,(0001),3
LiHoSe2 (0001),4.0355900214995195,"Ho, Li, Se",Trigonal,-3m,LiHoSe2,(0001),3
LiHoSn (0001),9.282576663661917,"Ho, Li, Sn",Hexagonal,6mm,LiHoSn,(0001),3
LiHoTl2 (111),10.255345886842642,"Ho, Li, Tl",Cubic,m-3m,LiHoTl2,(111),3
LiI (0001),4.544069301207673,"I, Li",Hexagonal,6mm,LiI,(0001),2
LiIn (111),9.637851662349533,"In, Li",Cubic,m-3m,LiIn,(111),2
LiIn2Ir (111),9.170580954984395,"In, Ir, Li",Cubic,m-3m,LiIn2Ir,(111),3
LiIn2Pd (111),9.275139504382363,"In, Li, Pd",Cubic,m-3m,LiIn2Pd,(111),3
LiIn2Pt (111),9.253166557136785,"In, Li, Pt",Cubic,m-3m,LiIn2Pt,(111),3
LiIn2Rh (111),9.152771648681375,"In, Li, Rh",Cubic,m-3m,LiIn2Rh,(111),3
LiIn3 (111),6.353849290570873,"In, Li",Cubic,m-3m,LiIn3,(111),2
LiInAg2 (111),9.290708040349307,"Ag, In, Li",Cubic,m-3m,LiInAg2,(111),3
LiInAu2 (111),9.255053622467141,"Au, In, Li",Cubic,m-3m,LiInAu2,(111),3
LiInGe (111),8.927348144967398,"Ge, In, Li",Cubic,-43m,LiInGe,(111),3
LiInHg2 (111),9.950217657640891,"Hg, In, Li",Cubic,m-3m,LiInHg2,(111),3
LiInPd2 (111),8.904710143073244,"In, Li, Pd",Cubic,m-3m,LiInPd2,(111),3
LiInPt2 (111),8.890324922992829,"In, Li, Pt",Cubic,m-3m,LiInPt2,(111),3
LiIr (0001),2.653082828745136,"Ir, Li",Hexagonal,-6m2,LiIr,(0001),2
LiIrF6 (0001),4.9473802740110875,"F, Ir, Li",Trigonal,-3,LiIrF6,(0001),3
LiLaHg2 (111),10.416985999822758,"Hg, La, Li",Cubic,m-3m,LiLaHg2,(111),3
LiLaTl2 (111),10.67364273799668,"La, Li, Tl",Cubic,m-3m,LiLaTl2,(111),3
LiLu2Ir (111),9.54795918150573,"Ir, Li, Lu",Cubic,m-3m,LiLu2Ir,(111),3
LiLu2Os (111),9.53142127688244,"Li, Lu, Os",Cubic,m-3m,LiLu2Os,(111),3
LiLu2Rh (111),9.588912849375168,"Li, Lu, Rh",Cubic,m-3m,LiLu2Rh,(111),3
LiLu2Ru (111),9.549976891281538,"Li, Lu, Ru",Cubic,m-3m,LiLu2Ru,(111),3
LiLuAu2 (111),9.464758927597348,"Au, Li, Lu",Cubic,m-3m,LiLuAu2,(111),3
LiLuGe (0001),6.885104763311474,"Ge, Li, Lu",Hexagonal,-6m2,LiLuGe,(0001),3
LiLuHg2 (111),9.80717852594104,"Hg, Li, Lu",Cubic,m-3m,LiLuHg2,(111),3
LiLuSn (0001),9.279444330390822,"Li, Lu, Sn",Hexagonal,6mm,LiLuSn,(0001),3
LiLuTl2 (111),10.17369966093158,"Li, Lu, Tl",Cubic,m-3m,LiLuTl2,(111),3
LiMg2Ag (111),9.361953379787417,"Ag, Li, Mg",Cubic,m-3m,LiMg2Ag,(111),3
LiMg2Au (111),9.219941051986662,"Au, Li, Mg",Cubic,m-3m,LiMg2Au,(111),3
LiMg2Cd (111),9.61830068803389,"Cd, Li, Mg",Cubic,m-3m,LiMg2Cd,(111),3
LiMg2Hg (111),9.492118416312104,"Hg, Li, Mg",Cubic,m-3m,LiMg2Hg,(111),3
LiMg2Ir (111),8.922983667915695,"Ir, Li, Mg",Cubic,m-3m,LiMg2Ir,(111),3
LiMg2Pd (111),9.098369908437805,"Li, Mg, Pd",Cubic,m-3m,LiMg2Pd,(111),3
LiMg2Pt (111),9.014129043502717,"Li, Mg, Pt",Cubic,m-3m,LiMg2Pt,(111),3
LiMg2Rh (111),8.958381857645962,"Li, Mg, Rh",Cubic,m-3m,LiMg2Rh,(111),3
LiMg2Zn (111),9.280340925296226,"Li, Mg, Zn",Cubic,m-3m,LiMg2Zn,(111),3
LiMgAg2 (111),9.119252327321163,"Ag, Li, Mg",Cubic,m-3m,LiMgAg2,(111),3
LiMgAs (111),8.706193652343766,"As, Li, Mg",Cubic,-43m,LiMgAs,(111),3
LiMgAu2 (111),9.010160656795026,"Au, Li, Mg",Cubic,m-3m,LiMgAu2,(111),3
LiMgBi (111),9.589497114881755,"Bi, Li, Mg",Cubic,-43m,LiMgBi,(111),3
LiMgHg2 (111),9.557396647589343,"Hg, Li, Mg",Cubic,m-3m,LiMgHg2,(111),3
LiMgN (111),7.010382087924196,"Li, Mg, N",Cubic,-43m,LiMgN,(111),3
LiMgP (111),8.453394304893095,"Li, Mg, P",Cubic,-43m,LiMgP,(111),3
LiMgPb2 (111),10.322071593985243,"Li, Mg, Pb",Cubic,m-3m,LiMgPb2,(111),3
LiMgPd2 (111),8.668193748212648,"Li, Mg, Pd",Cubic,m-3m,LiMgPd2,(111),3
LiMgSb (111),9.367286746826652,"Li, Mg, Sb",Cubic,-43m,LiMgSb,(111),3
LiMgTl2 (111),10.091437799572548,"Li, Mg, Tl",Cubic,m-3m,LiMgTl2,(111),3
LiMnF6 (0001),4.819587938076571,"F, Li, Mn",Trigonal,-3,LiMnF6,(0001),3
LiMnPd2 (111),8.617092017948705,"Li, Mn, Pd",Cubic,m-3m,LiMnPd2,(111),3
LiMnPt2 (111),8.572134735961646,"Li, Mn, Pt",Cubic,m-3m,LiMnPt2,(111),3
LiMoN2 (0001),2.891380969956445,"Li, Mo, N",Trigonal,3m,LiMoN2,(0001),3
LiNO3 (0001),4.655002650953068,"Li, N, O",Trigonal,-3m,LiNO3,(0001),3
LiNbF6 (0001),5.114634733388026,"F, Li, Nb",Trigonal,-3,LiNbF6,(0001),3
LiNbIr2 (111),8.6915329294699,"Ir, Li, Nb",Cubic,m-3m,LiNbIr2,(111),3
LiNbO2 (0001),2.9217847386348312,"Li, Nb, O",Hexagonal,6/mmm,LiNbO2,(0001),3
LiNbO3 (0001),5.153943290372108,"Li, Nb, O",Trigonal,m,LiNbO3,(0001),3
LiNbRh2 (111),8.655435307422614,"Li, Nb, Rh",Cubic,m-3m,LiNbRh2,(111),3
LiNbS2 (0001),3.379511532247833,"Li, Nb, S",Hexagonal,6/mmm,LiNbS2,(0001),3
LiNbSe2 (0001),3.5333108358713172,"Li, Nb, Se",Hexagonal,6/mmm,LiNbSe2,(0001),3
LiNdGe (0001),7.304462172979602,"Ge, Li, Nd",Hexagonal,-6m2,LiNdGe,(0001),3
LiNdHg2 (111),10.224013160420391,"Hg, Li, Nd",Cubic,m-3m,LiNdHg2,(111),3
LiNdSn (0001),9.553383897762323,"Li, Nd, Sn",Hexagonal,6mm,LiNdSn,(0001),3
LiNdTl2 (111),10.503691405047583,"Li, Nd, Tl",Cubic,m-3m,LiNdTl2,(111),3
LiNi2Ge (111),7.937037937437583,"Ge, Li, Ni",Cubic,m-3m,LiNi2Ge,(111),3
LiNi2Sn (111),8.402075003595815,"Li, Ni, Sn",Cubic,m-3m,LiNi2Sn,(111),3
LiNpRh2 (111),9.04740049199476,"Li, Np, Rh",Cubic,m-3m,LiNpRh2,(111),3
LiOsF6 (0001),5.028958215386149,"F, Li, Os",Trigonal,-3,LiOsF6,(0001),3
LiOsO3 (0001),5.05829604754795,"Li, O, Os",Trigonal,3m,LiOsO3,(0001),3
LiPF6 (0001),4.802526040521504,"F, Li, P",Trigonal,-3,LiPF6,(0001),3
LiPaO3 (111),6.106859013222758,"Li, O, Pa",Cubic,m-3m,LiPaO3,(111),3
LiPaRu2 (111),8.99261186455072,"Li, Pa, Ru",Cubic,m-3m,LiPaRu2,(111),3
LiPb (111),4.986886116525176,"Li, Pb",Cubic,m-3m,LiPb,(111),2
LiPd (0001),2.7762261260782215,"Li, Pd",Hexagonal,-6m2,LiPd,(0001),2
LiPd2Pb (111),9.105790711263646,"Li, Pb, Pd",Cubic,m-3m,LiPd2Pb,(111),3
LiPd3 (111),5.444718354333521,"Li, Pd",Cubic,m-3m,LiPd3,(111),2
LiPd7 (111),10.990474630945105,"Li, Pd",Cubic,m-3m,LiPd7,(111),2
LiPm2Ga (111),10.442987504106378,"Ga, Li, Pm",Cubic,m-3m,LiPm2Ga,(111),3
LiPm2Ge (111),10.294636661694643,"Ge, Li, Pm",Cubic,m-3m,LiPm2Ge,(111),3
LiPm2Ir (111),10.061946864745128,"Ir, Li, Pm",Cubic,m-3m,LiPm2Ir,(111),3
LiPm2Os (111),10.008210935447094,"Li, Os, Pm",Cubic,m-3m,LiPm2Os,(111),3
LiPm2Pt (111),10.200950142064949,"Li, Pm, Pt",Cubic,m-3m,LiPm2Pt,(111),3
LiPm2Ru (111),10.031731258604076,"Li, Pm, Ru",Cubic,m-3m,LiPm2Ru,(111),3
LiPm2Si (111),10.22422787102744,"Li, Pm, Si",Cubic,m-3m,LiPm2Si,(111),3
LiPm2Sn (111),10.695693184145473,"Li, Pm, Sn",Cubic,m-3m,LiPm2Sn,(111),3
LiPmAu2 (111),9.852014073900008,"Au, Li, Pm",Cubic,m-3m,LiPmAu2,(111),3
LiPmGa2 (111),9.759107115930009,"Ga, Li, Pm",Cubic,m-3m,LiPmGa2,(111),3
LiPmHg2 (111),10.160176611436915,"Hg, Li, Pm",Cubic,m-3m,LiPmHg2,(111),3
LiPmIn2 (111),10.364968651129994,"In, Li, Pm",Cubic,m-3m,LiPmIn2,(111),3
LiPmTl2 (111),10.442217606243025,"Li, Pm, Tl",Cubic,m-3m,LiPmTl2,(111),3
LiPmZn2 (111),9.660185620816325,"Li, Pm, Zn",Cubic,m-3m,LiPmZn2,(111),3
LiPrGe (0001),7.353690262172535,"Ge, Li, Pr",Hexagonal,-6m2,LiPrGe,(0001),3
LiPrHg2 (111),10.290899668415086,"Hg, Li, Pr",Cubic,m-3m,LiPrHg2,(111),3
LiPrSn (0001),9.597596021105076,"Li, Pr, Sn",Hexagonal,6mm,LiPrSn,(0001),3
LiPt (0001),2.7462766489565205,"Li, Pt",Hexagonal,-6m2,LiPt,(0001),2
LiPt3 (111),5.4493537079846455,"Li, Pt",Cubic,m-3m,LiPt3,(111),2
LiPt3O4 (111),8.037028703260843,"Li, O, Pt",Cubic,m-3m,LiPt3O4,(111),3
LiPt7 (111),11.031176267621811,"Li, Pt",Cubic,m-3m,LiPt7,(111),2
LiPtF6 (0001),4.920030635428489,"F, Li, Pt",Trigonal,-3,LiPtF6,(0001),3
LiRh (0001),2.6523004602258142,"Li, Rh",Hexagonal,-6m2,LiRh,(0001),2
LiRh2Pb (111),8.876654173033709,"Li, Pb, Rh",Cubic,m-3m,LiRh2Pb,(111),3
LiRhF6 (0001),4.902435674279339,"F, Li, Rh",Trigonal,-3,LiRhF6,(0001),3
LiRhO2 (0001),3.0402293590714393,"Li, O, Rh",Trigonal,-3m,LiRhO2,(0001),3
LiRu2W (111),8.50269953557954,"Li, Ru, W",Cubic,m-3m,LiRu2W,(111),3
LiRuF6 (0001),4.984757542512419,"F, Li, Ru",Trigonal,-3,LiRuF6,(0001),3
LiSbF6 (0001),5.011860444888854,"F, Li, Sb",Trigonal,-3,LiSbF6,(0001),3
LiSbPd2 (111),8.940521415155496,"Li, Pd, Sb",Cubic,m-3m,LiSbPd2,(111),3
LiSbRh2 (111),8.675332481429507,"Li, Rh, Sb",Cubic,m-3m,LiSbRh2,(111),3
LiSc2Ir (111),9.230268978682124,"Ir, Li, Sc",Cubic,m-3m,LiSc2Ir,(111),3
LiSc2Os (111),9.219208489361353,"Li, Os, Sc",Cubic,m-3m,LiSc2Os,(111),3
LiSc2Pt (111),9.317531499032288,"Li, Pt, Sc",Cubic,m-3m,LiSc2Pt,(111),3
LiSc2Rh (111),9.267577619611538,"Li, Rh, Sc",Cubic,m-3m,LiSc2Rh,(111),3
LiSc2Ru (111),9.231467062225633,"Li, Ru, Sc",Cubic,m-3m,LiSc2Ru,(111),3
LiSc2Tc (111),9.3037908206178,"Li, Sc, Tc",Cubic,m-3m,LiSc2Tc,(111),3
LiScAu2 (111),9.243398084378647,"Au, Li, Sc",Cubic,m-3m,LiScAu2,(111),3
LiScHg2 (111),9.609550496175151,"Hg, Li, Sc",Cubic,m-3m,LiScHg2,(111),3
LiScPd2 (111),8.93829940755436,"Li, Pd, Sc",Cubic,m-3m,LiScPd2,(111),3
LiScPt2 (111),8.903487404597634,"Li, Pt, Sc",Cubic,m-3m,LiScPt2,(111),3
LiScS2 (0001),3.6908848201747424,"Li, S, Sc",Trigonal,-3m,LiScS2,(0001),3
LiScTl2 (111),9.96622686629394,"Li, Sc, Tl",Cubic,m-3m,LiScTl2,(111),3
LiSiIr2 (111),8.173396376761517,"Ir, Li, Si",Cubic,m-3m,LiSiIr2,(111),3
LiSiNi2 (111),7.755994274774192,"Li, Ni, Si",Cubic,m-3m,LiSiNi2,(111),3
LiSiPd2 (111),8.35472233317758,"Li, Pd, Si",Cubic,m-3m,LiSiPd2,(111),3
LiSiRh2 (111),8.13088163339676,"Li, Rh, Si",Cubic,m-3m,LiSiRh2,(111),3
LiSiRu2 (111),8.157784529120933,"Li, Ru, Si",Cubic,m-3m,LiSiRu2,(111),3
LiSm2Os (111),9.954532112092709,"Li, Os, Sm",Cubic,m-3m,LiSm2Os,(111),3
LiSmGe (0001),7.204312337008408,"Ge, Li, Sm",Hexagonal,-6m2,LiSmGe,(0001),3
LiSmHg2 (111),10.121959865792567,"Hg, Li, Sm",Cubic,m-3m,LiSmHg2,(111),3
LiSmS2 (0001),3.998964759877118,"Li, S, Sm",Trigonal,-3m,LiSmS2,(0001),3
LiSmSn (0001),9.425938459817399,"Li, Sm, Sn",Hexagonal,6mm,LiSmSn,(0001),3
LiSmTl2 (111),10.41204980052038,"Li, Sm, Tl",Cubic,m-3m,LiSmTl2,(111),3
LiSn4Au3 (0001),4.528401761304199,"Au, Li, Sn",Hexagonal,6mm,LiSn4Au3,(0001),3
LiSnAu (0001),4.701354482489066,"Au, Li, Sn",Hexagonal,6/mmm,LiSnAu,(0001),3
LiSnAu2 (111),9.353330947981899,"Au, Li, Sn",Cubic,m-3m,LiSnAu2,(111),3
LiSnPd2 (111),8.909561168805709,"Li, Pd, Sn",Cubic,m-3m,LiSnPd2,(111),3
LiSnRh2 (111),8.697797282723906,"Li, Rh, Sn",Cubic,m-3m,LiSnRh2,(111),3
LiTaF6 (0001),5.169336309565231,"F, Li, Ta",Trigonal,-3,LiTaF6,(0001),3
LiTaIr2 (111),8.660135757324145,"Ir, Li, Ta",Cubic,m-3m,LiTaIr2,(111),3
LiTaO3 (0001),5.133956698485032,"Li, O, Ta",Trigonal,3m,LiTaO3,(0001),3
LiTaRh2 (111),8.618591989421502,"Li, Rh, Ta",Cubic,m-3m,LiTaRh2,(111),3
LiTaS2 (0001),3.3486133783706427,"Li, S, Ta",Hexagonal,6/mmm,LiTaS2,(0001),3
LiTb2Ir (111),9.832529013913753,"Ir, Li, Tb",Cubic,m-3m,LiTb2Ir,(111),3
LiTbGe (0001),7.074829898997866,"Ge, Li, Tb",Hexagonal,-6m2,LiTbGe,(0001),3
LiTbHg2 (111),9.989660865855074,"Hg, Li, Tb",Cubic,m-3m,LiTbHg2,(111),3
LiTbS2 (0001),3.9203768542337865,"Li, S, Tb",Trigonal,-3m,LiTbS2,(0001),3
LiTbSe2 (0001),4.071353986267191,"Li, Se, Tb",Trigonal,-3m,LiTbSe2,(0001),3
LiTbTl2 (111),10.315366637780404,"Li, Tb, Tl",Cubic,m-3m,LiTbTl2,(111),3
LiTe3 (111),12.41407242871291,"Li, Te",Cubic,-3m,LiTe3,(111),2
LiThAu2 (111),9.951017621684585,"Au, Li, Th",Cubic,m-3m,LiThAu2,(111),3
LiThHg2 (111),10.287596857426934,"Hg, Li, Th",Cubic,m-3m,LiThHg2,(111),3
LiThRh2 (111),9.329416907769154,"Li, Rh, Th",Cubic,m-3m,LiThRh2,(111),3
LiTi2O4 (111),11.87356269069877,"Li, O, Ti",Cubic,m-3m,LiTi2O4,(111),3
LiTiIr2 (111),8.486654236196381,"Ir, Li, Ti",Cubic,m-3m,LiTiIr2,(111),3
LiTiPt2 (111),8.655804530299477,"Li, Pt, Ti",Cubic,m-3m,LiTiPt2,(111),3
LiTiRh2 (111),8.45833848455502,"Li, Rh, Ti",Cubic,m-3m,LiTiRh2,(111),3
LiTiS2 (0001),3.4383000243047896,"Li, S, Ti",Trigonal,-3m,LiTiS2,(0001),3
LiTiSe2 (0001),3.6796447228697926,"Li, Se, Ti",Trigonal,-3m,LiTiSe2,(0001),3
LiTl (111),4.86458567718434,"Li, Tl",Cubic,m-3m,LiTl,(111),2
LiTl2Rh (111),9.41206493428353,"Li, Rh, Tl",Cubic,m-3m,LiTl2Rh,(111),3
LiTm2Al (111),10.132336007268242,"Al, Li, Tm",Cubic,m-3m,LiTm2Al,(111),3
LiTm2Ir (111),9.635451845854284,"Ir, Li, Tm",Cubic,m-3m,LiTm2Ir,(111),3
LiTm2Os (111),9.61422486797859,"Li, Os, Tm",Cubic,m-3m,LiTm2Os,(111),3
LiTm2Rh (111),9.671045202559439,"Li, Rh, Tm",Cubic,m-3m,LiTm2Rh,(111),3
LiTm2Ru (111),9.634665316839435,"Li, Ru, Tm",Cubic,m-3m,LiTm2Ru,(111),3
LiTmGe (0001),6.937212380297903,"Ge, Li, Tm",Hexagonal,-6m2,LiTmGe,(0001),3
LiTmHg2 (111),9.85492121615164,"Hg, Li, Tm",Cubic,m-3m,LiTmHg2,(111),3
LiTmSn (0001),9.244602467931749,"Li, Sn, Tm",Hexagonal,6mm,LiTmSn,(0001),3
LiTmTl2 (111),10.207950499198695,"Li, Tl, Tm",Cubic,m-3m,LiTmTl2,(111),3
LiUO3 (0001),5.421615026403248,"Li, O, U",Trigonal,3m,LiUO3,(0001),3
LiVIr2 (111),8.331981482033804,"Ir, Li, V",Cubic,m-3m,LiVIr2,(111),3
LiVO2 (0001),4.980285309386172,"Li, O, V",Trigonal,2/m,LiVO2,(0001),3
LiVRh2 (111),8.303000588048565,"Li, Rh, V",Cubic,m-3m,LiVRh2,(111),3
LiY2Al (111),10.340891391819587,"Al, Li, Y",Cubic,m-3m,LiY2Al,(111),3
LiY2Ir (111),9.83017751341039,"Ir, Li, Y",Cubic,m-3m,LiY2Ir,(111),3
LiY2Os (111),9.804339624210181,"Li, Os, Y",Cubic,m-3m,LiY2Os,(111),3
LiY2Ru (111),9.835076490611808,"Li, Ru, Y",Cubic,m-3m,LiY2Ru,(111),3
LiYGa4 (0001),4.299058114707323,"Ga, Li, Y",Hexagonal,-6m2,LiYGa4,(0001),3
LiYGe (0001),7.0850614690344305,"Ge, Li, Y",Hexagonal,-6m2,LiYGe,(0001),3
LiYHg2 (111),9.985051109856725,"Hg, Li, Y",Cubic,m-3m,LiYHg2,(111),3
LiYS2 (0001),3.9068529855992717,"Li, S, Y",Trigonal,-3m,LiYS2,(0001),3
LiYSe2 (0001),4.059315375758699,"Li, Se, Y",Trigonal,-3m,LiYSe2,(0001),3
LiYSi (0001),7.03490753427638,"Li, Si, Y",Hexagonal,-6m2,LiYSi,(0001),3
LiYSn (0001),9.322738285409898,"Li, Sn, Y",Hexagonal,6mm,LiYSn,(0001),3
LiYTl2 (111),10.326510923494617,"Li, Tl, Y",Cubic,m-3m,LiYTl2,(111),3
LiYb2Al (111),10.084502274811115,"Al, Li, Yb",Cubic,m-3m,LiYb2Al,(111),3
LiYb2Ga (111),9.932169843441223,"Ga, Li, Yb",Cubic,m-3m,LiYb2Ga,(111),3
LiYb2Hg (111),10.186954825524793,"Hg, Li, Yb",Cubic,m-3m,LiYb2Hg,(111),3
LiYb2In (111),10.312725436573002,"In, Li, Yb",Cubic,m-3m,LiYb2In,(111),3
LiYb2Ir (111),9.591803332370672,"Ir, Li, Yb",Cubic,m-3m,LiYb2Ir,(111),3
LiYb2Rh (111),9.628795505011261,"Li, Rh, Yb",Cubic,m-3m,LiYb2Rh,(111),3
LiYbGe (0001),6.914623929777821,"Ge, Li, Yb",Hexagonal,-6m2,LiYbGe,(0001),3
LiYbPb (0001),4.674115197605728,"Li, Pb, Yb",Hexagonal,-6m2,LiYbPb,(0001),3
LiYbS2 (0001),3.8287556399497227,"Li, S, Yb",Trigonal,-3m,LiYbS2,(0001),3
LiYbTl2 (111),10.192448536728975,"Li, Tl, Yb",Cubic,m-3m,LiYbTl2,(111),3
LiZn (111),8.575289403852322,"Li, Zn",Cubic,m-3m,LiZn,(111),2
LiZn2Au (111),8.702415255690479,"Au, Li, Zn",Cubic,m-3m,LiZn2Au,(111),3
LiZn2Ir (111),8.461681430858029,"Ir, Li, Zn",Cubic,m-3m,LiZn2Ir,(111),3
LiZn2Ni (111),8.197816078461166,"Li, Ni, Zn",Cubic,m-3m,LiZn2Ni,(111),3
LiZn2Pd (111),8.537644243588895,"Li, Pd, Zn",Cubic,m-3m,LiZn2Pd,(111),3
LiZn2Pt (111),8.540079604196116,"Li, Pt, Zn",Cubic,m-3m,LiZn2Pt,(111),3
LiZn2Rh (111),8.432513021575643,"Li, Rh, Zn",Cubic,m-3m,LiZn2Rh,(111),3
LiZn3 (111),8.516708565422778,"Li, Zn",Cubic,m-3m,LiZn3,(111),2
LiZnAg2 (111),8.825302183537767,"Ag, Li, Zn",Cubic,m-3m,LiZnAg2,(111),3
LiZnAs (111),8.350823217239565,"As, Li, Zn",Cubic,-43m,LiZnAs,(111),3
LiZnAu2 (111),8.79981228515247,"Au, Li, Zn",Cubic,m-3m,LiZnAu2,(111),3
LiZnGe (0001),4.226114963287229,"Ge, Li, Zn",Hexagonal,-6m2,LiZnGe,(0001),3
LiZnN (111),6.879858180470877,"Li, N, Zn",Cubic,-43m,LiZnN,(111),3
LiZnNi2 (111),7.95002230153545,"Li, Ni, Zn",Cubic,m-3m,LiZnNi2,(111),3
LiZnP (111),8.06105133114635,"Li, P, Zn",Cubic,-43m,LiZnP,(111),3
LiZnPd2 (111),8.470586365964767,"Li, Pd, Zn",Cubic,m-3m,LiZnPd2,(111),3
LiZnPt2 (111),8.462293587340637,"Li, Pt, Zn",Cubic,m-3m,LiZnPt2,(111),3
LiZnSb (0001),4.42299809222844,"Li, Sb, Zn",Hexagonal,6mm,LiZnSb,(0001),3
LiZr2Os (111),9.315297540983778,"Li, Os, Zr",Cubic,m-3m,LiZr2Os,(111),3
LiZr2Tc (111),9.341403414228303,"Li, Tc, Zr",Cubic,m-3m,LiZr2Tc,(111),3
LiZrIr2 (111),8.846469136145638,"Ir, Li, Zr",Cubic,m-3m,LiZrIr2,(111),3
LiZrRh2 (111),8.808814518152298,"Li, Rh, Zr",Cubic,m-3m,LiZrRh2,(111),3
LiZrS2 (0001),3.587169711295712,"Li, S, Zr",Trigonal,3m,LiZrS2,(0001),3
LiZrSe2 (0001),3.7431750105508796,"Li, Se, Zr",Trigonal,-3m,LiZrSe2,(0001),3
Lu (0001),3.481466798718916,Lu,Trigonal,-3m,Lu,(0001),1
Lu(AlC)3 (0001),3.381531760823452,"Al, C, Lu",Hexagonal,6/mmm,Lu(AlC)3,(0001),3
Lu(BH4)3 (111),15.225058345409646,"B, H, Lu",Cubic,m-3m,Lu(BH4)3,(111),3
Lu(ClO4)3 (0001),8.06615955841695,"Cl, Lu, O",Trigonal,3m,Lu(ClO4)3,(0001),3
Lu(FeGe)6 (0001),5.085923554266497,"Fe, Ge, Lu",Hexagonal,6/mmm,Lu(FeGe)6,(0001),3
Lu(HO)3 (0001),11.490059836461555,"H, Lu, O",Trigonal,-3,Lu(HO)3,(0001),3
Lu(MnGe)6 (0001),5.131067671995594,"Ge, Lu, Mn",Hexagonal,6/mmm,Lu(MnGe)6,(0001),3
Lu(MnSn)6 (0001),5.442458481930227,"Lu, Mn, Sn",Hexagonal,6/mmm,Lu(MnSn)6,(0001),3
Lu(NbCl3)6 (0001),9.42048223980183,"Cl, Lu, Nb",Trigonal,-3,Lu(NbCl3)6,(0001),3
Lu10Mn13C18 (111),14.033512708432198,"C, Lu, Mn",Cubic,-43m,Lu10Mn13C18,(111),3
Lu12(MnC3)5 (0001),10.283588238134122,"C, Lu, Mn",Hexagonal,-6m2,Lu12(MnC3)5,(0001),3
Lu2(CN2)3 (0001),6.231825044748309,"C, Lu, N",Trigonal,-3m,Lu2(CN2)3,(0001),3
Lu2(Ni7B2)3 (111),15.010769833360964,"B, Lu, Ni",Cubic,m-3m,Lu2(Ni7B2)3,(111),3
Lu2(SO4)3 (0001),8.993876463620836,"Lu, O, S",Trigonal,-3m,Lu2(SO4)3,(0001),3
Lu2AgAu (111),9.921408562313015,"Ag, Au, Lu",Cubic,m-3m,Lu2AgAu,(111),3
Lu2AgHg (111),10.102045419524112,"Ag, Hg, Lu",Cubic,m-3m,Lu2AgHg,(111),3
Lu2AgOs (111),9.618987628129679,"Ag, Lu, Os",Cubic,m-3m,Lu2AgOs,(111),3
Lu2AgRu (111),9.630404602502988,"Ag, Lu, Ru",Cubic,m-3m,Lu2AgRu,(111),3
Lu2Al3Co (0001),5.376735883462719,"Al, Co, Lu",Hexagonal,6/mmm,Lu2Al3Co,(0001),3
Lu2AlCo3 (0001),5.208205824258197,"Al, Co, Lu",Trigonal,-3m,Lu2AlCo3,(0001),3
Lu2C (0001),3.494505986569104,"C, Lu",Trigonal,-3m,Lu2C,(0001),2
Lu2CCl2 (0001),3.5868221289124684,"C, Cl, Lu",Trigonal,-3m,Lu2CCl2,(0001),3
Lu2CdAg (111),10.143941411456602,"Ag, Cd, Lu",Cubic,m-3m,Lu2CdAg,(111),3
Lu2CdIn (111),10.326269969787859,"Cd, In, Lu",Cubic,m-3m,Lu2CdIn,(111),3
Lu2CdS4 (111),15.618224322848022,"Cd, Lu, S",Cubic,m-3m,Lu2CdS4,(111),3
Lu2Co12P7 (0001),8.96245053680772,"Co, Lu, P",Hexagonal,-6,Lu2Co12P7,(0001),3
Lu2Co17 (0001),8.231369771391329,"Co, Lu",Hexagonal,6/mmm,Lu2Co17,(0001),2
Lu2Co7 (0001),4.903959093339278,"Co, Lu",Trigonal,-3m,Lu2Co7,(0001),2
Lu2CoCu (111),9.37336814798757,"Co, Cu, Lu",Cubic,m-3m,Lu2CoCu,(111),3
Lu2CoRu (111),9.245557805328506,"Co, Lu, Ru",Cubic,m-3m,Lu2CoRu,(111),3
Lu2CuAu (111),9.71375586085339,"Au, Cu, Lu",Cubic,m-3m,Lu2CuAu,(111),3
Lu2CuIr (111),9.450058319037836,"Cu, Ir, Lu",Cubic,m-3m,Lu2CuIr,(111),3
Lu2CuOs (111),9.41271417195608,"Cu, Lu, Os",Cubic,m-3m,Lu2CuOs,(111),3
Lu2CuPd (111),9.572380240282687,"Cu, Lu, Pd",Cubic,m-3m,Lu2CuPd,(111),3
Lu2CuPt (111),9.542462378254964,"Cu, Lu, Pt",Cubic,m-3m,Lu2CuPt,(111),3
Lu2CuRh (111),9.458511667469837,"Cu, Lu, Rh",Cubic,m-3m,Lu2CuRh,(111),3
Lu2CuRu (111),9.407459816610862,"Cu, Lu, Ru",Cubic,m-3m,Lu2CuRu,(111),3
Lu2Fe12P7 (0001),8.930038245281004,"Fe, Lu, P",Hexagonal,-6,Lu2Fe12P7,(0001),3
Lu2Ga3Cu (0001),4.281984337653449,"Cu, Ga, Lu",Trigonal,3m,Lu2Ga3Cu,(0001),3
Lu2Ge2O7 (111),13.827792198212675,"Ge, Lu, O",Cubic,m-3m,Lu2Ge2O7,(111),3
Lu2In (0001),5.242228649717577,"In, Lu",Hexagonal,6/mmm,Lu2In,(0001),2
Lu2InAg (111),10.207532542522472,"Ag, In, Lu",Cubic,m-3m,Lu2InAg,(111),3
Lu2IrPd (111),9.51597158405918,"Ir, Lu, Pd",Cubic,m-3m,Lu2IrPd,(111),3
Lu2IrRh (111),9.409310388326949,"Ir, Lu, Rh",Cubic,m-3m,Lu2IrRh,(111),3
Lu2IrRu (111),9.371163077916846,"Ir, Lu, Ru",Cubic,m-3m,Lu2IrRu,(111),3
Lu2MgAl (111),10.13385642826915,"Al, Lu, Mg",Cubic,m-3m,Lu2MgAl,(111),3
Lu2MgIn (111),10.362620264656858,"In, Lu, Mg",Cubic,m-3m,Lu2MgIn,(111),3
Lu2MgS4 (111),15.45834218078645,"Lu, Mg, S",Cubic,m-3m,Lu2MgS4,(111),3
Lu2Mn12P7 (0001),9.485823948832815,"Lu, Mn, P",Hexagonal,-6,Lu2Mn12P7,(0001),3
Lu2Mn2O7 (111),13.789931760571708,"Lu, Mn, O",Cubic,m-3m,Lu2Mn2O7,(111),3
Lu2MnS4 (111),15.383786734194974,"Lu, Mn, S",Cubic,m-3m,Lu2MnS4,(111),3
Lu2Ni12As7 (0001),9.266388790888573,"As, Lu, Ni",Hexagonal,-6,Lu2Ni12As7,(0001),3
Lu2Ni12P7 (0001),8.935206735282502,"Lu, Ni, P",Hexagonal,-6,Lu2Ni12P7,(0001),3
Lu2NiIr (111),9.344702123931079,"Ir, Lu, Ni",Cubic,m-3m,Lu2NiIr,(111),3
Lu2NiRu (111),9.294658434861446,"Lu, Ni, Ru",Cubic,m-3m,Lu2NiRu,(111),3
Lu2O3 (111),14.511969426219293,"Lu, O",Cubic,m-3,Lu2O3,(111),2
Lu2OsPd (111),9.482054024799638,"Lu, Os, Pd",Cubic,m-3m,Lu2OsPd,(111),3
Lu2PdRu (111),9.476207608638726,"Lu, Pd, Ru",Cubic,m-3m,Lu2PdRu,(111),3
Lu2Pt2O7 (111),14.204838204415584,"Lu, O, Pt",Cubic,m-3m,Lu2Pt2O7,(111),3
Lu2RuPt (111),9.456168824713904,"Lu, Pt, Ru",Cubic,m-3m,Lu2RuPt,(111),3
Lu2RuRh (111),9.363828344128411,"Lu, Rh, Ru",Cubic,m-3m,Lu2RuRh,(111),3
Lu2S3 (0001),6.69993480808475,"Lu, S",Trigonal,-3m,Lu2S3,(0001),2
Lu2SO2 (0001),3.6729247989329483,"Lu, O, S",Trigonal,-3m,Lu2SO2,(0001),3
Lu2Sn2O7 (111),14.51749508436944,"Lu, O, Sn",Cubic,m-3m,Lu2Sn2O7,(111),3
Lu2TeO6 (0001),8.916758215110352,"Lu, O, Te",Trigonal,32,Lu2TeO6,(0001),3
Lu2TlAg (111),10.21577769043382,"Ag, Lu, Tl",Cubic,m-3m,Lu2TlAg,(111),3
Lu2TlCd (111),10.380577326217905,"Cd, Lu, Tl",Cubic,m-3m,Lu2TlCd,(111),3
Lu2Zn17 (0001),8.806071353633145,"Lu, Zn",Trigonal,-3m,Lu2Zn17,(0001),2
Lu2ZnAg (111),9.895660805654174,"Ag, Lu, Zn",Cubic,m-3m,Lu2ZnAg,(111),3
Lu2ZnCu (111),9.63780139198254,"Cu, Lu, Zn",Cubic,m-3m,Lu2ZnCu,(111),3
Lu2ZnIr (111),9.555750069350557,"Ir, Lu, Zn",Cubic,m-3m,Lu2ZnIr,(111),3
Lu2ZnOs (111),9.53801578409797,"Lu, Os, Zn",Cubic,m-3m,Lu2ZnOs,(111),3
Lu2ZnRu (111),9.549471489215916,"Lu, Ru, Zn",Cubic,m-3m,Lu2ZnRu,(111),3
Lu3(SiNi3)2 (111),12.192305645171794,"Lu, Ni, Si",Cubic,m-3m,Lu3(SiNi3)2,(111),3
Lu3AlC (111),6.673321798368917,"Al, C, Lu",Cubic,m-3m,Lu3AlC,(111),3
Lu3AlN (111),6.509829339036713,"Al, Lu, N",Cubic,m-3m,Lu3AlN,(111),3
Lu3Ga5Co (0001),6.73704746905783,"Co, Ga, Lu",Hexagonal,-6m2,Lu3Ga5Co,(0001),3
Lu3Ga5Ni (0001),6.7139328013331,"Ga, Lu, Ni",Hexagonal,-6m2,Lu3Ga5Ni,(0001),3
Lu3GaC (111),6.626644680365208,"C, Ga, Lu",Cubic,m-3m,Lu3GaC,(111),3
Lu3InC (111),6.722452275204449,"C, In, Lu",Cubic,m-3m,Lu3InC,(111),3
Lu3InN (111),6.573638372128275,"In, Lu, N",Cubic,m-3m,Lu3InN,(111),3
Lu3Ni7B2 (0001),4.963874716965719,"B, Lu, Ni",Hexagonal,6/mmm,Lu3Ni7B2,(0001),3
Lu3PbC (111),6.7199120648037125,"C, Lu, Pb",Cubic,m-3m,Lu3PbC,(111),3
Lu3Pd4 (0001),12.834475661648906,"Lu, Pd",Trigonal,-3,Lu3Pd4,(0001),2
Lu3Sb4Au3 (111),13.822030137512618,"Au, Lu, Sb",Cubic,-43m,Lu3Sb4Au3,(111),3
Lu3Sb5O12 (111),14.978261108212795,"Lu, O, Sb",Cubic,-43m,Lu3Sb5O12,(111),3
Lu3SnC (111),6.686712298340427,"C, Lu, Sn",Cubic,m-3m,Lu3SnC,(111),3
Lu3TlC (111),6.711961257161101,"C, Lu, Tl",Cubic,m-3m,Lu3TlC,(111),3
Lu4Co3 (0001),10.897446006161733,"Co, Lu",Trigonal,-3,Lu4Co3,(0001),2
Lu4Ga12Ni (111),11.869615909942397,"Ga, Lu, Ni",Cubic,m-3m,Lu4Ga12Ni,(111),3
Lu4Ga12Pd (111),11.955258109411027,"Ga, Lu, Pd",Cubic,m-3m,Lu4Ga12Pd,(111),3
Lu4Ge6Os7 (111),11.665661141246783,"Ge, Lu, Os",Cubic,m-3m,Lu4Ge6Os7,(111),3
Lu4Ge6Rh7 (111),11.663111905338882,"Ge, Lu, Rh",Cubic,m-3m,Lu4Ge6Rh7,(111),3
Lu4Ge6Ru7 (111),11.638757580926637,"Ge, Lu, Ru",Cubic,m-3m,Lu4Ge6Ru7,(111),3
Lu5Co19P12 (0001),11.800879868055395,"Co, Lu, P",Hexagonal,-6m2,Lu5Co19P12,(0001),3
Lu5Ge3 (0001),8.23345627507134,"Ge, Lu",Hexagonal,6/mmm,Lu5Ge3,(0001),2
Lu5Ge3C (0001),8.235802743349353,"C, Ge, Lu",Hexagonal,6/mmm,Lu5Ge3C,(0001),3
Lu5In4 (0001),9.039045593312274,"In, Lu",Hexagonal,6/mmm,Lu5In4,(0001),2
Lu5Ir3 (0001),8.165808550391517,"Ir, Lu",Hexagonal,6/mmm,Lu5Ir3,(0001),2
Lu5NiPb3 (0001),8.897202613753704,"Lu, Ni, Pb",Hexagonal,6/mmm,Lu5NiPb3,(0001),3
Lu5Pb3 (0001),8.865920958565528,"Lu, Pb",Hexagonal,6/mmm,Lu5Pb3,(0001),2
Lu5Rh3 (0001),8.071002093322548,"Lu, Rh",Hexagonal,6/mmm,Lu5Rh3,(0001),2
Lu5Si3 (0001),8.189454364174722,"Lu, Si",Hexagonal,6/mmm,Lu5Si3,(0001),2
Lu5Si3C (0001),8.23999985832527,"C, Lu, Si",Hexagonal,6/mmm,Lu5Si3C,(0001),3
Lu5Sn3 (0001),8.70843693345044,"Lu, Sn",Hexagonal,6/mmm,Lu5Sn3,(0001),2
Lu5Tl3 (0001),8.812312,"Lu, Tl",Hexagonal,6/mmm,Lu5Tl3,(0001),2
Lu6Al43V4 (0001),10.829887698204326,"Al, Lu, V",Hexagonal,6/mmm,Lu6Al43V4,(0001),3
Lu6Al43W4 (0001),11.033190075872298,"Al, Lu, W",Hexagonal,6/mmm,Lu6Al43W4,(0001),3
Lu6Co30P19 (0001),14.610929521160552,"Co, Lu, P",Hexagonal,-6,Lu6Co30P19,(0001),3
Lu6FeBi2 (0001),8.111132056620876,"Bi, Fe, Lu",Hexagonal,-6m2,Lu6FeBi2,(0001),3
Lu6FeSb2 (0001),7.981578325566809,"Fe, Lu, Sb",Hexagonal,-6m2,Lu6FeSb2,(0001),3
Lu6MnBi2 (0001),8.022552887241575,"Bi, Lu, Mn",Hexagonal,-6m2,Lu6MnBi2,(0001),3
Lu6MnSb2 (0001),7.922422850723947,"Lu, Mn, Sb",Hexagonal,-6m2,Lu6MnSb2,(0001),3
Lu6Nb4Al43 (0001),11.110324074358699,"Al, Lu, Nb",Hexagonal,6/mmm,Lu6Nb4Al43,(0001),3
Lu6Sb2Mo (0001),7.933080106021772,"Lu, Mo, Sb",Hexagonal,-6m2,Lu6Sb2Mo,(0001),3
Lu6Ta4Al43 (0001),10.976347917096307,"Al, Lu, Ta",Hexagonal,6/mmm,Lu6Ta4Al43,(0001),3
Lu6TeO12 (0001),9.535487954374112,"Lu, O, Te",Trigonal,-3,Lu6TeO12,(0001),3
Lu6Ti4Al43 (0001),11.045228416302232,"Al, Lu, Ti",Hexagonal,6/mmm,Lu6Ti4Al43,(0001),3
Lu6UO12 (0001),9.709010940094778,"Lu, O, U",Trigonal,-3,Lu6UO12,(0001),3
Lu6WO12 (0001),9.52795560850113,"Lu, O, W",Trigonal,-3,Lu6WO12,(0001),3
Lu8In3Co (0001),10.15019786081153,"Co, In, Lu",Hexagonal,6mm,Lu8In3Co,(0001),3
Lu8Te (0001),8.962651855450662,"Lu, Te",Hexagonal,-6m2,Lu8Te,(0001),2
LuAgGe (0001),7.010813335874848,"Ag, Ge, Lu",Hexagonal,-6m2,LuAgGe,(0001),3
LuAgHg2 (111),9.825660882987696,"Ag, Hg, Lu",Cubic,m-3m,LuAgHg2,(111),3
LuAgO2 (0001),3.373604283989367,"Ag, Lu, O",Trigonal,-3m,LuAgO2,(0001),3
LuAgSn (0001),4.645173036725175,"Ag, Lu, Sn",Hexagonal,6mm,LuAgSn,(0001),3
LuAl2 (111),10.906882946626489,"Al, Lu",Cubic,m-3m,LuAl2,(111),2
LuAl3 (111),5.895208999417393,"Al, Lu",Cubic,m-3m,LuAl3,(111),2
LuAl3Ni2 (0001),8.863150713560001,"Al, Lu, Ni",Hexagonal,6/mmm,LuAl3Ni2,(0001),3
LuAl7Au3 (0001),8.008276387170648,"Al, Au, Lu",Trigonal,-3m,LuAl7Au3,(0001),3
LuAlAu (0001),7.092615316965498,"Al, Au, Lu",Hexagonal,-6m2,LuAlAu,(0001),3
LuAlCu2 (111),8.901060896967314,"Al, Cu, Lu",Cubic,m-3m,LuAlCu2,(111),3
LuAlNi (0001),6.777744893074466,"Al, Lu, Ni",Hexagonal,-6m2,LuAlNi,(0001),3
LuAlPd (0001),7.2729136905160905,"Al, Lu, Pd",Hexagonal,-6m2,LuAlPd,(0001),3
LuAs (111),8.027615694024943,"As, Lu",Cubic,m-3m,LuAs,(111),2
LuAu (111),4.945007618414455,"Au, Lu",Cubic,m-3m,LuAu,(111),2
LuB12 (111),10.525641894581787,"B, Lu",Cubic,m-3m,LuB12,(111),2
LuB2 (0001),3.236007121143777,"B, Lu",Hexagonal,6/mmm,LuB2,(0001),2
LuB2Ir3 (0001),5.404053617822378,"B, Ir, Lu",Hexagonal,6/mmm,LuB2Ir3,(0001),3
LuB2Ru3 (0001),5.4387868332017355,"B, Lu, Ru",Hexagonal,6/mmm,LuB2Ru3,(0001),3
LuBO3 (0001),4.879339962637298,"B, Lu, O",Trigonal,-3m,LuBO3,(0001),3
LuBPt2 (0001),5.24249448683597,"B, Lu, Pt",Hexagonal,622,LuBPt2,(0001),3
LuBRh3 (111),5.851349404951867,"B, Lu, Rh",Cubic,m-3m,LuBRh3,(111),3
LuBe13 (111),14.309616241259418,"Be, Lu",Cubic,m-3m,LuBe13,(111),2
LuBi (111),8.773687573829793,"Bi, Lu",Cubic,m-3m,LuBi,(111),2
LuBiPd (111),9.331647009419932,"Bi, Lu, Pd",Cubic,-43m,LuBiPd,(111),3
LuBiPt (111),9.35081916327377,"Bi, Lu, Pt",Cubic,-43m,LuBiPt,(111),3
LuBr3 (0001),10.14080949763802,"Br, Lu",Hexagonal,6/mmm,LuBr3,(0001),2
LuCd (111),5.149137509175493,"Cd, Lu",Cubic,m-3m,LuCd,(111),2
LuCd2 (0001),4.865820193206931,"Cd, Lu",Hexagonal,6/mmm,LuCd2,(0001),2
LuCdHg2 (111),9.976829508213765,"Cd, Hg, Lu",Cubic,m-3m,LuCdHg2,(111),3
LuCdNi4 (111),9.844648906235712,"Cd, Lu, Ni",Cubic,-43m,LuCdNi4,(111),3
LuCdPd2 (111),9.387049023715798,"Cd, Lu, Pd",Cubic,m-3m,LuCdPd2,(111),3
LuCdRh2 (111),9.201070861012663,"Cd, Lu, Rh",Cubic,m-3m,LuCdRh2,(111),3
LuCl3 (0001),9.463915802864367,"Cl, Lu",Hexagonal,6/mmm,LuCl3,(0001),2
LuCo2 (111),9.968545327698738,"Co, Lu",Cubic,m-3m,LuCo2,(111),2
LuCo3B2 (0001),4.91764138809985,"B, Co, Lu",Hexagonal,6/mmm,LuCo3B2,(0001),3
LuCo5Si3 (0001),14.498706098974631,"Co, Lu, Si",Hexagonal,6/m,LuCo5Si3,(0001),3
LuCu5 (111),9.745036866211711,"Cu, Lu",Cubic,-43m,LuCu5,(111),2
LuCuGe (0001),4.10422131041432,"Cu, Ge, Lu",Hexagonal,-6m2,LuCuGe,(0001),3
LuCuPb (0001),4.514874773197138,"Cu, Lu, Pb",Hexagonal,6mm,LuCuPb,(0001),3
LuCuS2 (0001),3.8299524186943636,"Cu, Lu, S",Trigonal,3m,LuCuS2,(0001),3
LuCuSi (0001),4.062290100084692,"Cu, Lu, Si",Hexagonal,6/mmm,LuCuSi,(0001),3
LuCuSn (0001),4.45048349756578,"Cu, Lu, Sn",Hexagonal,6mm,LuCuSn,(0001),3
LuF3 (0001),6.5754841180041534,"F, Lu",Trigonal,-3m,LuF3,(0001),2
LuFe2 (111),10.187589936673943,"Fe, Lu",Cubic,m-3m,LuFe2,(111),2
LuFe4B (0001),5.001175298736979,"B, Fe, Lu",Hexagonal,6/mmm,LuFe4B,(0001),3
LuGa2Ni3 (0001),8.62161851532291,"Ga, Lu, Ni",Hexagonal,-6m2,LuGa2Ni3,(0001),3
LuGa3 (111),5.907902513662778,"Ga, Lu",Cubic,m-3m,LuGa3,(111),2
LuGaNi2 (0001),5.084697594613748,"Ga, Lu, Ni",Hexagonal,6/mmm,LuGaNi2,(0001),3
LuGaO3 (0001),5.90264437608385,"Ga, Lu, O",Hexagonal,6mm,LuGaO3,(0001),3
LuGaRh2 (111),8.928480301207163,"Ga, Lu, Rh",Cubic,m-3m,LuGaRh2,(111),3
LuGeAu (0001),4.386304113186979,"Au, Ge, Lu",Hexagonal,6mm,LuGeAu,(0001),3
LuH2 (111),7.055786480606485,"H, Lu",Cubic,m-3m,LuH2,(111),2
LuH3 (0001),6.094842434715551,"H, Lu",Trigonal,-3m,LuH3,(0001),2
LuHCl (0001),3.624810159745885,"Cl, H, Lu",Trigonal,-3m,LuHCl,(0001),3
LuHSe (0001),3.7333424200423173,"H, Lu, Se",Hexagonal,-6m2,LuHSe,(0001),3
LuHfRu2 (111),9.214821231195348,"Hf, Lu, Ru",Cubic,m-3m,LuHfRu2,(111),3
LuHg (111),5.105353089588896,"Hg, Lu",Cubic,m-3m,LuHg,(111),2
LuI3 (0001),11.12531509354669,"I, Lu",Hexagonal,6/mmm,LuI3,(0001),2
LuIn3 (111),6.468496741503201,"In, Lu",Cubic,m-3m,LuIn3,(111),2
LuInAg2 (111),9.696879041609744,"Ag, In, Lu",Cubic,m-3m,LuInAg2,(111),3
LuInAu (0001),7.572635834906132,"Au, In, Lu",Hexagonal,-6m2,LuInAu,(0001),3
LuInCu2 (111),9.168549025150739,"Cu, In, Lu",Cubic,m-3m,LuInCu2,(111),3
LuInNi (0001),7.343953620127603,"In, Lu, Ni",Hexagonal,-6m2,LuInNi,(0001),3
LuInNi4 (111),9.782133145131024,"In, Lu, Ni",Cubic,-43m,LuInNi4,(111),3
LuInPd (0001),7.622588041194344,"In, Lu, Pd",Hexagonal,-6m2,LuInPd,(0001),3
LuInPd2 (111),9.414047464941655,"In, Lu, Pd",Cubic,m-3m,LuInPd2,(111),3
LuInPt (0001),7.556838556405894,"In, Lu, Pt",Hexagonal,-6m2,LuInPt,(0001),3
LuInRh2 (111),9.206319361096698,"In, Lu, Rh",Cubic,m-3m,LuInRh2,(111),3
LuIr (111),4.707154362760795,"Ir, Lu",Cubic,m-3m,LuIr,(111),2
LuIr2 (111),10.554199166766812,"Ir, Lu",Cubic,m-3m,LuIr2,(111),2
LuMg (111),5.254524421000824,"Lu, Mg",Cubic,m-3m,LuMg,(111),2
LuMgAg2 (111),9.67578329332272,"Ag, Lu, Mg",Cubic,m-3m,LuMgAg2,(111),3
LuMgAu2 (111),9.589913207480647,"Au, Lu, Mg",Cubic,m-3m,LuMgAu2,(111),3
LuMgCd2 (111),9.992189140293343,"Cd, Lu, Mg",Cubic,m-3m,LuMgCd2,(111),3
LuMgHg2 (111),9.933082678423654,"Hg, Lu, Mg",Cubic,m-3m,LuMgHg2,(111),3
LuMgIn (0001),7.376857463001906,"In, Lu, Mg",Hexagonal,-6m2,LuMgIn,(0001),3
LuMgPd2 (111),9.344893391696692,"Lu, Mg, Pd",Cubic,m-3m,LuMgPd2,(111),3
LuMgRh2 (111),9.088376973146193,"Lu, Mg, Rh",Cubic,m-3m,LuMgRh2,(111),3
LuMgTl (0001),7.400451335340229,"Lu, Mg, Tl",Hexagonal,-6m2,LuMgTl,(0001),3
LuMgZn2 (111),9.433618472960122,"Lu, Mg, Zn",Cubic,m-3m,LuMgZn2,(111),3
LuMnO3 (0001),6.005598958389395,"Lu, Mn, O",Hexagonal,6mm,LuMnO3,(0001),3
LuN (111),6.680677470415838,"Lu, N",Cubic,m-3m,LuN,(111),2
LuNbRu2 (111),9.131718591589209,"Lu, Nb, Ru",Cubic,m-3m,LuNbRu2,(111),3
LuNi2 (111),9.879880725150624,"Lu, Ni",Cubic,m-3m,LuNi2,(111),2
LuNi4Au (111),9.782904342102503,"Au, Lu, Ni",Cubic,-43m,LuNi4Au,(111),3
LuNi4B (0001),4.932670204171819,"B, Lu, Ni",Hexagonal,6/mmm,LuNi4B,(0001),3
LuNi5 (0001),4.775141807220455,"Lu, Ni",Hexagonal,6/mmm,LuNi5,(0001),2
LuNiBi (111),8.974430180482951,"Bi, Lu, Ni",Cubic,-43m,LuNiBi,(111),3
LuNiP (0001),3.832114715012355,"Lu, Ni, P",Hexagonal,6/mmm,LuNiP,(0001),3
LuNiPb (0001),7.36751424360182,"Lu, Ni, Pb",Hexagonal,-6m2,LuNiPb,(0001),3
LuNiSb (111),8.78755421309286,"Lu, Ni, Sb",Cubic,-43m,LuNiSb,(111),3
LuOs2 (0001),5.235067359376195,"Lu, Os",Hexagonal,6/mmm,LuOs2,(0001),2
LuP (111),7.811712620834231,"Lu, P",Cubic,m-3m,LuP,(111),2
LuPPt (0001),4.072030639830766,"Lu, P, Pt",Hexagonal,-6m2,LuPPt,(0001),3
LuPaRu2 (111),9.553799934804703,"Lu, Pa, Ru",Cubic,m-3m,LuPaRu2,(111),3
LuPaTc2 (111),9.555751662657864,"Lu, Pa, Tc",Cubic,m-3m,LuPaTc2,(111),3
LuPd (111),4.821941057160473,"Lu, Pd",Cubic,m-3m,LuPd,(111),2
LuPd3 (111),5.71841720031991,"Lu, Pd",Cubic,m-3m,LuPd3,(111),2
LuPt3 (111),5.721604451137793,"Lu, Pt",Cubic,m-3m,LuPt3,(111),2
LuRe2 (0001),5.395593937519697,"Lu, Re",Hexagonal,6/mmm,LuRe2,(0001),2
LuRh (111),4.702453290605297,"Lu, Rh",Cubic,m-3m,LuRh,(111),2
LuRh2 (111),10.482651233930568,"Lu, Rh",Cubic,m-3m,LuRh2,(111),2
LuRh2Pb (111),9.354598479313584,"Lu, Pb, Rh",Cubic,m-3m,LuRh2Pb,(111),3
LuRh3 (111),5.608842144257605,"Lu, Rh",Cubic,m-3m,LuRh3,(111),2
LuRh3C (111),5.820232515793467,"C, Lu, Rh",Cubic,m-3m,LuRh3C,(111),3
LuRu (111),4.675373066642705,"Lu, Ru",Cubic,m-3m,LuRu,(111),2
LuRu2 (0001),5.171590151173035,"Lu, Ru",Hexagonal,6/mmm,LuRu2,(0001),2
LuRu3C (111),5.801746151808387,"C, Lu, Ru",Cubic,m-3m,LuRu3C,(111),3
LuS (111),7.569478926708338,"Lu, S",Cubic,m-3m,LuS,(111),2
LuSb (111),8.59652581403508,"Lu, Sb",Cubic,m-3m,LuSb,(111),2
LuSbPt (111),9.1687403595751,"Lu, Pt, Sb",Cubic,-43m,LuSbPt,(111),3
LuScCu2 (111),9.335801148622318,"Cu, Lu, Sc",Cubic,m-3m,LuScCu2,(111),3
LuSiAg (0001),6.900503725250236,"Ag, Lu, Si",Hexagonal,-6m2,LuSiAg,(0001),3
LuSiAu (0001),4.276908001915602,"Au, Lu, Si",Hexagonal,-6m2,LuSiAu,(0001),3
LuSnAu (111),9.319126511031461,"Au, Lu, Sn",Cubic,-43m,LuSnAu,(111),3
LuSnIr (0001),7.4736672953680845,"Ir, Lu, Sn",Hexagonal,-6m2,LuSnIr,(0001),3
LuSnPd (0001),7.506969763154055,"Lu, Pd, Sn",Hexagonal,-6m2,LuSnPd,(0001),3
LuSnPd2 (111),9.42385313785376,"Lu, Pd, Sn",Cubic,m-3m,LuSnPd2,(111),3
LuSnPt (0001),7.39625718796479,"Lu, Pt, Sn",Hexagonal,-6m2,LuSnPt,(0001),3
LuSnRh (0001),7.5154980750172715,"Lu, Rh, Sn",Hexagonal,-6m2,LuSnRh,(0001),3
LuSnRh2 (111),9.228961669762802,"Lu, Rh, Sn",Cubic,m-3m,LuSnRh2,(111),3
LuSnRu2 (111),9.181278880926826,"Lu, Ru, Sn",Cubic,m-3m,LuSnRu2,(111),3
LuTaOs2 (111),9.141158599611497,"Lu, Os, Ta",Cubic,m-3m,LuTaOs2,(111),3
LuTaRu2 (111),9.107102592332646,"Lu, Ru, Ta",Cubic,m-3m,LuTaRu2,(111),3
LuTc2 (0001),5.2915671297715,"Lu, Tc",Hexagonal,6/mmm,LuTc2,(0001),2
LuTe (0001),4.005174693018161,"Lu, Te",Hexagonal,-6m2,LuTe,(0001),2
LuThFe6 (0001),5.101938072284394,"Fe, Lu, Th",Trigonal,3m,LuThFe6,(0001),3
LuThRu2 (111),9.709685980495049,"Lu, Ru, Th",Cubic,m-3m,LuThRu2,(111),3
LuTl3 (111),6.629811712643193,"Lu, Tl",Cubic,m-3m,LuTl3,(111),2
LuTlRh2 (111),9.278183684468123,"Lu, Rh, Tl",Cubic,m-3m,LuTlRh2,(111),3
LuTlS2 (0001),3.9199331974683727,"Lu, S, Tl",Trigonal,-3m,LuTlS2,(0001),3
LuTlSe2 (0001),4.079091944358846,"Lu, Se, Tl",Trigonal,-3m,LuTlSe2,(0001),3
LuTlTe2 (0001),4.374986306199004,"Lu, Te, Tl",Trigonal,-3m,LuTlTe2,(0001),3
LuZn (111),4.88722278154521,"Lu, Zn",Cubic,m-3m,LuZn,(111),2
LuZnPd (0001),7.1062826577831775,"Lu, Pd, Zn",Hexagonal,-6m2,LuZnPd,(0001),3
LuZnPd2 (111),9.134016999755051,"Lu, Pd, Zn",Cubic,m-3m,LuZnPd2,(111),3
LuZnRh2 (111),8.927790636382744,"Lu, Rh, Zn",Cubic,m-3m,LuZnRh2,(111),3
LuZnSn (0001),4.400087475283877,"Lu, Sn, Zn",Hexagonal,6/mmm,LuZnSn,(0001),3
LuZr3 (0001),6.6172099876029575,"Lu, Zr",Hexagonal,6/mmm,LuZr3,(0001),2
LuZrCo2 (111),9.144996190669124,"Co, Lu, Zr",Cubic,m-3m,LuZrCo2,(111),3
LuZrRu2 (111),9.273104168223394,"Lu, Ru, Zr",Cubic,m-3m,LuZrRu2,(111),3
Mg (0001),3.172023286293633,Mg,Hexagonal,6/mmm,Mg,(0001),1
Mg(AlGe)2 (0001),4.093556302322353,"Al, Ge, Mg",Trigonal,-3m,Mg(AlGe)2,(0001),3
Mg(BeAs)2 (0001),3.7849779368158813,"As, Be, Mg",Trigonal,-3m,Mg(BeAs)2,(0001),3
Mg(BeN)2 (0001),2.9409179239514582,"Be, Mg, N",Trigonal,-3m,Mg(BeN)2,(0001),3
Mg(BeP)2 (0001),3.6463541592403947,"Be, Mg, P",Trigonal,-3m,Mg(BeP)2,(0001),3
Mg(Co3P2)2 (0001),6.5042081531538045,"Co, Mg, P",Hexagonal,-6m2,Mg(Co3P2)2,(0001),3
Mg(CoO2)2 (111),11.432398210684553,"Co, Mg, O",Cubic,m-3m,Mg(CoO2)2,(111),3
Mg(CrS2)2 (111),14.393698930339973,"Cr, Mg, S",Cubic,m-3m,Mg(CrS2)2,(111),3
Mg(FeGe)6 (0001),5.047339962623644,"Fe, Ge, Mg",Hexagonal,6/mmm,Mg(FeGe)6,(0001),3
Mg(FeO2)2 (111),8.412651721706355,"Fe, Mg, O",Cubic,m-3m,Mg(FeO2)2,(111),3
Mg(HO)2 (0001),5.443761582791179,"H, Mg, O",Trigonal,-3m,Mg(HO)2,(0001),3
Mg(InS2)2 (111),15.28093412124891,"In, Mg, S",Cubic,m-3m,Mg(InS2)2,(111),3
Mg(MnGe)6 (0001),5.148230499883997,"Ge, Mg, Mn",Hexagonal,6/mmm,Mg(MnGe)6,(0001),3
Mg(MnS2)4 (0001),6.912121769574406,"Mg, Mn, S",Trigonal,-3m,Mg(MnS2)4,(0001),3
Mg(NO3)2 (0001),10.500895657797837,"Mg, N, O",Trigonal,-3,Mg(NO3)2,(0001),3
Mg(ReO4)2 (0001),5.748314402878205,"Mg, O, Re",Trigonal,-3m,Mg(ReO4)2,(0001),3
Mg(ScS2)2 (111),15.090689629417255,"Mg, S, Sc",Cubic,m-3m,Mg(ScS2)2,(111),3
Mg10B16Ir19 (111),14.971172933764414,"B, Ir, Mg",Cubic,-43m,Mg10B16Ir19,(111),3
Mg13Au41 (0001),15.23408622541045,"Au, Mg",Hexagonal,6/mmm,Mg13Au41,(0001),2
Mg17Al12 (111),14.759391675592873,"Al, Mg",Cubic,-43m,Mg17Al12,(111),2
Mg2AgAu (111),9.262163104998095,"Ag, Au, Mg",Cubic,m-3m,Mg2AgAu,(111),3
Mg2AgHg (111),9.531268684328973,"Ag, Hg, Mg",Cubic,m-3m,Mg2AgHg,(111),3
Mg2AgPt (111),9.073796392156654,"Ag, Mg, Pt",Cubic,m-3m,Mg2AgPt,(111),3
Mg2AgRh (111),8.992086064669495,"Ag, Mg, Rh",Cubic,m-3m,Mg2AgRh,(111),3
Mg2Al2Se5 (0001),3.8872864196715793,"Al, Mg, Se",Trigonal,-3m,Mg2Al2Se5,(0001),3
Mg2Al5Cu6 (111),11.577216479614412,"Al, Cu, Mg",Cubic,m-3,Mg2Al5Cu6,(111),3
Mg2Co12P7 (0001),8.968113525387878,"Co, Mg, P",Hexagonal,-6,Mg2Co12P7,(0001),3
Mg2Cu3Ge (0001),5.0159990551820925,"Cu, Ge, Mg",Hexagonal,6/mmm,Mg2Cu3Ge,(0001),3
Mg2Cu3Si (0001),4.971760795668977,"Cu, Mg, Si",Hexagonal,6/mmm,Mg2Cu3Si,(0001),3
Mg2FeH6 (111),8.987412965140082,"Fe, H, Mg",Cubic,m-3m,Mg2FeH6,(111),3
Mg2Ga (0001),7.648648446039212,"Ga, Mg",Hexagonal,-6m2,Mg2Ga,(0001),2
Mg2Ga5Cu6 (111),11.59497118135682,"Cu, Ga, Mg",Cubic,m-3,Mg2Ga5Cu6,(111),3
Mg2Ge (111),9.006548952899283,"Ge, Mg",Cubic,m-3m,Mg2Ge,(111),2
Mg2GeO4 (111),11.667119007297796,"Ge, Mg, O",Cubic,m-3m,Mg2GeO4,(111),3
Mg2H6Os (111),9.38368981395682,"H, Mg, Os",Cubic,m-3m,Mg2H6Os,(111),3
Mg2H6Ru (111),9.326897458023517,"H, Mg, Ru",Cubic,m-3m,Mg2H6Ru,(111),3
Mg2IrPt (111),8.771403025710365,"Ir, Mg, Pt",Cubic,m-3m,Mg2IrPt,(111),3
Mg2Ni (0001),5.151143715055299,"Mg, Ni",Hexagonal,622,Mg2Ni,(0001),2
Mg2Ni3P (0001),4.929005489740475,"Mg, Ni, P",Trigonal,-3m,Mg2Ni3P,(0001),3
Mg2Pb (111),9.656440286493616,"Mg, Pb",Cubic,m-3m,Mg2Pb,(111),2
Mg2PdPt (111),8.887777980935539,"Mg, Pd, Pt",Cubic,m-3m,Mg2PdPt,(111),3
Mg2PdRh (111),8.795957219819167,"Mg, Pd, Rh",Cubic,m-3m,Mg2PdRh,(111),3
Mg2PtRh (111),8.772419053302116,"Mg, Pt, Rh",Cubic,m-3m,Mg2PtRh,(111),3
Mg2RhAu (111),8.94139777501583,"Au, Mg, Rh",Cubic,m-3m,Mg2RhAu,(111),3
Mg2Si (111),8.965598984008198,"Mg, Si",Cubic,m-3m,Mg2Si,(111),2
Mg2SiNi3 (0001),4.948693517954495,"Mg, Ni, Si",Trigonal,-3m,Mg2SiNi3,(0001),3
Mg2SiPt (0001),4.268549023469789,"Mg, Pt, Si",Hexagonal,6/mmm,Mg2SiPt,(0001),3
Mg2Sn (111),9.560518392091218,"Mg, Sn",Cubic,m-3m,Mg2Sn,(111),2
Mg2TlPb (111),10.427507579021187,"Mg, Pb, Tl",Cubic,m-3m,Mg2TlPb,(111),3
Mg2Zn11 (111),11.895948368483882,"Mg, Zn",Cubic,m-3,Mg2Zn11,(111),2
Mg2ZnAs2 (0001),4.141807864620439,"As, Mg, Zn",Trigonal,3m,Mg2ZnAs2,(0001),3
Mg2ZnP2 (0001),4.014065720394556,"Mg, P, Zn",Trigonal,3m,Mg2ZnP2,(0001),3
Mg3(Ni10B3)2 (111),14.929125672201705,"B, Mg, Ni",Cubic,m-3m,Mg3(Ni10B3)2,(111),3
Mg3(Ni10P3)2 (111),15.686261672370765,"Mg, Ni, P",Cubic,m-3m,Mg3(Ni10P3)2,(111),3
Mg3AsN (111),5.9485863972930915,"As, Mg, N",Cubic,m-3m,Mg3AsN,(111),3
Mg3Au (0001),8.028053423700765,"Au, Mg",Hexagonal,6mm,Mg3Au,(0001),2
Mg3Bi2 (0001),4.675970793054991,"Bi, Mg",Trigonal,-3m,Mg3Bi2,(0001),2
Mg3Cd (0001),6.300257353573008,"Cd, Mg",Hexagonal,6/mmm,Mg3Cd,(0001),2
Mg3Hg (0001),6.248933696726596,"Hg, Mg",Hexagonal,6/mmm,Mg3Hg,(0001),2
Mg3In (0001),6.283901174051142,"In, Mg",Trigonal,-3m,Mg3In,(0001),2
Mg3Ir (0001),7.858115810888062,"Ir, Mg",Hexagonal,6mm,Mg3Ir,(0001),2
Mg3MnH7 (0001),4.6423884123276125,"H, Mg, Mn",Hexagonal,6/mmm,Mg3MnH7,(0001),3
Mg3N2 (111),14.045565841182658,"Mg, N",Cubic,m-3,Mg3N2,(111),2
Mg3Nb6O11 (0001),6.089019141218532,"Mg, Nb, O",Trigonal,-3m,Mg3Nb6O11,(0001),3
Mg3NiO4 (111),5.92963575170953,"Mg, Ni, O",Cubic,m-3m,Mg3NiO4,(111),3
Mg3Pd (0001),8.010390351427406,"Mg, Pd",Hexagonal,6mm,Mg3Pd,(0001),2
Mg3Pt (0001),7.896169195752173,"Mg, Pt",Hexagonal,6mm,Mg3Pt,(0001),2
Mg3ReH7 (0001),4.824357776497724,"H, Mg, Re",Hexagonal,6/mmm,Mg3ReH7,(0001),3
Mg3Rh (0001),7.8832860283609145,"Mg, Rh",Hexagonal,6mm,Mg3Rh,(0001),2
Mg3Ru2 (111),9.765644544396247,"Mg, Ru",Cubic,432,Mg3Ru2,(111),2
Mg3SbN (111),6.145208468667798,"Mg, N, Sb",Cubic,m-3m,Mg3SbN,(111),3
Mg3Sc (111),6.382548972910149,"Mg, Sc",Cubic,m-3m,Mg3Sc,(111),2
Mg3TcH7 (0001),4.807360528646721,"H, Mg, Tc",Hexagonal,6/mmm,Mg3TcH7,(0001),3
Mg3TeO6 (0001),8.588904938455562,"Mg, O, Te",Trigonal,-3,Mg3TeO6,(0001),3
Mg3Tl (0001),6.313988325151785,"Mg, Tl",Hexagonal,6/mmm,Mg3Tl,(0001),2
Mg3WN4 (0001),15.989965666627048,"Mg, N, W",Trigonal,m,Mg3WN4,(0001),3
Mg4AlB10 (0001),3.0507353593077537,"Al, B, Mg",Hexagonal,6/mmm,Mg4AlB10,(0001),3
Mg4As6Ir7 (111),11.48720807029491,"As, Ir, Mg",Cubic,m-3m,Mg4As6Ir7,(111),3
Mg4As6Rh7 (111),11.432880450395963,"As, Mg, Rh",Cubic,m-3m,Mg4As6Rh7,(111),3
Mg4Nb2O9 (0001),5.177789302368276,"Mg, Nb, O",Trigonal,-3m,Mg4Nb2O9,(0001),3
Mg4P6Rh7 (111),11.103425127455251,"Mg, P, Rh",Cubic,m-3m,Mg4P6Rh7,(111),3
Mg4SiGe (0001),4.488899342490883,"Ge, Mg, Si",Trigonal,-3m,Mg4SiGe,(0001),3
Mg4Sn6Pt5 (0001),4.516988192931985,"Mg, Pt, Sn",Trigonal,3m,Mg4Sn6Pt5,(0001),3
Mg4Ta2O9 (0001),5.158757503994323,"Mg, O, Ta",Trigonal,-3m,Mg4Ta2O9,(0001),3
Mg5Co19O32 (0001),5.772700400761141,"Co, Mg, O",Trigonal,3m,Mg5Co19O32,(0001),3
Mg5Hg3 (0001),8.22667459206922,"Hg, Mg",Hexagonal,6/mmm,Mg5Hg3,(0001),2
Mg5Ni9P7 (0001),9.223738577196315,"Mg, Ni, P",Hexagonal,-6,Mg5Ni9P7,(0001),3
Mg5Pd2 (0001),8.639390754323706,"Mg, Pd",Hexagonal,6/mmm,Mg5Pd2,(0001),2
Mg5Rh2 (0001),8.514841032347647,"Mg, Rh",Hexagonal,6/mmm,Mg5Rh2,(0001),2
Mg6MnO8 (111),11.819340373912405,"Mg, Mn, O",Cubic,4/mmm,Mg6MnO8,(111),3
Mg6Si7Ni16 (111),15.83677385927925,"Mg, Ni, Si",Cubic,m-3m,Mg6Si7Ni16,(111),3
MgAg (111),4.672473391438685,"Ag, Mg",Cubic,m-3m,MgAg,(111),2
MgAg3 (0001),5.797158467755376,"Ag, Mg",Hexagonal,6/mmm,MgAg3,(0001),2
MgAgSb (111),9.21107384809777,"Ag, Mg, Sb",Cubic,-43m,MgAgSb,(111),3
MgAl2 (0001),5.4400486987995915,"Al, Mg",Hexagonal,6/mmm,MgAl2,(0001),2
MgAl2O4 (111),11.427398808521252,"Al, Mg, O",Cubic,m-3m,MgAl2O4,(111),3
MgAlAg2 (111),9.12785091548602,"Ag, Al, Mg",Cubic,m-3m,MgAlAg2,(111),3
MgAlB4 (0001),3.0273221050335044,"Al, B, Mg",Hexagonal,6/mmm,MgAlB4,(0001),3
MgAlIr2 (111),8.571869088610734,"Al, Ir, Mg",Cubic,m-3m,MgAlIr2,(111),3
MgAlPd2 (111),8.745267736823743,"Al, Mg, Pd",Cubic,m-3m,MgAlPd2,(111),3
MgAlRh2 (111),8.548657573127231,"Al, Mg, Rh",Cubic,m-3m,MgAlRh2,(111),3
MgAu (111),4.629483264899395,"Au, Mg",Cubic,m-3m,MgAu,(111),2
MgB2 (0001),3.062762064864012,"B, Mg",Hexagonal,6/mmm,MgB2,(0001),2
MgB9N (0001),5.481077880220481,"B, Mg, N",Trigonal,-3m,MgB9N,(0001),3
MgBIr (0001),5.27600053399185,"B, Ir, Mg",Hexagonal,622,MgBIr,(0001),3
MgBr2 (0001),3.8574693345582394,"Br, Mg",Trigonal,-3m,MgBr2,(0001),2
MgCN2 (0001),3.260089159112791,"C, Mg, N",Trigonal,-3m,MgCN2,(0001),3
MgCO3 (0001),4.640806233510059,"C, Mg, O",Trigonal,-3m,MgCO3,(0001),3
MgCdAg2 (111),9.39893373592251,"Ag, Cd, Mg",Cubic,m-3m,MgCdAg2,(111),3
MgCl2 (0001),3.6381342962299232,"Cl, Mg",Trigonal,-3m,MgCl2,(0001),2
MgCoF6 (0001),5.018396950597914,"Co, F, Mg",Trigonal,-3,MgCoF6,(0001),3
MgCr2O4 (111),11.823033247357605,"Cr, Mg, O",Cubic,m-3m,MgCr2O4,(111),3
MgCrF6 (0001),4.986041551268336,"Cr, F, Mg",Trigonal,-3,MgCrF6,(0001),3
MgCu2 (111),9.84623104146424,"Cu, Mg",Cubic,m-3m,MgCu2,(111),2
MgCu4Sn (111),9.876673145205158,"Cu, Mg, Sn",Cubic,-43m,MgCu4Sn,(111),3
MgCuSb (111),8.744612362059256,"Cu, Mg, Sb",Cubic,-43m,MgCuSb,(111),3
MgCuSn (111),8.742561726220732,"Cu, Mg, Sn",Cubic,-43m,MgCuSn,(111),3
MgFeRh2 (111),8.56406694781316,"Fe, Mg, Rh",Cubic,m-3m,MgFeRh2,(111),3
MgGaAg2 (111),9.16367181976444,"Ag, Ga, Mg",Cubic,m-3m,MgGaAg2,(111),3
MgGaAu (0001),7.274081467996158,"Au, Ga, Mg",Hexagonal,-6m2,MgGaAu,(0001),3
MgGaAu2 (0001),4.386484012857592,"Au, Ga, Mg",Hexagonal,6/mmm,MgGaAu2,(0001),3
MgGaIr2 (111),8.606021648645942,"Ga, Ir, Mg",Cubic,m-3m,MgGaIr2,(111),3
MgGaNi2 (111),8.267803895459549,"Ga, Mg, Ni",Cubic,m-3m,MgGaNi2,(111),3
MgGaPd2 (111),8.7666120095723,"Ga, Mg, Pd",Cubic,m-3m,MgGaPd2,(111),3
MgGaPt2 (111),8.787834716523035,"Ga, Mg, Pt",Cubic,m-3m,MgGaPt2,(111),3
MgGaRh2 (111),8.564917540714285,"Ga, Mg, Rh",Cubic,m-3m,MgGaRh2,(111),3
MgGeRh2 (111),8.56179418406997,"Ge, Mg, Rh",Cubic,m-3m,MgGeRh2,(111),3
MgHN (0001),11.519306292325318,"H, Mg, N",Hexagonal,6/m,MgHN,(0001),3
MgHg (111),4.874879935694753,"Hg, Mg",Cubic,m-3m,MgHg,(111),2
MgHgPd2 (111),9.122136927008608,"Hg, Mg, Pd",Cubic,m-3m,MgHgPd2,(111),3
MgI2 (0001),4.1956845299391015,"I, Mg",Trigonal,-3m,MgI2,(0001),2
MgInAg2 (111),9.468621682820565,"Ag, In, Mg",Cubic,m-3m,MgInAg2,(111),3
MgInCu4 (111),9.866535586453981,"Cu, In, Mg",Cubic,-43m,MgInCu4,(111),3
MgInNi2 (111),8.653619348524211,"In, Mg, Ni",Cubic,m-3m,MgInNi2,(111),3
MgInPd2 (111),9.09849786648093,"In, Mg, Pd",Cubic,m-3m,MgInPd2,(111),3
MgInRh2 (111),8.915258950595302,"In, Mg, Rh",Cubic,m-3m,MgInRh2,(111),3
MgIr2 (0001),5.1744913703107915,"Ir, Mg",Hexagonal,6/mmm,MgIr2,(0001),2
MgMnF6 (0001),4.9300014110489,"F, Mg, Mn",Trigonal,-3,MgMnF6,(0001),3
MgMnN2 (0001),2.9354261927622014,"Mg, Mn, N",Trigonal,-3m,MgMnN2,(0001),3
MgMnO3 (0001),4.934205135241969,"Mg, Mn, O",Trigonal,-3,MgMnO3,(0001),3
MgMnPd2 (111),8.85066927161731,"Mg, Mn, Pd",Cubic,m-3m,MgMnPd2,(111),3
MgMnPt2 (111),8.82594379681324,"Mg, Mn, Pt",Cubic,m-3m,MgMnPt2,(111),3
MgMnRh2 (111),8.645471107502795,"Mg, Mn, Rh",Cubic,m-3m,MgMnRh2,(111),3
MgMoF6 (0001),5.105012966161028,"F, Mg, Mo",Trigonal,-3,MgMoF6,(0001),3
MgMoN2 (0001),2.9108738613648444,"Mg, Mo, N",Hexagonal,6/mmm,MgMoN2,(0001),3
MgNbRh2 (111),8.8768963712484,"Mg, Nb, Rh",Cubic,m-3m,MgNbRh2,(111),3
MgNbRu2 (111),8.837581823525129,"Mg, Nb, Ru",Cubic,m-3m,MgNbRu2,(111),3
MgNi2 (0001),4.75394347796183,"Mg, Ni",Hexagonal,6/mmm,MgNi2,(0001),2
MgNi2Sn (111),8.643096473040407,"Mg, Ni, Sn",Cubic,m-3m,MgNi2Sn,(111),3
MgNi3B2 (0001),4.843951898625563,"B, Mg, Ni",Hexagonal,622,MgNi3B2,(0001),3
MgNi3C (111),5.3508063666391115,"C, Mg, Ni",Cubic,m-3m,MgNi3C,(111),3
MgNiBi (111),8.776319588416941,"Bi, Mg, Ni",Cubic,-43m,MgNiBi,(111),3
MgNiF6 (0001),4.802945592927053,"F, Mg, Ni",Trigonal,-3,MgNiF6,(0001),3
MgNiSb (111),8.533333755263532,"Mg, Ni, Sb",Cubic,-43m,MgNiSb,(111),3
MgO (111),5.931215619675674,"Mg, O",Cubic,m-3m,MgO,(111),2
MgPSe3 (0001),6.423966930498603,"Mg, P, Se",Trigonal,-3,MgPSe3,(0001),3
MgPaAu2 (111),9.84041571249519,"Au, Mg, Pa",Cubic,m-3m,MgPaAu2,(111),3
MgPaPt2 (111),9.579062229659272,"Mg, Pa, Pt",Cubic,m-3m,MgPaPt2,(111),3
MgPaRh2 (111),9.370823270682079,"Mg, Pa, Rh",Cubic,m-3m,MgPaRh2,(111),3
MgPaRu2 (111),9.250694936093826,"Mg, Pa, Ru",Cubic,m-3m,MgPaRu2,(111),3
MgPaTc2 (111),9.229202284058305,"Mg, Pa, Tc",Cubic,m-3m,MgPaTc2,(111),3
MgPbF6 (0001),5.124584485333622,"F, Mg, Pb",Trigonal,-3,MgPbF6,(0001),3
MgPd (111),4.462386748300118,"Mg, Pd",Cubic,m-3m,MgPd,(111),2
MgPd2Au (111),8.981009048369762,"Au, Mg, Pd",Cubic,m-3m,MgPd2Au,(111),3
MgPd5 (0001),4.806060649038154,"Mg, Pd",Trigonal,32,MgPd5,(0001),2
MgPdF6 (0001),4.931299724025061,"F, Mg, Pd",Trigonal,-3,MgPdF6,(0001),3
MgPt (111),7.1308186601448575,"Mg, Pt",Cubic,23,MgPt,(111),2
MgPt3 (111),5.559021708249812,"Mg, Pt",Cubic,m-3m,MgPt3,(111),2
MgPt7 (111),11.134171386093715,"Mg, Pt",Cubic,m-3m,MgPt7,(111),2
MgRh (111),4.3654665209406796,"Mg, Rh",Cubic,m-3m,MgRh,(111),2
MgRh2Pb (111),9.057683465080943,"Mg, Pb, Rh",Cubic,m-3m,MgRh2Pb,(111),3
MgRhF6 (0001),4.978836024348144,"F, Mg, Rh",Trigonal,-3,MgRhF6,(0001),3
MgRu2W (111),8.696677169013963,"Mg, Ru, W",Cubic,m-3m,MgRu2W,(111),3
MgS (111),7.366348689911288,"Mg, S",Cubic,m-3m,MgS,(111),2
MgS2 (0001),6.890758372777457,"Mg, S",Trigonal,2/m,MgS2,(0001),2
MgSbPd (111),8.900855870417313,"Mg, Pd, Sb",Cubic,-43m,MgSbPd,(111),3
MgSbPd2 (111),9.189053920677653,"Mg, Pd, Sb",Cubic,m-3m,MgSbPd2,(111),3
MgSbPt (111),8.889307691164465,"Mg, Pt, Sb",Cubic,-43m,MgSbPt,(111),3
MgSbRh2 (111),8.916747268948342,"Mg, Rh, Sb",Cubic,m-3m,MgSbRh2,(111),3
MgSbRu2 (111),8.846084136689655,"Mg, Ru, Sb",Cubic,m-3m,MgSbRu2,(111),3
MgSc2Al (111),9.799187681912482,"Al, Mg, Sc",Cubic,m-3m,MgSc2Al,(111),3
MgSc2Cd (111),10.042836724417166,"Cd, Mg, Sc",Cubic,m-3m,MgSc2Cd,(111),3
MgSc2Hg (111),9.966433709169573,"Hg, Mg, Sc",Cubic,m-3m,MgSc2Hg,(111),3
MgSc2In (111),10.051430716126777,"In, Mg, Sc",Cubic,m-3m,MgSc2In,(111),3
MgSc2Tl (111),10.08124112179794,"Mg, Sc, Tl",Cubic,m-3m,MgSc2Tl,(111),3
MgScAg2 (111),9.494521815692814,"Ag, Mg, Sc",Cubic,m-3m,MgScAg2,(111),3
MgScAu2 (111),9.405383736866538,"Au, Mg, Sc",Cubic,m-3m,MgScAu2,(111),3
MgScCd2 (111),9.818655604390754,"Cd, Mg, Sc",Cubic,m-3m,MgScCd2,(111),3
MgScHg2 (111),9.765111159612228,"Hg, Mg, Sc",Cubic,m-3m,MgScHg2,(111),3
MgScPd2 (111),9.149361669455141,"Mg, Pd, Sc",Cubic,m-3m,MgScPd2,(111),3
MgScPt2 (111),9.110078267373506,"Mg, Pt, Sc",Cubic,m-3m,MgScPt2,(111),3
MgScRh2 (111),8.916455054779023,"Mg, Rh, Sc",Cubic,m-3m,MgScRh2,(111),3
MgScZn2 (111),9.248787246850998,"Mg, Sc, Zn",Cubic,m-3m,MgScZn2,(111),3
MgSe (0001),4.2214672133339715,"Mg, Se",Hexagonal,6mm,MgSe,(0001),2
MgSe2 (111),9.135816119822694,"Mg, Se",Cubic,m-3,MgSe2,(111),2
MgSi7Ir3 (0001),7.540319526604684,"Ir, Mg, Si",Trigonal,-3m,MgSi7Ir3,(0001),3
MgSiIr2 (111),8.460344178797719,"Ir, Mg, Si",Cubic,m-3m,MgSiIr2,(111),3
MgSiRh2 (111),8.422648995115175,"Mg, Rh, Si",Cubic,m-3m,MgSiRh2,(111),3
MgSnAu (111),9.10567972206848,"Au, Mg, Sn",Cubic,-43m,MgSnAu,(111),3
MgSnF6 (0001),5.156333756631773,"F, Mg, Sn",Trigonal,-3,MgSnF6,(0001),3
MgSnIr2 (111),8.932796386710098,"Ir, Mg, Sn",Cubic,m-3m,MgSnIr2,(111),3
MgSnPd2 (111),9.111279226998828,"Mg, Pd, Sn",Cubic,m-3m,MgSnPd2,(111),3
MgSnRh2 (111),8.895519781955766,"Mg, Rh, Sn",Cubic,m-3m,MgSnRh2,(111),3
MgTa2N3 (0001),5.2132110486347045,"Mg, N, Ta",Hexagonal,6/mmm,MgTa2N3,(0001),3
MgTaIr2 (111),8.888101025037876,"Ir, Mg, Ta",Cubic,m-3m,MgTaIr2,(111),3
MgTaOs2 (111),8.85696368162499,"Mg, Os, Ta",Cubic,m-3m,MgTaOs2,(111),3
MgTaRh2 (111),8.8370302848948,"Mg, Rh, Ta",Cubic,m-3m,MgTaRh2,(111),3
MgTaRu2 (111),8.806852975657016,"Mg, Ru, Ta",Cubic,m-3m,MgTaRu2,(111),3
MgTe (111),9.141473140565,"Mg, Te",Cubic,-43m,MgTe,(111),2
MgTe2 (111),10.023165027645527,"Mg, Te",Cubic,m-3,MgTe2,(111),2
MgTiF6 (0001),5.216560187877352,"F, Mg, Ti",Trigonal,-3,MgTiF6,(0001),3
MgTiIr2 (111),8.7038931436698,"Ir, Mg, Ti",Cubic,m-3m,MgTiIr2,(111),3
MgTiN2 (0001),3.0124432184754353,"Mg, N, Ti",Trigonal,-3m,MgTiN2,(0001),3
MgTiO3 (0001),5.058498038172407,"Mg, O, Ti",Trigonal,-3,MgTiO3,(0001),3
MgTiRh2 (111),6.136185604121955,"Mg, Rh, Ti",Cubic,m-3m,MgTiRh2,(111),3
MgTl (111),5.144629802440379,"Mg, Tl",Cubic,m-3m,MgTl,(111),2
MgTlF3 (111),8.15023496656398,"F, Mg, Tl",Cubic,m-3m,MgTlF3,(111),3
MgTlRh2 (111),9.01257751948885,"Mg, Rh, Tl",Cubic,m-3m,MgTlRh2,(111),3
MgV2O4 (0001),6.060130406827398,"Mg, O, V",Trigonal,3m,MgV2O4,(0001),3
MgVRu2 (111),8.554849113240387,"Mg, Ru, V",Cubic,m-3m,MgVRu2,(111),3
MgWF6 (0001),5.139339476733013,"F, Mg, W",Trigonal,-3,MgWF6,(0001),3
MgZn2 (0001),5.156811700941063,"Mg, Zn",Hexagonal,6/mmm,MgZn2,(0001),2
MgZn2Ir (111),8.679399325942654,"Ir, Mg, Zn",Cubic,m-3m,MgZn2Ir,(111),3
MgZnAg2 (111),9.082085742884448,"Ag, Mg, Zn",Cubic,m-3m,MgZnAg2,(111),3
MgZnAu2 (111),9.062241927940812,"Au, Mg, Zn",Cubic,m-3m,MgZnAu2,(111),3
MgZnPd2 (111),8.728914308589616,"Mg, Pd, Zn",Cubic,m-3m,MgZnPd2,(111),3
MgZnRh2 (111),8.584013675861884,"Mg, Rh, Zn",Cubic,m-3m,MgZnRh2,(111),3
MgZrAu2 (111),9.464050519739684,"Au, Mg, Zr",Cubic,m-3m,MgZrAu2,(111),3
MgZrF6 (111),11.27981418395672,"F, Mg, Zr",Cubic,m-3m,MgZrF6,(111),3
MgZrIr2 (111),9.032713179182016,"Ir, Mg, Zr",Cubic,m-3m,MgZrIr2,(111),3
MgZrPd2 (111),9.220339266241554,"Mg, Pd, Zr",Cubic,m-3m,MgZrPd2,(111),3
MgZrPt2 (111),9.218051436393162,"Mg, Pt, Zr",Cubic,m-3m,MgZrPt2,(111),3
MgZrRh2 (111),9.00775869991215,"Mg, Rh, Zr",Cubic,m-3m,MgZrRh2,(111),3
Mn (111),12.879267180436507,Mn,Cubic,-43m,Mn,(111),1
Mn(AlS2)2 (111),14.313571173960495,"Al, Mn, S",Cubic,m-3m,Mn(AlS2)2,(111),3
Mn(AsO3)2 (0001),4.812973400126605,"As, Mn, O",Trigonal,2/m,Mn(AsO3)2,(0001),3
Mn(CrS2)2 (111),14.320301322050094,"Cr, Mn, S",Cubic,m-3m,Mn(CrS2)2,(111),3
Mn(Cu3O4)2 (111),12.776401270495994,"Cu, Mn, O",Cubic,m-3m,Mn(Cu3O4)2,(111),3
Mn(FeO2)2 (111),8.204232631842713,"Fe, Mn, O",Cubic,m-3m,Mn(FeO2)2,(111),3
Mn(InS2)2 (111),15.196352130404371,"In, Mn, S",Cubic,m-3m,Mn(InS2)2,(111),3
Mn(NO3)2 (111),10.814357015737075,"Mn, N, O",Cubic,m-3,Mn(NO3)2,(111),3
Mn(NbS2)3 (0001),5.842623320215511,"Mn, Nb, S",Hexagonal,622,Mn(NbS2)3,(0001),3
Mn(NbS2)4 (0001),6.7351412127511985,"Mn, Nb, S",Hexagonal,6/mmm,Mn(NbS2)4,(0001),3
Mn(NbSe2)4 (0001),7.020495275917003,"Mn, Nb, Se",Hexagonal,6/mmm,Mn(NbSe2)4,(0001),3
Mn(Ni3O4)2 (111),11.784794812741863,"Mn, Ni, O",Cubic,m-3m,Mn(Ni3O4)2,(111),3
Mn(ReO4)2 (0001),5.943355037364986,"Mn, O, Re",Trigonal,-1,Mn(ReO4)2,(0001),3
Mn(SbO3)2 (0001),8.831315882858949,"Mn, O, Sb",Trigonal,32,Mn(SbO3)2,(0001),3
Mn14Al56Ge3 (0001),11.055770278515604,"Al, Ge, Mn",Trigonal,-3,Mn14Al56Ge3,(0001),3
Mn23C6 (111),14.843867407417896,"C, Mn",Cubic,m-3m,Mn23C6,(111),2
Mn2AlCr (111),8.686861621794414,"Al, Cr, Mn",Cubic,m-3m,Mn2AlCr,(111),3
Mn2AlRe (111),8.199548999191956,"Al, Mn, Re",Cubic,m-3m,Mn2AlRe,(111),3
Mn2AlV (111),8.571146379421279,"Al, Mn, V",Cubic,m-3m,Mn2AlV,(111),3
Mn2AlW (111),8.28666777904106,"Al, Mn, W",Cubic,m-3m,Mn2AlW,(111),3
Mn2CrCo (111),8.323212104010816,"Co, Cr, Mn",Cubic,m-3m,Mn2CrCo,(111),3
Mn2GaCu3 (0001),4.8867430206046985,"Cu, Ga, Mn",Hexagonal,6/mmm,Mn2GaCu3,(0001),3
Mn2GeRu (111),8.497149397885464,"Ge, Mn, Ru",Cubic,-43m,Mn2GeRu,(111),3
Mn2IrRh (111),8.565292401576002,"Ir, Mn, Rh",Cubic,m-3m,Mn2IrRh,(111),3
Mn2Nb (0001),5.088436605382466,"Mn, Nb",Hexagonal,6/mmm,Mn2Nb,(0001),2
Mn2NbAl (111),8.471101125561752,"Al, Mn, Nb",Cubic,m-3m,Mn2NbAl,(111),3
Mn2P (0001),6.077013852636288,"Mn, P",Hexagonal,-6m2,Mn2P,(0001),2
Mn2PdPt (111),8.80229841602658,"Mn, Pd, Pt",Cubic,m-3m,Mn2PdPt,(111),3
Mn2PtRh (111),8.685383514067558,"Mn, Pt, Rh",Cubic,m-3m,Mn2PtRh,(111),3
Mn2SnPd3 (0001),4.47945407443901,"Mn, Pd, Sn",Trigonal,-3m,Mn2SnPd3,(0001),3
Mn2VGa (111),8.5669201959341,"Ga, Mn, V",Cubic,m-3m,Mn2VGa,(111),3
Mn2VGe (111),8.103674281126533,"Ge, Mn, V",Cubic,m-3m,Mn2VGe,(111),3
Mn2VSi (111),7.968015566963693,"Mn, Si, V",Cubic,m-3m,Mn2VSi,(111),3
Mn2ZnSe4 (111),15.08012526607854,"Mn, Se, Zn",Cubic,m-3m,Mn2ZnSe4,(111),3
Mn3Al9Si (0001),7.466524857745551,"Al, Mn, Si",Hexagonal,6/mmm,Mn3Al9Si,(0001),3
Mn3AlC (111),5.601342874061738,"Al, C, Mn",Cubic,m-3m,Mn3AlC,(111),3
Mn3Co (0001),4.974267803744785,"Co, Mn",Hexagonal,6/mmm,Mn3Co,(0001),2
Mn3GaC (111),5.623958444664099,"C, Ga, Mn",Cubic,m-3m,Mn3GaC,(111),3
Mn3GaN (111),5.650106994903979,"Ga, Mn, N",Cubic,m-3m,Mn3GaN,(111),3
Mn3Ge (111),8.15275241785459,"Ge, Mn",Cubic,m-3m,Mn3Ge,(111),2
Mn3Ir (0001),5.489367343846093,"Ir, Mn",Hexagonal,6/mmm,Mn3Ir,(0001),2
Mn3Nb6O11 (0001),6.121204807704105,"Mn, Nb, O",Trigonal,-3m,Mn3Nb6O11,(0001),3
Mn3PtN (111),5.626988053096184,"Mn, N, Pt",Cubic,m-3m,Mn3PtN,(111),3
Mn3SnH (111),5.662368678294006,"H, Mn, Sn",Cubic,m-3m,Mn3SnH,(111),3
Mn3TeO6 (0001),8.85346110037684,"Mn, O, Te",Trigonal,-3,Mn3TeO6,(0001),3
Mn3ZnN (111),5.603720610180336,"Mn, N, Zn",Cubic,m-3m,Mn3ZnN,(111),3
Mn4N (111),5.635659605252767,"Mn, N",Cubic,m-3m,Mn4N,(111),2
Mn4Nb2O9 (0001),5.297423790853444,"Mn, Nb, O",Trigonal,-3m,Mn4Nb2O9,(0001),3
Mn5Ge3 (0001),7.199686359377874,"Ge, Mn",Hexagonal,6/mmm,Mn5Ge3,(0001),2
Mn5Si3 (0001),6.959185871355276,"Mn, Si",Hexagonal,6/mmm,Mn5Si3,(0001),2
Mn6Si7Ni16 (111),15.602137599586962,"Mn, Ni, Si",Cubic,m-3m,Mn6Si7Ni16,(111),3
Mn8Nb3Al (0001),4.898567738612549,"Al, Mn, Nb",Trigonal,3m,Mn8Nb3Al,(0001),3
MnAl12 (111),10.471070872175172,"Al, Mn",Cubic,m-3,MnAl12,(111),2
MnAl2O4 (111),11.577669072246904,"Al, Mn, O",Cubic,m-3m,MnAl2O4,(111),3
MnAlAu2 (111),9.000331129520985,"Al, Au, Mn",Cubic,m-3m,MnAlAu2,(111),3
MnAlCo2 (111),8.00313207563578,"Al, Co, Mn",Cubic,m-3m,MnAlCo2,(111),3
MnAlFe2 (111),7.992941896732206,"Al, Fe, Mn",Cubic,m-3m,MnAlFe2,(111),3
MnAlIr2 (111),8.527772580375192,"Al, Ir, Mn",Cubic,m-3m,MnAlIr2,(111),3
MnAlNi2 (111),8.153364112576062,"Al, Mn, Ni",Cubic,m-3m,MnAlNi2,(111),3
MnAlOs2 (111),8.44240906583116,"Al, Mn, Os",Cubic,m-3m,MnAlOs2,(111),3
MnAlRh2 (111),8.504699927134237,"Al, Mn, Rh",Cubic,m-3m,MnAlRh2,(111),3
MnAlRu2 (111),8.416736260492828,"Al, Mn, Ru",Cubic,m-3m,MnAlRu2,(111),3
MnAsRh (0001),6.50157880857139,"As, Mn, Rh",Hexagonal,-6m2,MnAsRh,(0001),3
MnAsRu (0001),6.549349585801173,"As, Mn, Ru",Hexagonal,-6m2,MnAsRu,(0001),3
MnAu (111),4.536454967405745,"Au, Mn",Cubic,m-3m,MnAu,(111),2
MnBe2 (0001),4.181028489322763,"Be, Mn",Hexagonal,6/mmm,MnBe2,(0001),2
MnBe2Ir (111),7.844193462460614,"Be, Ir, Mn",Cubic,m-3m,MnBe2Ir,(111),3
MnBe2Pt (111),7.947192064217344,"Be, Mn, Pt",Cubic,m-3m,MnBe2Pt,(111),3
MnBe2Rh (111),7.821431426127042,"Be, Mn, Rh",Cubic,m-3m,MnBe2Rh,(111),3
MnBe4Al (111),8.58643753894232,"Al, Be, Mn",Cubic,-43m,MnBe4Al,(111),3
MnBeIr2 (111),8.231539132226802,"Be, Ir, Mn",Cubic,m-3m,MnBeIr2,(111),3
MnBr2 (0001),3.8714174928081713,"Br, Mn",Trigonal,-3m,MnBr2,(0001),2
MnCO3 (0001),4.7777956159384996,"C, Mn, O",Trigonal,-3m,MnCO3,(0001),3
MnCdSe2 (0001),4.269387992190024,"Cd, Mn, Se",Trigonal,3m,MnCdSe2,(0001),3
MnCdTe2 (0001),4.57989026537242,"Cd, Mn, Te",Trigonal,3m,MnCdTe2,(0001),3
MnCl2 (0001),3.6896847357011255,"Cl, Mn",Trigonal,-3m,MnCl2,(0001),2
MnCo (111),4.035599821587864,"Co, Mn",Cubic,m-3m,MnCo,(111),2
MnCo2Ge (111),8.041094188803692,"Co, Ge, Mn",Cubic,m-3m,MnCo2Ge,(111),3
MnCo2Sb (111),8.449189681354902,"Co, Mn, Sb",Cubic,m-3m,MnCo2Sb,(111),3
MnCo2Si (111),7.898287179744602,"Co, Mn, Si",Cubic,m-3m,MnCo2Si,(111),3
MnCo2Sn (111),8.42196033853521,"Co, Mn, Sn",Cubic,m-3m,MnCo2Sn,(111),3
MnCoN2 (0001),2.9948252346831814,"Co, Mn, N",Trigonal,3m,MnCoN2,(0001),3
MnCoO3 (0001),4.925924899271886,"Co, Mn, O",Trigonal,-3,MnCoO3,(0001),3
MnCr2O4 (111),11.956472743058109,"Cr, Mn, O",Cubic,m-3m,MnCr2O4,(111),3
MnCuPd2 (111),8.60509968492968,"Cu, Mn, Pd",Cubic,m-3m,MnCuPd2,(111),3
MnFe2Si (111),7.844287432153652,"Fe, Mn, Si",Cubic,m-3m,MnFe2Si,(111),3
MnFeAs (0001),6.387846129827455,"As, Fe, Mn",Hexagonal,-6m2,MnFeAs,(0001),3
MnGa4 (111),7.840016426794273,"Ga, Mn",Cubic,m-3m,MnGa4,(111),2
MnGaCo2 (111),8.031149756483819,"Co, Ga, Mn",Cubic,m-3m,MnGaCo2,(111),3
MnGaIr2 (111),8.56065182801551,"Ga, Ir, Mn",Cubic,m-3m,MnGaIr2,(111),3
MnGaPt (0001),4.324756704110035,"Ga, Mn, Pt",Hexagonal,6/mmm,MnGaPt,(0001),3
MnGaRh2 (111),8.524095455407394,"Ga, Mn, Rh",Cubic,m-3m,MnGaRh2,(111),3
MnGaRu2 (111),8.438825886156536,"Ga, Mn, Ru",Cubic,m-3m,MnGaRu2,(111),3
MnGe (111),6.682163409706374,"Ge, Mn",Cubic,23,MnGe,(111),2
MnGeO3 (0001),5.0184738315918835,"Ge, Mn, O",Trigonal,-3,MnGeO3,(0001),3
MnGeRh2 (111),8.543418576467346,"Ge, Mn, Rh",Cubic,m-3m,MnGeRh2,(111),3
MnGeRu2 (111),8.447378470867985,"Ge, Mn, Ru",Cubic,m-3m,MnGeRu2,(111),3
MnHg2Te3 (0001),4.612866728414937,"Hg, Mn, Te",Trigonal,3m,MnHg2Te3,(0001),3
MnI2 (0001),4.168581207450842,"I, Mn",Trigonal,-3m,MnI2,(0001),2
MnInPd2 (111),9.025644428541112,"In, Mn, Pd",Cubic,m-3m,MnInPd2,(111),3
MnInRh2 (111),8.851560841956811,"In, Mn, Rh",Cubic,m-3m,MnInRh2,(111),3
MnIr (111),4.276853410000001,"Ir, Mn",Cubic,4/mmm,MnIr,(111),2
MnIr3 (0001),5.470785525924476,"Ir, Mn",Hexagonal,6/mmm,MnIr3,(0001),2
MnMoN2 (0001),2.924959677690377,"Mn, Mo, N",Hexagonal,6/mmm,MnMoN2,(0001),3
MnNbGe (0001),6.623373459459552,"Ge, Mn, Nb",Hexagonal,-6m2,MnNbGe,(0001),3
MnNbRu2 (111),8.769109385097309,"Mn, Nb, Ru",Cubic,m-3m,MnNbRu2,(111),3
MnNbSi (0001),6.486214887098461,"Mn, Nb, Si",Hexagonal,-6m2,MnNbSi,(0001),3
MnNi (111),4.14126449909898,"Mn, Ni",Cubic,m-3m,MnNi,(111),2
MnNi3 (111),5.0112192824973585,"Mn, Ni",Cubic,m-3m,MnNi3,(111),2
MnNiAs (0001),6.1780223077304335,"As, Mn, Ni",Hexagonal,-6m2,MnNiAs,(0001),3
MnNiO3 (0001),4.909953528912462,"Mn, Ni, O",Trigonal,-3,MnNiO3,(0001),3
MnNiSb (111),8.328890908745604,"Mn, Ni, Sb",Cubic,-43m,MnNiSb,(111),3
MnPSe3 (0001),6.399560874562286,"Mn, P, Se",Trigonal,-3,MnPSe3,(0001),3
MnPd2Au (111),8.936386311267661,"Au, Mn, Pd",Cubic,m-3m,MnPd2Au,(111),3
MnPt3 (111),5.530938637165868,"Mn, Pt",Cubic,m-3m,MnPt3,(111),2
MnPtF6 (0001),5.057882733455732,"F, Mn, Pt",Trigonal,-3,MnPtF6,(0001),3
MnRh (111),4.281516922974174,"Mn, Rh",Cubic,m-3m,MnRh,(111),2
MnRu3 (0001),5.389055068599527,"Mn, Ru",Hexagonal,6/mmm,MnRu3,(0001),2
MnS (111),5.1760104989106335,"Mn, S",Cubic,-3m,MnS,(111),2
MnS2 (0001),3.362158190840488,"Mn, S",Trigonal,-3m,MnS2,(0001),2
MnSb (0001),4.153700931627204,"Mn, Sb",Hexagonal,6/mmm,MnSb,(0001),2
MnSbPt (111),8.776776697836127,"Mn, Pt, Sb",Cubic,-43m,MnSbPt,(111),3
MnSbRu2 (111),8.779521544939339,"Mn, Ru, Sb",Cubic,m-3m,MnSbRu2,(111),3
MnSe (0001),4.197961146348588,"Mn, Se",Hexagonal,6mm,MnSe,(0001),2
MnSiRh2 (111),8.419338165608925,"Mn, Rh, Si",Cubic,m-3m,MnSiRh2,(111),3
MnSiRu2 (111),8.322366291163434,"Mn, Ru, Si",Cubic,m-3m,MnSiRu2,(111),3
MnSiTc2 (111),8.380924603856343,"Mn, Si, Tc",Cubic,m-3m,MnSiTc2,(111),3
MnSnF6 (0001),5.266940446067315,"F, Mn, Sn",Trigonal,-3,MnSnF6,(0001),3
MnSnO3 (0001),5.377939012044706,"Mn, O, Sn",Trigonal,-3,MnSnO3,(0001),3
MnSnPd2 (111),9.041495556369881,"Mn, Pd, Sn",Cubic,m-3m,MnSnPd2,(111),3
MnSnRh2 (111),8.855060274769139,"Mn, Rh, Sn",Cubic,m-3m,MnSnRh2,(111),3
MnSnRu2 (111),8.783962316946548,"Mn, Ru, Sn",Cubic,m-3m,MnSnRu2,(111),3
MnTc2Ge (111),8.506896949716932,"Ge, Mn, Tc",Cubic,m-3m,MnTc2Ge,(111),3
MnTe (111),9.022598155959216,"Mn, Te",Cubic,-43m,MnTe,(111),2
MnTe2 (111),9.898641278563447,"Mn, Te",Cubic,m-3,MnTe2,(111),2
MnTlF3 (111),8.471955234008632,"F, Mn, Tl",Cubic,m-3m,MnTlF3,(111),3
MnV (111),4.038666812398446,"Mn, V",Cubic,m-3m,MnV,(111),2
MnV2Cr (111),8.325999009825374,"Cr, Mn, V",Cubic,m-3m,MnV2Cr,(111),3
MnVRu2 (111),8.481595278443729,"Mn, Ru, V",Cubic,m-3m,MnVRu2,(111),3
MnZn3 (111),5.386576206979523,"Mn, Zn",Cubic,m-3m,MnZn3,(111),2
MnZnAu2 (111),8.981328349507875,"Au, Mn, Zn",Cubic,m-3m,MnZnAu2,(111),3
MnZnF6 (0001),4.902530971362041,"F, Mn, Zn",Trigonal,-3,MnZnF6,(0001),3
MnZnIr2 (111),8.500900571075388,"Ir, Mn, Zn",Cubic,m-3m,MnZnIr2,(111),3
MnZnNi2 (111),8.137572956582856,"Mn, Ni, Zn",Cubic,m-3m,MnZnNi2,(111),3
MnZnPd2 (111),8.682599464960134,"Mn, Pd, Zn",Cubic,m-3m,MnZnPd2,(111),3
MnZnSe2 (0001),4.0868564650203005,"Mn, Se, Zn",Trigonal,3m,MnZnSe2,(0001),3
Mo (111),4.479688256482432,Mo,Cubic,m-3m,Mo,(111),1
Mo3Pd2N (111),9.659796443386092,"Mo, N, Pd",Cubic,432,Mo3Pd2N,(111),3
Mo3Pt2N (111),9.699157768635013,"Mo, N, Pt",Cubic,432,Mo3Pt2N,(111),3
MoC (0001),2.9119914325158875,"C, Mo",Hexagonal,-6m2,MoC,(0001),2
MoCl6 (0001),6.1734763145654945,"Cl, Mo",Trigonal,-3m,MoCl6,(0001),2
MoF3 (0001),5.143226367708362,"F, Mo",Trigonal,-3m,MoF3,(0001),2
MoIr3 (0001),5.509024537919038,"Ir, Mo",Hexagonal,6/mmm,MoIr3,(0001),2
MoN (0001),5.7430350750877315,"Mo, N",Hexagonal,6mm,MoN,(0001),2
MoP (0001),3.2347550737724164,"Mo, P",Hexagonal,-6m2,MoP,(0001),2
MoRh3 (0001),5.466477170244998,"Mo, Rh",Hexagonal,6/mmm,MoRh3,(0001),2
MoRu3 (0001),5.464181062573857,"Mo, Ru",Hexagonal,6/mmm,MoRu3,(0001),2
MoS2 (0001),3.184303830965469,"Mo, S",Trigonal,3m,MoS2,(0001),2
MoSe2 (0001),3.3222601882446594,"Mo, Se",Hexagonal,6/mmm,MoSe2,(0001),2
N2 (111),8.223795719003114,N,Cubic,23,N2,(111),1
NO2 (111),10.901146631577504,"N, O",Cubic,m-3,NO2,(111),2
Na (0001),3.6887707040711293,Na,Hexagonal,6/mmm,Na,(0001),1
Na(CuS)4 (0001),3.792883462664281,"Cu, Na, S",Trigonal,-3m,Na(CuS)4,(0001),3
Na(FeSb3)4 (111),12.985596163350511,"Fe, Na, Sb",Cubic,m-3,Na(FeSb3)4,(111),3
Na(MoSe)3 (0001),8.778000716914432,"Mo, Na, Se",Hexagonal,6/m,Na(MoSe)3,(0001),3
Na(ScI3)2 (0001),7.654326952733414,"I, Na, Sc",Trigonal,3m,Na(ScI3)2,(0001),3
Na(SnAs)2 (0001),4.026600225054805,"As, Na, Sn",Trigonal,-3m,Na(SnAs)2,(0001),3
Na(TeMo)3 (0001),9.400463945950797,"Mo, Na, Te",Hexagonal,6/m,Na(TeMo)3,(0001),3
Na(WO3)9 (0001),9.342249969619669,"Na, O, W",Trigonal,-3,Na(WO3)9,(0001),3
Na10CaSn12 (111),15.847595603623938,"Ca, Na, Sn",Cubic,-43m,Na10CaSn12,(111),3
Na10EuSn12 (111),15.873013155334077,"Eu, Na, Sn",Cubic,-43m,Na10EuSn12,(111),3
Na10SrSn12 (111),15.920917688144746,"Na, Sn, Sr",Cubic,-43m,Na10SrSn12,(111),3
Na14Cd2O9 (0001),6.718653370626176,"Cd, Na, O",Trigonal,-3,Na14Cd2O9,(0001),3
Na14Mn2O9 (0001),6.60146463934005,"Mn, Na, O",Trigonal,-3,Na14Mn2O9,(0001),3
Na2(NbS2)3 (0001),5.887827857576969,"Na, Nb, S",Trigonal,32,Na2(NbS2)3,(0001),3
Na2(TaS2)3 (0001),5.835710880075381,"Na, S, Ta",Trigonal,32,Na2(TaS2)3,(0001),3
Na2(TaSe2)3 (0001),6.069698935260445,"Na, Se, Ta",Trigonal,32,Na2(TaSe2)3,(0001),3
Na2CdPb (111),10.408295881564241,"Cd, Na, Pb",Cubic,-43m,Na2CdPb,(111),3
Na2CdSn (0001),4.985329806935262,"Cd, Na, Sn",Hexagonal,6/mmm,Na2CdSn,(0001),3
Na2CeF6 (0001),5.889785640133786,"Ce, F, Na",Trigonal,32,Na2CeF6,(0001),3
Na2GeF6 (0001),8.988770597596503,"F, Ge, Na",Trigonal,32,Na2GeF6,(0001),3
Na2H6Pt (111),10.265255677253988,"H, Na, Pt",Cubic,m-3m,Na2H6Pt,(111),3
Na2LiAu3 (0001),5.537463927955705,"Au, Li, Na",Hexagonal,6/mmm,Na2LiAu3,(0001),3
Na2MgPb (0001),5.083819883836807,"Mg, Na, Pb",Hexagonal,6/mmm,Na2MgPb,(0001),3
Na2MgSn (0001),5.037851051457351,"Mg, Na, Sn",Hexagonal,6/mmm,Na2MgSn,(0001),3
Na2Mn3Cl8 (0001),7.410873100999189,"Cl, Mn, Na",Trigonal,-3m,Na2Mn3Cl8,(0001),3
Na2MoO4 (111),12.772147181917937,"Mo, Na, O",Cubic,m-3m,Na2MoO4,(111),3
Na2Nb3O6 (0001),5.151612708190028,"Na, Nb, O",Trigonal,-3m,Na2Nb3O6,(0001),3
Na2O (111),7.756935560164873,"Na, O",Cubic,m-3m,Na2O,(111),2
Na2O2 (0001),6.135367754434697,"Na, O",Hexagonal,-6m2,Na2O2,(0001),2
Na2OsO4 (0001),9.472870178526385,"Na, O, Os",Hexagonal,-6m2,Na2OsO4,(0001),3
Na2PdF6 (0001),9.18359085396933,"F, Na, Pd",Trigonal,32,Na2PdF6,(0001),3
Na2PtF6 (0001),9.257875356804226,"F, Na, Pt",Trigonal,32,Na2PtF6,(0001),3
Na2ReO3 (0001),5.546031713335385,"Na, O, Re",Hexagonal,6/mmm,Na2ReO3,(0001),3
Na2S (111),9.18999669010016,"Na, S",Cubic,m-3m,Na2S,(111),2
Na2Se (111),9.559448921760836,"Na, Se",Cubic,m-3m,Na2Se,(111),2
Na2SiF6 (0001),8.802639389293116,"F, Na, Si",Trigonal,32,Na2SiF6,(0001),3
Na2Sn3Au (0001),9.674186233303011,"Au, Na, Sn",Hexagonal,6/mmm,Na2Sn3Au,(0001),3
Na2Ta4O11 (0001),6.21812607717739,"Na, O, Ta",Trigonal,-3m,Na2Ta4O11,(0001),3
Na2TcF6 (0001),5.543918594483889,"F, Na, Tc",Trigonal,-3m,Na2TcF6,(0001),3
Na2Te (111),10.275617007342792,"Na, Te",Cubic,m-3m,Na2Te,(111),2
Na2ThF6 (0001),5.906681196789576,"F, Na, Th",Trigonal,32,Na2ThF6,(0001),3
Na2TiF6 (0001),9.133665281229717,"F, Na, Ti",Trigonal,32,Na2TiF6,(0001),3
Na2TlBi (111),10.793734359600855,"Bi, Na, Tl",Cubic,m-3m,Na2TlBi,(111),3
Na2TlSb (111),10.650712226748023,"Na, Sb, Tl",Cubic,m-3m,Na2TlSb,(111),3
Na2UBr6 (0001),6.551205461291084,"Br, Na, U",Trigonal,-3m,Na2UBr6,(0001),3
Na2UCl6 (0001),12.116165521547567,"Cl, Na, U",Trigonal,-3m,Na2UCl6,(0001),3
Na2UF6 (0001),6.059483029732469,"F, Na, U",Trigonal,3,Na2UF6,(0001),3
Na2UI6 (0001),7.812211484787197,"I, Na, U",Trigonal,-3,Na2UI6,(0001),3
Na2V3O7 (0001),11.09423495074108,"Na, O, V",Trigonal,-3,Na2V3O7,(0001),3
Na2WO4 (111),12.833822643833312,"Na, O, W",Cubic,m-3m,Na2WO4,(111),3
Na3(GePt)4 (111),10.798205655571495,"Ge, Na, Pt",Cubic,-43m,Na3(GePt)4,(111),3
Na3As (0001),8.722957504657762,"As, Na",Hexagonal,6mm,Na3As,(0001),2
Na3AsS3 (111),12.042486929217416,"As, Na, S",Cubic,23,Na3AsS3,(111),3
Na3AsSe3 (111),12.564913640187603,"As, Na, Se",Cubic,23,Na3AsSe3,(111),3
Na3AuS2 (0001),7.557100315736592,"Au, Na, S",Trigonal,-3m,Na3AuS2,(0001),3
Na3Bi (0001),5.4200394548584185,"Bi, Na",Hexagonal,6/mmm,Na3Bi,(0001),2
Na3BiO3 (111),13.566100009703074,"Bi, Na, O",Cubic,-43m,Na3BiO3,(111),3
Na3Cd (111),10.963667562332082,"Cd, Na",Cubic,m-3m,Na3Cd,(111),2
Na3CrCl6 (0001),6.783397659372393,"Cl, Cr, Na",Trigonal,-3m,Na3CrCl6,(0001),3
Na3GdCl6 (0001),7.005136300526001,"Cl, Gd, Na",Trigonal,-3,Na3GdCl6,(0001),3
Na3InCl6 (0001),6.892444867888957,"Cl, In, Na",Trigonal,-3m,Na3InCl6,(0001),3
Na3MoCl6 (0001),6.832110316218799,"Cl, Mo, Na",Trigonal,-3m,Na3MoCl6,(0001),3
Na3OsO5 (0001),5.504553936018824,"Na, O, Os",Trigonal,32,Na3OsO5,(0001),3
Na3P (0001),4.9202171123485225,"Na, P",Hexagonal,6/mmm,Na3P,(0001),2
Na3P6N11 (111),14.412906609237151,"N, Na, P",Cubic,23,Na3P6N11,(111),3
Na3P6N11 (111),14.280269357699813,"N, Na, P",Cubic,432,Na3P6N11,(111),3
Na3PSe4 (111),10.286994261028006,"Na, P, Se",Cubic,-43m,Na3PSe4,(111),3
Na3ReO5 (0001),5.48410775617308,"Na, O, Re",Trigonal,32,Na3ReO5,(0001),3
Na3Sb (0001),5.320681413350564,"Na, Sb",Hexagonal,6/mmm,Na3Sb,(0001),2
Na3SbO3 (111),13.35275396533034,"Na, O, Sb",Cubic,-43m,Na3SbO3,(111),3
Na3SbS3 (111),12.216909057927653,"Na, S, Sb",Cubic,23,Na3SbS3,(111),3
Na3SbS4 (111),10.135663535585827,"Na, S, Sb",Cubic,-43m,Na3SbS4,(111),3
Na3SbSe3 (111),12.71694650546377,"Na, Sb, Se",Cubic,23,Na3SbSe3,(111),3
Na3SbSe4 (111),10.593746548270015,"Na, Sb, Se",Cubic,-43m,Na3SbSe4,(111),3
Na3ScBr6 (0001),7.238492874375835,"Br, Na, Sc",Trigonal,-3m,Na3ScBr6,(0001),3
Na3Sm7Cl24 (0001),7.550648014692844,"Cl, Na, Sm",Hexagonal,-6,Na3Sm7Cl24,(0001),3
Na3Sm7Cl24 (0001),7.537368410132128,"Cl, Na, Sm",Hexagonal,-6,Na3Sm7Cl24,(0001),3
Na4CdP2 (0001),4.9874879546379995,"Cd, Na, P",Trigonal,-3m,Na4CdP2,(0001),3
Na4H6Ru (0001),9.054398204631942,"H, Na, Ru",Trigonal,-3m,Na4H6Ru,(0001),3
Na4HgP2 (0001),4.968844478624643,"Hg, Na, P",Trigonal,-3m,Na4HgP2,(0001),3
Na5Sn2 (0001),5.403219685976744,"Na, Sn",Trigonal,-3m,Na5Sn2,(0001),2
Na6CdCl8 (111),15.847616838712362,"Cd, Cl, Na",Cubic,m-3m,Na6CdCl8,(111),3
Na6MgCl8 (111),15.702220939069335,"Cl, Mg, Na",Cubic,m-3m,Na6MgCl8,(111),3
Na6MnCl8 (111),15.732872164714239,"Cl, Mn, Na",Cubic,m-3m,Na6MnCl8,(111),3
Na6MnS4 (0001),8.940769771803847,"Mn, Na, S",Hexagonal,6mm,Na6MnS4,(0001),3
Na6MnSe4 (0001),9.327338884891782,"Mn, Na, Se",Hexagonal,6mm,Na6MnSe4,(0001),3
Na6MnTe4 (0001),10.032761893950777,"Mn, Na, Te",Hexagonal,6mm,Na6MnTe4,(0001),3
Na6P4W (0001),9.099968232849818,"Na, P, W",Hexagonal,6mm,Na6P4W,(0001),3
Na6S2O9 (111),13.530085156513026,"Na, O, S",Cubic,m-3m,Na6S2O9,(111),3
Na6ZnO4 (0001),7.509923974556044,"Na, O, Zn",Hexagonal,6mm,Na6ZnO4,(0001),3
Na6ZnS4 (0001),8.873449274058128,"Na, S, Zn",Hexagonal,6mm,Na6ZnS4,(0001),3
Na6ZnSe4 (0001),9.269399054055294,"Na, Se, Zn",Hexagonal,6mm,Na6ZnSe4,(0001),3
Na7Ga13 (0001),15.094766396054373,"Ga, Na",Trigonal,-3m,Na7Ga13,(0001),2
Na8CoO6 (0001),6.254236854392199,"Co, Na, O",Hexagonal,6mm,Na8CoO6,(0001),3
Na8Hg3 (0001),9.156753914267888,"Hg, Na",Trigonal,-3m,Na8Hg3,(0001),2
Na9Sn4 (0001),5.380142576663591,"Na, Sn",Hexagonal,6/mmm,Na9Sn4,(0001),2
NaAc2Pb (111),11.770387389064318,"Ac, Na, Pb",Cubic,m-3m,NaAc2Pb,(111),3
NaAcHg2 (111),10.930001359951651,"Ac, Hg, Na",Cubic,m-3m,NaAcHg2,(111),3
NaAcIn2 (111),11.181982792941183,"Ac, In, Na",Cubic,m-3m,NaAcIn2,(111),3
NaAcTl2 (111),11.22917091344714,"Ac, Na, Tl",Cubic,m-3m,NaAcTl2,(111),3
NaAg2 (111),11.190152284044244,"Ag, Na",Cubic,m-3m,NaAg2,(111),2
NaAl11O17 (0001),5.591195139277183,"Al, Na, O",Hexagonal,6/mmm,NaAl11O17,(0001),3
NaAsF6 (0001),5.096634051865061,"As, F, Na",Trigonal,-3,NaAsF6,(0001),3
NaAu2 (111),11.090588678878609,"Au, Na",Cubic,m-3m,NaAu2,(111),2
NaBC (0001),2.8066259670674834,"B, C, Na",Hexagonal,6/mmm,NaBC,(0001),3
NaBO2 (0001),11.838750620628142,"B, Na, O",Trigonal,-3m,NaBO2,(0001),3
NaBPt3 (0001),5.554828762800156,"B, Na, Pt",Hexagonal,6/mmm,NaBPt3,(0001),3
NaBeAs (0001),3.8181499235205165,"As, Be, Na",Hexagonal,6/mmm,NaBeAs,(0001),3
NaBiF6 (0001),5.2747993172177985,"Bi, F, Na",Trigonal,-3,NaBiF6,(0001),3
NaBiO3 (0001),5.602285076395728,"Bi, Na, O",Trigonal,-3,NaBiO3,(0001),3
NaBiS2 (0001),4.038025313634785,"Bi, Na, S",Trigonal,-3m,NaBiS2,(0001),3
NaBiSe2 (0001),4.195551491404389,"Bi, Na, Se",Trigonal,-3m,NaBiSe2,(0001),3
NaBiTe2 (0001),4.481605181090844,"Bi, Na, Te",Trigonal,-3m,NaBiTe2,(0001),3
NaBr (111),8.376506441882276,"Br, Na",Cubic,m-3m,NaBr,(111),2
NaBrO3 (111),9.390595913756634,"Br, Na, O",Cubic,23,NaBrO3,(111),3
NaCO3 (0001),5.04523612964014,"C, Na, O",Trigonal,-3m,NaCO3,(0001),3
NaCa2Tl (111),11.126955573523619,"Ca, Na, Tl",Cubic,m-3m,NaCa2Tl,(111),3
NaCaAs (111),9.788505116814529,"As, Ca, Na",Cubic,-43m,NaCaAs,(111),3
NaCd2Pt (111),9.46736390897924,"Cd, Na, Pt",Cubic,m-3m,NaCd2Pt,(111),3
NaCd2Rh (111),9.3945694154607,"Cd, Na, Rh",Cubic,m-3m,NaCd2Rh,(111),3
NaCd4As3 (0001),4.54467050762481,"As, Cd, Na",Trigonal,-3m,NaCd4As3,(0001),3
NaCdF3 (0001),5.726242152820296,"Cd, F, Na",Trigonal,3m,NaCdF3,(0001),3
NaCeHg2 (111),10.55083854164279,"Ce, Hg, Na",Cubic,m-3m,NaCeHg2,(111),3
NaCeS2 (0001),4.16993967052849,"Ce, Na, S",Trigonal,-3m,NaCeS2,(0001),3
NaCeSe2 (0001),4.3014103696936425,"Ce, Na, Se",Trigonal,-3m,NaCeSe2,(0001),3
NaCeTl2 (111),10.797528864294327,"Ce, Na, Tl",Cubic,m-3m,NaCeTl2,(111),3
NaCl (111),7.902804193254776,"Cl, Na",Cubic,m-3m,NaCl,(111),2
NaCl7 (111),8.407416430124176,"Cl, Na",Cubic,m-3,NaCl7,(111),2
NaCoO2 (0001),2.8813691643751906,"Co, Na, O",Trigonal,-3m,NaCoO2,(0001),3
NaCrO2 (0001),2.9908043831003264,"Cr, Na, O",Trigonal,-3m,NaCrO2,(0001),3
NaCrS2 (0001),3.5732435024177183,"Cr, Na, S",Trigonal,-3m,NaCrS2,(0001),3
NaCrSe2 (0001),3.757760781135729,"Cr, Na, Se",Trigonal,-3m,NaCrSe2,(0001),3
NaDyS2 (0001),3.967093446078795,"Dy, Na, S",Trigonal,-3m,NaDyS2,(0001),3
NaDySe2 (0001),4.116627860194909,"Dy, Na, Se",Trigonal,-3m,NaDySe2,(0001),3
NaDyTl2 (111),10.583827052884132,"Dy, Na, Tl",Cubic,m-3m,NaDyTl2,(111),3
NaErS2 (0001),3.9300998660090323,"Er, Na, S",Trigonal,-3m,NaErS2,(0001),3
NaErSe2 (0001),4.0815849450739785,"Er, Na, Se",Trigonal,-3m,NaErSe2,(0001),3
NaErTl2 (111),10.524938577892947,"Er, Na, Tl",Cubic,m-3m,NaErTl2,(111),3
NaEu2Cl6 (0001),13.017649482485307,"Cl, Eu, Na",Trigonal,3,NaEu2Cl6,(0001),3
NaEuS2 (0001),4.116215398153962,"Eu, Na, S",Trigonal,-3m,NaEuS2,(0001),3
NaEuTl2 (111),10.884617257105326,"Eu, Na, Tl",Cubic,m-3m,NaEuTl2,(111),3
NaF (111),6.465485532155395,"F, Na",Cubic,m-3m,NaF,(111),2
NaFeO2 (0001),3.0180059891253,"Fe, Na, O",Trigonal,-3m,NaFeO2,(0001),3
NaGa3Te5 (0001),14.801527829362282,"Ga, Na, Te",Trigonal,32,NaGa3Te5,(0001),3
NaGdS2 (0001),4.020110533482038,"Gd, Na, S",Trigonal,-3m,NaGdS2,(0001),3
NaGdSe2 (0001),4.1707075728769185,"Gd, Na, Se",Trigonal,-3m,NaGdSe2,(0001),3
NaGeAu3 (111),12.849259647536885,"Au, Ge, Na",Cubic,m-3,NaGeAu3,(111),3
NaH (111),6.749819768832732,"H, Na",Cubic,m-3m,NaH,(111),2
NaHF2 (0001),3.394584196533481,"F, H, Na",Trigonal,-3m,NaHF2,(0001),3
NaHg2 (0001),5.105739132774255,"Hg, Na",Hexagonal,6/mmm,NaHg2,(0001),2
NaHg3 (0001),6.594621525520992,"Hg, Na",Hexagonal,6/mmm,NaHg3,(0001),2
NaHgPd2 (111),9.228906402296783,"Hg, Na, Pd",Cubic,m-3m,NaHgPd2,(111),3
NaHoS2 (0001),3.9455928805374576,"Ho, Na, S",Trigonal,-3m,NaHoS2,(0001),3
NaHoSe2 (0001),4.098760344517762,"Ho, Na, Se",Trigonal,-3m,NaHoSe2,(0001),3
NaHoTl2 (111),10.547254132516143,"Ho, Na, Tl",Cubic,m-3m,NaHoTl2,(111),3
NaI (111),9.103735876834804,"I, Na",Cubic,m-3m,NaI,(111),2
NaIn (111),10.34628323309329,"In, Na",Cubic,m-3m,NaIn,(111),2
NaIn3 (111),6.573237895131681,"In, Na",Cubic,m-3m,NaIn3,(111),2
NaInHg2 (111),10.285987340971598,"Hg, In, Na",Cubic,m-3m,NaInHg2,(111),3
NaInO2 (0001),3.2457541004580754,"In, Na, O",Trigonal,-3m,NaInO2,(0001),3
NaInS2 (0001),3.8168111607953596,"In, Na, S",Trigonal,-3m,NaInS2,(0001),3
NaInSe2 (0001),3.996856224578365,"In, Na, Se",Trigonal,-3m,NaInSe2,(0001),3
NaLaAu2 (111),10.269385129309299,"Au, La, Na",Cubic,m-3m,NaLaAu2,(111),3
NaLaHg2 (111),10.645883818803368,"Hg, La, Na",Cubic,m-3m,NaLaHg2,(111),3
NaLaSe2 (0001),4.373467334175714,"La, Na, Se",Trigonal,-3m,NaLaSe2,(0001),3
NaLi2Bi (111),9.834619303651362,"Bi, Li, Na",Cubic,m-3m,NaLi2Bi,(111),3
NaLi2Sb (111),9.610495664277705,"Li, Na, Sb",Cubic,m-3m,NaLi2Sb,(111),3
NaLuO2 (0001),3.2940275244782895,"Lu, Na, O",Trigonal,-3m,NaLuO2,(0001),3
NaLuS2 (0001),3.8754610815211166,"Lu, Na, S",Trigonal,-3m,NaLuS2,(0001),3
NaMgPb2 (111),10.582670028200209,"Mg, Na, Pb",Cubic,m-3m,NaMgPb2,(111),3
NaMgTl2 (111),10.435907837876055,"Mg, Na, Tl",Cubic,m-3m,NaMgTl2,(111),3
NaMoF6 (111),8.26646521513534,"F, Mo, Na",Cubic,m-3m,NaMoF6,(111),3
NaNO3 (0001),5.067785586910886,"N, Na, O",Trigonal,2/m,NaNO3,(0001),3
NaNbO2 (0001),2.9750813216821745,"Na, Nb, O",Hexagonal,6/mmm,NaNbO2,(0001),3
NaNbO3 (0001),5.509011226275136,"Na, Nb, O",Trigonal,3m,NaNbO3,(0001),3
NaNbS2 (0001),3.426692771606144,"Na, Nb, S",Hexagonal,6/mmm,NaNbS2,(0001),3
NaNbSe2 (0001),3.5745049706748255,"Na, Nb, Se",Hexagonal,6/mmm,NaNbSe2,(0001),3
NaNdHg2 (111),10.481634029252335,"Hg, Na, Nd",Cubic,m-3m,NaNdHg2,(111),3
NaNdS2 (0001),4.121989076352577,"Na, Nd, S",Trigonal,-3m,NaNdS2,(0001),3
NaNdSe2 (0001),4.266642009617511,"Na, Nd, Se",Trigonal,-3m,NaNdSe2,(0001),3
NaPF6 (111),10.902167136013773,"F, Na, P",Cubic,m-3m,NaPF6,(111),3
NaPaO3 (111),6.119991145804513,"Na, O, Pa",Cubic,m-3m,NaPaO3,(111),3
NaPb3 (111),6.925960746384044,"Na, Pb",Cubic,m-3m,NaPb3,(111),2
NaPd3O4 (111),8.017409351508533,"Na, O, Pd",Cubic,m-3m,NaPd3O4,(111),3
NaPmAu2 (111),10.06232234787713,"Au, Na, Pm",Cubic,m-3m,NaPmAu2,(111),3
NaPmHg2 (111),10.425415165202843,"Hg, Na, Pm",Cubic,m-3m,NaPmHg2,(111),3
NaPmTl2 (111),10.719005419918885,"Na, Pm, Tl",Cubic,m-3m,NaPmTl2,(111),3
NaPrHg2 (111),10.538465530617044,"Hg, Na, Pr",Cubic,m-3m,NaPrHg2,(111),3
NaPrS2 (0001),4.156009004061353,"Na, Pr, S",Trigonal,-3m,NaPrS2,(0001),3
NaPrSe2 (0001),4.303160475141688,"Na, Pr, Se",Trigonal,-3m,NaPrSe2,(0001),3
NaPt2 (111),10.613252808380357,"Na, Pt",Cubic,m-3m,NaPt2,(111),2
NaPt2Se3 (0001),7.4230421967647,"Na, Pt, Se",Hexagonal,6mm,NaPt2Se3,(0001),3
NaPt3O4 (111),8.077342760616508,"Na, O, Pt",Cubic,m-3m,NaPt3O4,(111),3
NaPuO3 (111),5.948868999589263,"Na, O, Pu",Cubic,m-3m,NaPuO3,(111),3
NaRhO2 (0001),3.1173379381712683,"Na, O, Rh",Trigonal,-3m,NaRhO2,(0001),3
NaS (0001),4.45154721903268,"Na, S",Hexagonal,6/mmm,NaS,(0001),2
NaSb3F10 (0001),8.153898606456977,"F, Na, Sb",Hexagonal,6,NaSb3F10,(0001),3
NaSbF6 (111),11.694430839624411,"F, Na, Sb",Cubic,m-3m,NaSbF6,(111),3
NaSbO3 (0001),5.307710492031825,"Na, O, Sb",Trigonal,-3,NaSbO3,(0001),3
NaSbSe2 (0001),4.116624459433353,"Na, Sb, Se",Trigonal,-3m,NaSbSe2,(0001),3
NaSbTe2 (0001),4.401092918715644,"Na, Sb, Te",Trigonal,-3m,NaSbTe2,(0001),3
NaScO2 (0001),3.1625814166058586,"Na, O, Sc",Trigonal,-3m,NaScO2,(0001),3
NaScS2 (0001),3.7588863822528844,"Na, S, Sc",Trigonal,-3m,NaScS2,(0001),3
NaSe (0001),4.6485298670438855,"Na, Se",Hexagonal,6/mmm,NaSe,(0001),2
NaSiAu3 (111),12.684107674585873,"Au, Na, Si",Cubic,m-3,NaSiAu3,(111),3
NaSmAu2 (111),10.027278805192843,"Au, Na, Sm",Cubic,m-3m,NaSmAu2,(111),3
NaSmS2 (0001),4.060615341666929,"Na, S, Sm",Trigonal,-3m,NaSmS2,(0001),3
NaSmSe2 (0001),4.2107339047551395,"Na, Se, Sm",Trigonal,-3m,NaSmSe2,(0001),3
NaSmTe2 (0001),4.494325786176798,"Na, Sm, Te",Trigonal,-3m,NaSmTe2,(0001),3
NaSn2Pd3 (0001),5.7711146411551075,"Na, Pd, Sn",Hexagonal,6mm,NaSn2Pd3,(0001),3
NaSnP (0001),3.902264619232145,"Na, P, Sn",Hexagonal,6mm,NaSnP,(0001),3
NaSnSb (0001),4.326099768612133,"Na, Sb, Sn",Hexagonal,6mm,NaSnSb,(0001),3
NaSr2Tl (111),11.788017343028388,"Na, Sr, Tl",Cubic,m-3m,NaSr2Tl,(111),3
NaSrAs (0001),7.82717408386236,"As, Na, Sr",Hexagonal,-6m2,NaSrAs,(0001),3
NaSrP (0001),7.66479932631214,"Na, P, Sr",Hexagonal,-6m2,NaSrP,(0001),3
NaTaN2 (0001),3.1246283752831823,"N, Na, Ta",Trigonal,-3m,NaTaN2,(0001),3
NaTbS2 (0001),3.9892963437019597,"Na, S, Tb",Trigonal,-3m,NaTbS2,(0001),3
NaTbSe2 (0001),4.135098339999402,"Na, Se, Tb",Trigonal,-3m,NaTbSe2,(0001),3
NaTbTl2 (111),10.602136197053666,"Na, Tb, Tl",Cubic,m-3m,NaTbTl2,(111),3
NaTcO3 (111),5.395753529046464,"Na, O, Tc",Cubic,m-3m,NaTcO3,(111),3
NaTe3 (0001),9.089731990783532,"Na, Te",Trigonal,-3m,NaTe3,(0001),2
NaTeAu (0001),4.657112940181368,"Au, Na, Te",Hexagonal,6/mmm,NaTeAu,(0001),3
NaTiS2 (0001),3.586209546588865,"Na, S, Ti",Trigonal,-3m,NaTiS2,(0001),3
NaTl (111),10.576485676473526,"Na, Tl",Cubic,m-3m,NaTl,(111),2
NaTl2Cd (111),10.570696702211464,"Cd, Na, Tl",Cubic,m-3m,NaTl2Cd,(111),3
NaTl2In (111),10.670618781704798,"In, Na, Tl",Cubic,m-3m,NaTl2In,(111),3
NaTl3F6 (111),12.373522490221672,"F, Na, Tl",Cubic,m-3m,NaTl3F6,(111),3
NaTlO (0001),3.484386617753086,"Na, O, Tl",Hexagonal,6mm,NaTlO,(0001),3
NaTlO2 (0001),3.368557482291428,"Na, O, Tl",Trigonal,-3m,NaTlO2,(0001),3
NaTlPd2 (111),9.304443734735276,"Na, Pd, Tl",Cubic,m-3m,NaTlPd2,(111),3
NaTmS2 (0001),3.9109835231248082,"Na, S, Tm",Trigonal,-3m,NaTmS2,(0001),3
NaTmTl2 (111),10.505241595246686,"Na, Tl, Tm",Cubic,m-3m,NaTmTl2,(111),3
NaUF6 (111),12.248479725791812,"F, Na, U",Cubic,m-3m,NaUF6,(111),3
NaVO2 (0001),2.9965110860160324,"Na, O, V",Trigonal,-3m,NaVO2,(0001),3
NaYS2 (0001),3.975520649188188,"Na, S, Y",Trigonal,-3m,NaYS2,(0001),3
NaYSe2 (0001),4.123714778678401,"Na, Se, Y",Trigonal,-3m,NaYSe2,(0001),3
NaYTl2 (111),10.604638053982587,"Na, Tl, Y",Cubic,m-3m,NaYTl2,(111),3
NaYbO2 (0001),3.312604529947478,"Na, O, Yb",Trigonal,-3m,NaYbO2,(0001),3
NaYbPb2 (111),10.712469355323455,"Na, Pb, Yb",Cubic,m-3m,NaYbPb2,(111),3
NaYbS2 (0001),3.894591556423393,"Na, S, Yb",Trigonal,-3m,NaYbS2,(0001),3
NaYbSe2 (0001),4.055125132378741,"Na, Se, Yb",Trigonal,-3m,NaYbSe2,(0001),3
NaZn4As3 (0001),4.199150545548493,"As, Na, Zn",Trigonal,-3m,NaZn4As3,(0001),3
Nb (111),4.691840705768849,Nb,Cubic,m-3m,Nb,(111),1
Nb(ZnGa)3 (0001),5.406037921117836,"Ga, Nb, Zn",Trigonal,-3m,Nb(ZnGa)3,(0001),3
Nb10Ge6C (0001),7.696818028103487,"C, Ge, Nb",Trigonal,-3m,Nb10Ge6C,(0001),3
Nb2(Co7B2)3 (111),14.797543881380182,"B, Co, Nb",Cubic,m-3m,Nb2(Co7B2)3,(111),3
Nb2(Ni7B2)3 (111),14.762951446762898,"B, Nb, Ni",Cubic,m-3m,Nb2(Ni7B2)3,(111),3
Nb2AgS4 (0001),3.3976048927911475,"Ag, Nb, S",Trigonal,3m,Nb2AgS4,(0001),3
Nb2Al3Ir (0001),5.186609619646015,"Al, Ir, Nb",Hexagonal,6/mmm,Nb2Al3Ir,(0001),3
Nb2AlC (0001),3.1225695161560347,"Al, C, Nb",Hexagonal,6/mmm,Nb2AlC,(0001),3
Nb2AsC (0001),3.3572416770548865,"As, C, Nb",Hexagonal,6/mmm,Nb2AsC,(0001),3
Nb2Co12P7 (0001),8.811501073421805,"Co, Nb, P",Hexagonal,-6,Nb2Co12P7,(0001),3
Nb2Co3Si (0001),4.831858552842193,"Co, Nb, Si",Hexagonal,6/mmm,Nb2Co3Si,(0001),3
Nb2F5 (111),11.662105880724312,"F, Nb",Cubic,m-3m,Nb2F5,(111),2
Nb2GaC (0001),3.149748947828579,"C, Ga, Nb",Hexagonal,6/mmm,Nb2GaC,(0001),3
Nb2GeC (0001),3.2785799930394894,"C, Ge, Nb",Hexagonal,6/mmm,Nb2GeC,(0001),3
Nb2InC (0001),3.193760170095865,"C, In, Nb",Hexagonal,6/mmm,Nb2InC,(0001),3
Nb2MoOs (111),9.070235147848159,"Mo, Nb, Os",Cubic,m-3m,Nb2MoOs,(111),3
Nb2MoRu (111),9.049896296089633,"Mo, Nb, Ru",Cubic,m-3m,Nb2MoRu,(111),3
Nb2N (0001),5.334667979959453,"N, Nb",Trigonal,-3m,Nb2N,(0001),2
Nb2PC (0001),3.3203160753321512,"C, Nb, P",Hexagonal,6/mmm,Nb2PC,(0001),3
Nb2ReRu (111),9.020522740987891,"Nb, Re, Ru",Cubic,m-3m,Nb2ReRu,(111),3
Nb2ReTc (111),9.038347064463972,"Nb, Re, Tc",Cubic,m-3m,Nb2ReTc,(111),3
Nb2SnC (0001),3.2832070688109285,"C, Nb, Sn",Hexagonal,6/mmm,Nb2SnC,(0001),3
Nb2TcOs (111),9.016881508760306,"Nb, Os, Tc",Cubic,m-3m,Nb2TcOs,(111),3
Nb3(BiS3)2 (0001),5.797731005604607,"Bi, Nb, S",Hexagonal,6/mmm,Nb3(BiS3)2,(0001),3
Nb3(Ni10B3)2 (111),14.869707687368498,"B, Nb, Ni",Cubic,m-3m,Nb3(Ni10B3)2,(111),3
Nb3Al2C (111),10.083632613500455,"Al, C, Nb",Cubic,432,Nb3Al2C,(111),3
Nb3Al2N (111),9.989189013499988,"Al, N, Nb",Cubic,432,Nb3Al2N,(111),3
Nb3AlC2 (0001),3.1333116426518783,"Al, C, Nb",Hexagonal,6/mmm,Nb3AlC2,(0001),3
Nb3Bi (111),7.602429806965445,"Bi, Nb",Cubic,m-3m,Nb3Bi,(111),2
Nb3Br8 (0001),7.1506425650781855,"Br, Nb",Trigonal,-3m,Nb3Br8,(0001),2
Nb3Cl8 (0001),6.801299015412734,"Cl, Nb",Trigonal,-3m,Nb3Cl8,(0001),2
Nb3CoS6 (0001),5.829848222522099,"Co, Nb, S",Hexagonal,622,Nb3CoS6,(0001),3
Nb3CrS6 (0001),5.804315476225574,"Cr, Nb, S",Hexagonal,622,Nb3CrS6,(0001),3
Nb3CrSe6 (0001),6.0574182868515285,"Cr, Nb, Se",Hexagonal,622,Nb3CrSe6,(0001),3
Nb3FeS6 (0001),5.786141530631767,"Fe, Nb, S",Hexagonal,622,Nb3FeS6,(0001),3
Nb3GeS6 (0001),5.829451477342218,"Ge, Nb, S",Hexagonal,6/mmm,Nb3GeS6,(0001),3
Nb3I8 (0001),7.698825792872762,"I, Nb",Trigonal,-3m,Nb3I8,(0001),2
Nb3In (111),7.535004196102765,"In, Nb",Cubic,m-3m,Nb3In,(111),2
Nb3Ir (111),7.314464402845975,"Ir, Nb",Cubic,m-3m,Nb3Ir,(111),2
Nb3NiS6 (0001),5.819543290810023,"Nb, Ni, S",Hexagonal,622,Nb3NiS6,(0001),3
Nb3Os (111),7.3129976653918956,"Nb, Os",Cubic,m-3m,Nb3Os,(111),2
Nb3PbS6 (0001),5.864666814644098,"Nb, Pb, S",Hexagonal,6/mmm,Nb3PbS6,(0001),3
Nb3Pt (111),7.346503750512793,"Nb, Pt",Cubic,m-3m,Nb3Pt,(111),2
Nb3Rh (111),7.313550269341393,"Nb, Rh",Cubic,m-3m,Nb3Rh,(111),2
Nb3Ru (111),9.141064393631884,"Nb, Ru",Cubic,m-3m,Nb3Ru,(111),2
Nb3S4 (0001),9.674664179500734,"Nb, S",Hexagonal,6/m,Nb3S4,(0001),2
Nb3SBr7 (0001),7.179972587156113,"Br, Nb, S",Trigonal,3m,Nb3SBr7,(0001),3
Nb3Sb (111),7.4988298953975265,"Nb, Sb",Cubic,m-3m,Nb3Sb,(111),2
Nb3Se4 (0001),10.156571367096163,"Nb, Se",Hexagonal,6/m,Nb3Se4,(0001),2
Nb3Sn (111),7.530071301346047,"Nb, Sn",Cubic,m-3m,Nb3Sn,(111),2
Nb3SnS6 (0001),5.850173236312352,"Nb, S, Sn",Hexagonal,622,Nb3SnS6,(0001),3
Nb3Te4 (0001),10.838740098756125,"Nb, Te",Hexagonal,6/m,Nb3Te4,(0001),2
Nb3TeCl7 (0001),6.958292696337974,"Cl, Nb, Te",Trigonal,-3m,Nb3TeCl7,(0001),3
Nb3VS6 (0001),5.819844627101141,"Nb, S, V",Hexagonal,622,Nb3VS6,(0001),3
Nb3VSe6 (0001),6.076081835264498,"Nb, Se, V",Hexagonal,622,Nb3VSe6,(0001),3
Nb4CoS8 (0001),6.7155644302815745,"Co, Nb, S",Hexagonal,6/mmm,Nb4CoS8,(0001),3
Nb4CoSe8 (0001),6.995896837779694,"Co, Nb, Se",Hexagonal,6/mmm,Nb4CoSe8,(0001),3
Nb4CrS8 (0001),6.700302300199803,"Cr, Nb, S",Hexagonal,6/mmm,Nb4CrS8,(0001),3
Nb4FeS8 (0001),6.729895924613924,"Fe, Nb, S",Hexagonal,6/mmm,Nb4FeS8,(0001),3
Nb4FeSe8 (0001),7.000451470915394,"Fe, Nb, Se",Hexagonal,6/mmm,Nb4FeSe8,(0001),3
Nb4H3S8 (0001),3.3558492752483415,"H, Nb, S",Hexagonal,-6m2,Nb4H3S8,(0001),3
Nb4NiS8 (0001),6.712817085993606,"Nb, Ni, S",Hexagonal,6/mmm,Nb4NiS8,(0001),3
Nb4NiSe8 (0001),6.986511402483083,"Nb, Ni, Se",Hexagonal,6/mmm,Nb4NiSe8,(0001),3
Nb4VS8 (0001),6.707212869691509,"Nb, S, V",Hexagonal,6/mmm,Nb4VS8,(0001),3
Nb4VSe8 (0001),6.995167324843155,"Nb, Se, V",Hexagonal,6/mmm,Nb4VSe8,(0001),3
Nb5Ge3B (0001),7.758605826830563,"B, Ge, Nb",Hexagonal,6/mmm,Nb5Ge3B,(0001),3
Nb5N6 (0001),5.25040674204734,"N, Nb",Hexagonal,6/mmm,Nb5N6,(0001),2
Nb5Si3B (0001),7.653326971900859,"B, Nb, Si",Hexagonal,6/mmm,Nb5Si3B,(0001),3
Nb6Co16Si7 (111),15.710644995802914,"Co, Nb, Si",Cubic,m-3m,Nb6Co16Si7,(111),3
Nb6Fe16Si7 (111),15.7719917086463,"Fe, Nb, Si",Cubic,m-3m,Nb6Fe16Si7,(111),3
Nb6OsAu (111),7.356801502130705,"Au, Nb, Os",Cubic,m-3,Nb6OsAu,(111),3
Nb6Si7Ni16 (111),15.81761795223046,"Nb, Ni, Si",Cubic,m-3m,Nb6Si7Ni16,(111),3
Nb6TlS8 (0001),9.752357312146417,"Nb, S, Tl",Hexagonal,-6,Nb6TlS8,(0001),3
Nb6Zn7 (0001),5.098423695477643,"Nb, Zn",Trigonal,-3m,Nb6Zn7,(0001),2
Nb7(B4Ru3)2 (0001),9.635096041611726,"B, Nb, Ru",Hexagonal,6/m,Nb7(B4Ru3)2,(0001),3
Nb7Co6 (0001),4.976044210292997,"Co, Nb",Trigonal,-3m,Nb7Co6,(0001),2
Nb7Ni6 (0001),4.94412232414919,"Nb, Ni",Trigonal,-3m,Nb7Ni6,(0001),2
NbAlCo2 (111),8.411553355198306,"Al, Co, Nb",Cubic,m-3m,NbAlCo2,(111),3
NbAlFe2 (111),8.329168064428751,"Al, Fe, Nb",Cubic,m-3m,NbAlFe2,(111),3
NbAlOs2 (111),8.785905304959892,"Al, Nb, Os",Cubic,m-3m,NbAlOs2,(111),3
NbAlRu2 (111),8.73079045003595,"Al, Nb, Ru",Cubic,m-3m,NbAlRu2,(111),3
NbAu2 (0001),4.676468693193037,"Au, Nb",Hexagonal,6/mmm,NbAu2,(0001),2
NbB2 (0001),3.111093954860542,"B, Nb",Hexagonal,6/mmm,NbB2,(0001),2
NbCo3 (0001),5.141581325332037,"Co, Nb",Hexagonal,6/mmm,NbCo3,(0001),2
NbCoSn (111),8.404152043384558,"Co, Nb, Sn",Cubic,-43m,NbCoSn,(111),3
NbCu3S4 (111),7.751662882941507,"Cu, Nb, S",Cubic,-43m,NbCu3S4,(111),3
NbCu3Se4 (111),8.011901626079018,"Cu, Nb, Se",Cubic,-43m,NbCu3Se4,(111),3
NbCu3Te4 (111),8.445518709322787,"Cu, Nb, Te",Cubic,-43m,NbCu3Te4,(111),3
NbFe (0001),4.926311486939923,"Fe, Nb",Trigonal,-3m,NbFe,(0001),2
NbFe2 (111),9.772067798714419,"Fe, Nb",Cubic,m-3m,NbFe2,(111),2
NbFeB (0001),6.013429131564238,"B, Fe, Nb",Hexagonal,-6m2,NbFeB,(0001),3
NbFeSb (111),8.402327906113298,"Fe, Nb, Sb",Cubic,-43m,NbFeSb,(111),3
NbGaCo2 (111),8.399586481935616,"Co, Ga, Nb",Cubic,m-3m,NbGaCo2,(111),3
NbGaFe2 (111),8.325657741329628,"Fe, Ga, Nb",Cubic,m-3m,NbGaFe2,(111),3
NbGaOs2 (111),8.803863017059177,"Ga, Nb, Os",Cubic,m-3m,NbGaOs2,(111),3
NbGaRu2 (111),8.736013976867632,"Ga, Nb, Ru",Cubic,m-3m,NbGaRu2,(111),3
NbGe2 (0001),4.988854242874607,"Ge, Nb",Hexagonal,622,NbGe2,(0001),2
NbGeRu2 (111),8.754223046217572,"Ge, Nb, Ru",Cubic,m-3m,NbGeRu2,(111),3
NbH2 (111),6.461706474776558,"H, Nb",Cubic,m-3m,NbH2,(111),2
NbHg3F6 (0001),5.126585763998025,"F, Hg, Nb",Trigonal,-3m,NbHg3F6,(0001),3
NbInRu2 (111),8.994928417073147,"In, Nb, Ru",Cubic,m-3m,NbInRu2,(111),3
NbInS2 (0001),3.3388606146647524,"In, Nb, S",Hexagonal,-6m2,NbInS2,(0001),3
NbIr3 (0001),5.5653206813291405,"Ir, Nb",Hexagonal,6/mmm,NbIr3,(0001),2
NbN (0001),2.9720477118016015,"N, Nb",Hexagonal,-6m2,NbN,(0001),2
NbO (111),6.010190544161695,"Nb, O",Cubic,m-3m,NbO,(111),2
NbPbS2 (0001),3.3873374791842714,"Nb, Pb, S",Hexagonal,6/mmm,NbPbS2,(0001),3
NbRh3 (0001),5.494403756779849,"Nb, Rh",Hexagonal,6/mmm,NbRh3,(0001),2
NbS2 (0001),3.368767642752209,"Nb, S",Hexagonal,6/mmm,NbS2,(0001),2
NbSI (0001),7.725113620759496,"I, Nb, S",Trigonal,3m,NbSI,(0001),3
NbSbRu (111),8.733731081390461,"Nb, Ru, Sb",Cubic,-43m,NbSbRu,(111),3
NbSe2 (0001),3.499048034275849,"Nb, Se",Hexagonal,6/mmm,NbSe2,(0001),2
NbSeF9 (0001),12.70032355869083,"F, Nb, Se",Trigonal,3,NbSeF9,(0001),3
NbSeI (0001),7.82708178986601,"I, Nb, Se",Trigonal,3m,NbSeI,(0001),3
NbSi2 (0001),4.8058628540933315,"Nb, Si",Hexagonal,622,NbSi2,(0001),2
NbSiTc2 (111),8.70719888963375,"Nb, Si, Tc",Cubic,m-3m,NbSiTc2,(111),3
NbSnRu2 (111),9.020939622861805,"Nb, Ru, Sn",Cubic,m-3m,NbSnRu2,(111),3
NbSnS2 (0001),3.35555096913874,"Nb, S, Sn",Hexagonal,6/mmm,NbSnS2,(0001),3
NbTc2Ge (111),8.80372911931909,"Ge, Nb, Tc",Cubic,m-3m,NbTc2Ge,(111),3
NbTc2Sn (111),9.07301631195565,"Nb, Sn, Tc",Cubic,m-3m,NbTc2Sn,(111),3
NbTl3S4 (111),10.947171553086596,"Nb, S, Tl",Cubic,-43m,NbTl3S4,(111),3
NbTl3Se4 (111),11.2536138695305,"Nb, Se, Tl",Cubic,-43m,NbTl3Se4,(111),3
NbZn2 (0001),5.028447545063754,"Nb, Zn",Hexagonal,6/mmm,NbZn2,(0001),2
NbZn3 (111),5.529551651928615,"Nb, Zn",Cubic,m-3m,NbZn3,(111),2
NbZnCo2 (111),8.347294718484418,"Co, Nb, Zn",Cubic,m-3m,NbZnCo2,(111),3
NbZnRh2 (111),8.747681686237629,"Nb, Rh, Zn",Cubic,m-3m,NbZnRh2,(111),3
NbZnRu2 (111),8.722499746997673,"Nb, Ru, Zn",Cubic,m-3m,NbZnRu2,(111),3
Nd (0001),3.7100737557193577,Nd,Hexagonal,6/mmm,Nd,(0001),1
Nd(AlGe)2 (0001),4.254421993837633,"Al, Ge, Nd",Trigonal,-3m,Nd(AlGe)2,(0001),3
Nd(As3Os)4 (111),12.116731509520108,"As, Nd, Os",Cubic,m-3,Nd(As3Os)4,(111),3
Nd(ClO4)3 (0001),9.263028054639513,"Cl, Nd, O",Hexagonal,6/m,Nd(ClO4)3,(0001),3
Nd(Co2B)6 (0001),9.387188967222649,"B, Co, Nd",Trigonal,-3m,Nd(Co2B)6,(0001),3
Nd(FeAs3)4 (111),11.732101691193025,"As, Fe, Nd",Cubic,m-3,Nd(FeAs3)4,(111),3
Nd(FeP3)4 (111),10.998293763915703,"Fe, Nd, P",Cubic,m-3,Nd(FeP3)4,(111),3
Nd(FeSb3)4 (111),12.917928727774466,"Fe, Nd, Sb",Cubic,m-3,Nd(FeSb3)4,(111),3
Nd(MnGe)6 (0001),5.2270367188087,"Ge, Mn, Nd",Hexagonal,6/mmm,Nd(MnGe)6,(0001),3
Nd(Mo3S4)2 (0001),9.16282694542811,"Mo, Nd, S",Trigonal,-3,Nd(Mo3S4)2,(0001),3
Nd(Sb3Os)4 (111),13.238320928406463,"Nd, Os, Sb",Cubic,m-3,Nd(Sb3Os)4,(111),3
Nd(Sb3Ru)4 (111),13.195365916789926,"Nd, Ru, Sb",Cubic,m-3,Nd(Sb3Ru)4,(111),3
Nd(ZnP)3 (0001),4.019688188038011,"Nd, P, Zn",Hexagonal,6/mmm,Nd(ZnP)3,(0001),3
Nd12(MnC3)5 (0001),10.769273128325825,"C, Mn, Nd",Hexagonal,-6m2,Nd12(MnC3)5,(0001),3
Nd12(OsC3)5 (0001),10.963556254454465,"C, Nd, Os",Hexagonal,-6m2,Nd12(OsC3)5,(0001),3
Nd12(ReC3)5 (0001),11.006663892700992,"C, Nd, Re",Hexagonal,-6m2,Nd12(ReC3)5,(0001),3
Nd12Co6Sn (111),14.18873556340818,"Co, Nd, Sn",Cubic,m-3,Nd12Co6Sn,(111),3
Nd12InNi6 (111),14.18257178363878,"In, Nd, Ni",Cubic,m-3,Nd12InNi6,(111),3
Nd12Ni6Pb (111),14.215599549381375,"Nd, Ni, Pb",Cubic,m-3,Nd12Ni6Pb,(111),3
Nd14Ag51 (0001),12.837705148715855,"Ag, Nd",Hexagonal,-6,Nd14Ag51,(0001),2
Nd14Au51 (0001),12.899360498871143,"Au, Nd",Hexagonal,-6,Nd14Au51,(0001),2
Nd15Ge9C (0001),15.346956327977662,"C, Ge, Nd",Hexagonal,6mm,Nd15Ge9C,(0001),3
Nd2(Zn2Ge)3 (0001),7.594982583038846,"Ge, Nd, Zn",Hexagonal,-6m2,Nd2(Zn2Ge)3,(0001),3
Nd23Cd4Ir7 (0001),10.051214145979927,"Cd, Ir, Nd",Hexagonal,6mm,Nd23Cd4Ir7,(0001),3
Nd23Cd4Ni7 (0001),9.943362393597795,"Cd, Nd, Ni",Hexagonal,6mm,Nd23Cd4Ni7,(0001),3
Nd23Cd4Pt7 (0001),10.098375500750617,"Cd, Nd, Pt",Hexagonal,6mm,Nd23Cd4Pt7,(0001),3
Nd23Cd4Rh7 (0001),9.973790033513218,"Cd, Nd, Rh",Hexagonal,6mm,Nd23Cd4Rh7,(0001),3
Nd23Cd4Ru7 (0001),10.0284925050448,"Cd, Nd, Ru",Hexagonal,6mm,Nd23Cd4Ru7,(0001),3
Nd23Mg4Ni7 (0001),9.96006588126386,"Mg, Nd, Ni",Hexagonal,6mm,Nd23Mg4Ni7,(0001),3
Nd23Mg4Pt7 (0001),10.137568494858671,"Mg, Nd, Pt",Hexagonal,6mm,Nd23Mg4Pt7,(0001),3
Nd23Mg4Rh7 (0001),10.080084079062253,"Mg, Nd, Rh",Hexagonal,6mm,Nd23Mg4Rh7,(0001),3
Nd2CdIn (111),10.93151878281981,"Cd, In, Nd",Cubic,m-3m,Nd2CdIn,(111),3
Nd2Co12P7 (0001),8.978388570557554,"Co, Nd, P",Hexagonal,-6,Nd2Co12P7,(0001),3
Nd2Co17 (0001),8.354058655971379,"Co, Nd",Trigonal,-3m,Nd2Co17,(0001),2
Nd2Co2I (0001),4.054039743445088,"Co, I, Nd",Hexagonal,6/mmm,Nd2Co2I,(0001),3
Nd2Fe12P7 (0001),9.178326924051444,"Fe, Nd, P",Hexagonal,-6,Nd2Fe12P7,(0001),3
Nd2Hf2O7 (111),15.045067764939706,"Hf, Nd, O",Cubic,m-3m,Nd2Hf2O7,(111),3
Nd2In (0001),5.573419025435376,"In, Nd",Hexagonal,6/mmm,Nd2In,(0001),2
Nd2InHg (111),10.900268481467982,"Hg, In, Nd",Cubic,m-3m,Nd2InHg,(111),3
Nd2Ir2O7 (111),14.72209763645186,"Ir, Nd, O",Cubic,m-3m,Nd2Ir2O7,(111),3
Nd2MgAl (111),10.738801383375087,"Al, Mg, Nd",Cubic,m-3m,Nd2MgAl,(111),3
Nd2MgIn (111),10.953313850283507,"In, Mg, Nd",Cubic,m-3m,Nd2MgIn,(111),3
Nd2Ni12As7 (0001),9.366067288497343,"As, Nd, Ni",Hexagonal,-6,Nd2Ni12As7,(0001),3
Nd2Ni12P7 (0001),9.096369,"Nd, Ni, P",Hexagonal,-6,Nd2Ni12P7,(0001),3
Nd2O3 (111),15.737715357947655,"Nd, O",Cubic,m-3,Nd2O3,(111),2
Nd2P7Rh12 (0001),9.560947884531537,"Nd, P, Rh",Trigonal,-3,Nd2P7Rh12,(0001),3
Nd2Pt2O7 (111),14.753311349234263,"Nd, O, Pt",Cubic,m-3m,Nd2Pt2O7,(111),3
Nd2SO2 (0001),3.9686744679195907,"Nd, O, S",Trigonal,-3m,Nd2SO2,(0001),3
Nd2SeO2 (0001),4.000934983996496,"Nd, O, Se",Trigonal,-3m,Nd2SeO2,(0001),3
Nd2Si3Pd (0001),8.247183630343748,"Nd, Pd, Si",Hexagonal,6/mmm,Nd2Si3Pd,(0001),3
Nd2Si3Pd (0001),8.237661410187442,"Nd, Pd, Si",Hexagonal,6/mmm,Nd2Si3Pd,(0001),3
Nd2Si3Rh (0001),8.277597934911583,"Nd, Rh, Si",Hexagonal,6/mmm,Nd2Si3Rh,(0001),3
Nd2Si3Rh (0001),8.218713292883702,"Nd, Rh, Si",Hexagonal,6/mmm,Nd2Si3Rh,(0001),3
Nd2Sn2O7 (111),15.017121434165109,"Nd, O, Sn",Cubic,m-3m,Nd2Sn2O7,(111),3
Nd2TeS2 (0001),4.649965045825805,"Nd, S, Te",Trigonal,-3m,Nd2TeS2,(0001),3
Nd2TlAg (111),10.819800719718444,"Ag, Nd, Tl",Cubic,m-3m,Nd2TlAg,(111),3
Nd2Zn17 (0001),8.952771431294929,"Nd, Zn",Trigonal,-3m,Nd2Zn17,(0001),2
Nd2Zr2O7 (111),15.137598485533577,"Nd, O, Zr",Cubic,m-3m,Nd2Zr2O7,(111),3
Nd3(Al3Os)4 (0001),8.86020767100965,"Al, Nd, Os",Hexagonal,6/mmm,Nd3(Al3Os)4,(0001),3
Nd3(Al3Ru)4 (0001),8.849340507864307,"Al, Nd, Ru",Hexagonal,6/mmm,Nd3(Al3Ru)4,(0001),3
Nd3(GaNi3)2 (111),12.813951500784135,"Ga, Nd, Ni",Cubic,m-3m,Nd3(GaNi3)2,(111),3
Nd3Al (0001),7.129760142865697,"Al, Nd",Hexagonal,6/mmm,Nd3Al,(0001),2
Nd3Au4 (0001),13.853861725072173,"Au, Nd",Trigonal,-3,Nd3Au4,(0001),2
Nd3Bi4Au3 (111),14.535477573490338,"Au, Bi, Nd",Cubic,-43m,Nd3Bi4Au3,(111),3
Nd3Co4Sn13 (111),13.549575912598074,"Co, Nd, Sn",Cubic,m-3m,Nd3Co4Sn13,(111),3
Nd3Cu3Bi4 (111),14.082906294986964,"Bi, Cu, Nd",Cubic,-43m,Nd3Cu3Bi4,(111),3
Nd3Cu3Sb4 (111),13.791203251656341,"Cu, Nd, Sb",Cubic,-43m,Nd3Cu3Sb4,(111),3
Nd3In (111),7.060909478134587,"In, Nd",Cubic,m-3m,Nd3In,(111),2
Nd3InC (111),7.256603603852253,"C, In, Nd",Cubic,m-3m,Nd3InC,(111),3
Nd3InN (111),7.111040680771127,"In, N, Nd",Cubic,m-3m,Nd3InN,(111),3
Nd3PbN (111),7.099455631829974,"N, Nd, Pb",Cubic,m-3m,Nd3PbN,(111),3
Nd3Pd4 (0001),13.676898430787121,"Nd, Pd",Trigonal,-3,Nd3Pd4,(0001),2
Nd3Rh2 (0001),8.869925106136375,"Nd, Rh",Trigonal,-3,Nd3Rh2,(0001),2
Nd3Sb5O12 (111),15.574706880382452,"Nd, O, Sb",Cubic,-43m,Nd3Sb5O12,(111),3
Nd3Sn13Ir4 (111),13.816670032518534,"Ir, Nd, Sn",Cubic,m-3m,Nd3Sn13Ir4,(111),3
Nd3Sn13Rh4 (111),13.79958454123976,"Nd, Rh, Sn",Cubic,m-3m,Nd3Sn13Rh4,(111),3
Nd3SnN (111),7.071099504391408,"N, Nd, Sn",Cubic,m-3m,Nd3SnN,(111),3
Nd4Os6O19 (111),12.697435607766968,"Nd, O, Os",Cubic,23,Nd4Os6O19,(111),3
Nd5(FeB3)2 (0001),5.45549091461955,"B, Fe, Nd",Trigonal,-3m,Nd5(FeB3)2,(0001),3
Nd5Bi3 (0001),9.539394864189497,"Bi, Nd",Hexagonal,6/mmm,Nd5Bi3,(0001),2
Nd5Ge3 (0001),8.825723145686803,"Ge, Nd",Hexagonal,6/mmm,Nd5Ge3,(0001),2
Nd5Ni19 (0001),4.979059806457637,"Nd, Ni",Trigonal,-3m,Nd5Ni19,(0001),2
Nd5P12Ru19 (0001),12.626927136479763,"Nd, P, Ru",Hexagonal,-6m2,Nd5P12Ru19,(0001),3
Nd5Pb3 (0001),9.36524787601174,"Nd, Pb",Hexagonal,6/mmm,Nd5Pb3,(0001),2
Nd5Sb3 (0001),9.34429086640197,"Nd, Sb",Hexagonal,6/mmm,Nd5Sb3,(0001),2
Nd5Sn3 (0001),9.28872702102058,"Nd, Sn",Hexagonal,6/mmm,Nd5Sn3,(0001),2
Nd6Al43V4 (0001),11.069459754838734,"Al, Nd, V",Hexagonal,6/mmm,Nd6Al43V4,(0001),3
Nd6Ge3S14 (0001),10.252281024277016,"Ge, Nd, S",Trigonal,3,Nd6Ge3S14,(0001),3
Nd6Ge3Se14 (0001),10.668266986152707,"Ge, Nd, Se",Trigonal,3,Nd6Ge3Se14,(0001),3
Nd6Ni20P13 (0001),12.711719139611962,"Nd, Ni, P",Hexagonal,-6,Nd6Ni20P13,(0001),3
Nd6Ti4Al43 (0001),11.079327694273736,"Al, Nd, Ti",Hexagonal,6/mmm,Nd6Ti4Al43,(0001),3
Nd6Zn4Pd13 (111),13.729332341728496,"Nd, Pd, Zn",Cubic,m-3m,Nd6Zn4Pd13,(111),3
Nd7Pd3 (0001),10.228982,"Nd, Pd",Hexagonal,6mm,Nd7Pd3,(0001),2
Nd7Pt3 (0001),10.17494,"Nd, Pt",Hexagonal,6mm,Nd7Pt3,(0001),2
Nd7Rh3 (0001),10.173839966550794,"Nd, Rh",Hexagonal,6mm,Nd7Rh3,(0001),2
Nd8Ga3Co (0001),10.450962179273397,"Co, Ga, Nd",Hexagonal,6mm,Nd8Ga3Co,(0001),3
NdAg (111),5.280492648839324,"Ag, Nd",Cubic,m-3m,NdAg,(111),2
NdAgHg2 (111),10.165219951558779,"Ag, Hg, Nd",Cubic,m-3m,NdAgHg2,(111),3
NdAgPb (0001),4.856843496650529,"Ag, Nd, Pb",Hexagonal,6mm,NdAgPb,(0001),3
NdAgSn (0001),4.7842787335410115,"Ag, Nd, Sn",Hexagonal,6mm,NdAgSn,(0001),3
NdAl2 (111),11.338510170275736,"Al, Nd",Cubic,m-3m,NdAl2,(111),2
NdAl2Pt3 (0001),5.581766550321328,"Al, Nd, Pt",Hexagonal,6/mmm,NdAl2Pt3,(0001),3
NdAl3 (0001),6.507199170013002,"Al, Nd",Hexagonal,6/mmm,NdAl3,(0001),2
NdAl3Ni2 (0001),5.310009237507781,"Al, Nd, Ni",Hexagonal,6/mmm,NdAl3Ni2,(0001),3
NdAl3Pd2 (0001),5.4598964602613576,"Al, Nd, Pd",Hexagonal,6/mmm,NdAl3Pd2,(0001),3
NdAl7Au3 (0001),8.105843817876895,"Al, Au, Nd",Trigonal,-3m,NdAl7Au3,(0001),3
NdAlCu (0001),7.219298712655956,"Al, Cu, Nd",Hexagonal,-6m2,NdAlCu,(0001),3
NdAlH6 (0001),6.419228499639798,"Al, H, Nd",Trigonal,-3m,NdAlH6,(0001),3
NdAlNi (0001),7.006715568030813,"Al, Nd, Ni",Hexagonal,-6m2,NdAlNi,(0001),3
NdAlO3 (0001),5.331038585718854,"Al, Nd, O",Trigonal,-3m,NdAlO3,(0001),3
NdAlPd (0001),7.230917380543325,"Al, Nd, Pd",Hexagonal,-6m2,NdAlPd,(0001),3
NdAs (111),8.548518056568549,"As, Nd",Cubic,m-3m,NdAs,(111),2
NdAsPd (0001),4.361531858536299,"As, Nd, Pd",Hexagonal,6/mmm,NdAsPd,(0001),3
NdB2Rh3 (0001),5.442591621932674,"B, Nd, Rh",Hexagonal,6/mmm,NdB2Rh3,(0001),3
NdB6 (111),5.840112200692559,"B, Nd",Cubic,m-3m,NdB6,(111),2
NdBN2 (0001),12.135298417853926,"B, N, Nd",Trigonal,-3m,NdBN2,(0001),3
NdBPt2 (0001),5.453841382546221,"B, Nd, Pt",Hexagonal,622,NdBPt2,(0001),3
NdBPt4 (0001),5.455279103408145,"B, Nd, Pt",Hexagonal,6/mmm,NdBPt4,(0001),3
NdBRh3 (111),5.986582294633496,"B, Nd, Rh",Cubic,m-3m,NdBRh3,(111),3
NdBe13 (111),14.592536301772196,"Be, Nd",Cubic,m-3m,NdBe13,(111),2
NdBi (111),9.212127336787388,"Bi, Nd",Cubic,m-3m,NdBi,(111),2
NdBiPd (111),9.65530828108241,"Bi, Nd, Pd",Cubic,-43m,NdBiPd,(111),3
NdCO4 (0001),12.54171902385829,"C, Nd, O",Hexagonal,-6,NdCO4,(0001),3
NdCd (111),5.437096026074912,"Cd, Nd",Cubic,m-3m,NdCd,(111),2
NdCd11 (111),13.208990294686336,"Cd, Nd",Cubic,m-3m,NdCd11,(111),2
NdCd2 (0001),5.039429349523132,"Cd, Nd",Hexagonal,6/mmm,NdCd2,(0001),2
NdCd3 (111),10.258086915569233,"Cd, Nd",Cubic,m-3m,NdCd3,(111),2
NdCdAg2 (111),10.024224217035199,"Ag, Cd, Nd",Cubic,m-3m,NdCdAg2,(111),3
NdCdAu (0001),7.809179997735963,"Au, Cd, Nd",Hexagonal,-6m2,NdCdAu,(0001),3
NdCdAu2 (111),10.012218901535674,"Au, Cd, Nd",Cubic,m-3m,NdCdAu2,(111),3
NdCdGa (0001),7.396303140872055,"Cd, Ga, Nd",Hexagonal,-6m2,NdCdGa,(0001),3
NdCdHg2 (111),10.30640420075022,"Cd, Hg, Nd",Cubic,m-3m,NdCdHg2,(111),3
NdCdIn (0001),4.901346009920467,"Cd, In, Nd",Trigonal,-3m,NdCdIn,(0001),3
NdCdNi4 (111),9.99133747454655,"Cd, Nd, Ni",Cubic,-43m,NdCdNi4,(111),3
NdCdPd (0001),7.697221778623122,"Cd, Nd, Pd",Hexagonal,-6m2,NdCdPd,(0001),3
NdCl3 (0001),7.474769861164252,"Cl, Nd",Hexagonal,6/m,NdCl3,(0001),2
NdCu4Ag (111),10.153972315117429,"Ag, Cu, Nd",Cubic,-43m,NdCu4Ag,(111),3
NdCu5 (0001),5.067205452979442,"Cu, Nd",Hexagonal,6/mmm,NdCu5,(0001),2
NdCuGe (0001),4.17119416297375,"Cu, Ge, Nd",Hexagonal,-6m2,NdCuGe,(0001),3
NdCuO2 (0001),3.743035890843022,"Cu, Nd, O",Trigonal,-3m,NdCuO2,(0001),3
NdCuSi (0001),4.177465791137518,"Cu, Nd, Si",Hexagonal,6/mmm,NdCuSi,(0001),3
NdCuSn (0001),4.583057751833726,"Cu, Nd, Sn",Hexagonal,6mm,NdCuSn,(0001),3
NdDyMg2 (111),10.855494451798977,"Dy, Mg, Nd",Cubic,m-3m,NdDyMg2,(111),3
NdDyTl2 (111),10.832384901113326,"Dy, Nd, Tl",Cubic,m-3m,NdDyTl2,(111),3
NdEuB12 (111),11.709206412606935,"B, Eu, Nd",Cubic,m-3m,NdEuB12,(111),3
NdF3 (0001),7.002723653614571,"F, Nd",Trigonal,-3m,NdF3,(0001),2
NdGa2 (0001),4.2384917956504236,"Ga, Nd",Hexagonal,6/mmm,NdGa2,(0001),2
NdGa2Ni3 (0001),8.823393851869913,"Ga, Nd, Ni",Hexagonal,-6m2,NdGa2Ni3,(0001),3
NdGa2Pt3 (0001),5.584433125919144,"Ga, Nd, Pt",Hexagonal,6/mmm,NdGa2Pt3,(0001),3
NdGa3 (0001),6.466598636444231,"Ga, Nd",Hexagonal,6/mmm,NdGa3,(0001),2
NdGdHg2 (111),10.685950016376045,"Gd, Hg, Nd",Cubic,m-3m,NdGdHg2,(111),3
NdGdIr2 (111),9.887604144126419,"Gd, Ir, Nd",Cubic,m-3m,NdGdIr2,(111),3
NdGeAu (0001),4.454555412154578,"Au, Ge, Nd",Hexagonal,6mm,NdGeAu,(0001),3
NdH2 (111),7.761576795654455,"H, Nd",Cubic,m-3m,NdH2,(111),2
NdH3 (0001),6.670836197375606,"H, Nd",Trigonal,-3m,NdH3,(0001),2
NdHSe (0001),4.012117913139365,"H, Nd, Se",Hexagonal,6/mmm,NdHSe,(0001),3
NdHg (111),5.397639906090908,"Hg, Nd",Cubic,m-3m,NdHg,(111),2
NdHg2 (0001),4.99178242936534,"Hg, Nd",Hexagonal,6/mmm,NdHg2,(0001),2
NdHg3 (0001),6.772418321520019,"Hg, Nd",Hexagonal,6/mmm,NdHg3,(0001),2
NdHoIn2 (111),10.736381267990067,"Ho, In, Nd",Cubic,m-3m,NdHoIn2,(111),3
NdHoTl2 (111),10.81390138441155,"Ho, Nd, Tl",Cubic,m-3m,NdHoTl2,(111),3
NdI3 (0001),11.048757506297097,"I, Nd",Hexagonal,6/mmm,NdI3,(0001),2
NdIn (111),5.46995014460142,"In, Nd",Cubic,m-3m,NdIn,(111),2
NdIn3 (111),6.644844237125794,"In, Nd",Cubic,m-3m,NdIn3,(111),2
NdInAg2 (111),10.026585243162758,"Ag, In, Nd",Cubic,m-3m,NdInAg2,(111),3
NdInAu (0001),7.811245453882056,"Au, In, Nd",Hexagonal,-6m2,NdInAu,(0001),3
NdInAu2 (111),10.025900680600023,"Au, In, Nd",Cubic,m-3m,NdInAu2,(111),3
NdInCu (0001),7.578718060472442,"Cu, In, Nd",Hexagonal,-6m2,NdInCu,(0001),3
NdInNi (0001),7.571902304755479,"In, Nd, Ni",Hexagonal,-6m2,NdInNi,(0001),3
NdInNi4 (111),10.011057973622322,"In, Nd, Ni",Cubic,-43m,NdInNi4,(111),3
NdInPd (0001),7.811114304210353,"In, Nd, Pd",Hexagonal,-6m2,NdInPd,(0001),3
NdInPt (0001),7.761060341154465,"In, Nd, Pt",Hexagonal,-6m2,NdInPt,(0001),3
NdInPt4 (111),10.833838514665544,"In, Nd, Pt",Cubic,-43m,NdInPt4,(111),3
NdInRh (0001),7.580925086406007,"In, Nd, Rh",Hexagonal,-6m2,NdInRh,(0001),3
NdIr2 (111),10.829718586961723,"Ir, Nd",Cubic,m-3m,NdIr2,(111),2
NdIr3 (0001),5.355971562475489,"Ir, Nd",Trigonal,-3m,NdIr3,(0001),2
NdLu3 (0001),7.139149141535702,"Lu, Nd",Hexagonal,6/mmm,NdLu3,(0001),2
NdMg (111),5.503376411508857,"Mg, Nd",Cubic,m-3m,NdMg,(111),2
NdMg2Cu9 (0001),5.004757010874059,"Cu, Mg, Nd",Hexagonal,6/mmm,NdMg2Cu9,(0001),3
NdMg3 (111),10.449769846820436,"Mg, Nd",Cubic,m-3m,NdMg3,(111),2
NdMgAg (0001),7.7991762262303475,"Ag, Mg, Nd",Hexagonal,-6m2,NdMgAg,(0001),3
NdMgAg2 (111),10.053090211128083,"Ag, Mg, Nd",Cubic,m-3m,NdMgAg2,(111),3
NdMgAu (0001),7.7665188071612015,"Au, Mg, Nd",Hexagonal,-6m2,NdMgAu,(0001),3
NdMgAu2 (111),9.977139362405278,"Au, Mg, Nd",Cubic,m-3m,NdMgAu2,(111),3
NdMgCd2 (111),10.330583915122793,"Cd, Mg, Nd",Cubic,m-3m,NdMgCd2,(111),3
NdMgCu4 (111),10.269781613201921,"Cu, Mg, Nd",Cubic,-43m,NdMgCu4,(111),3
NdMgGa (0001),7.441794520237086,"Ga, Mg, Nd",Hexagonal,-6m2,NdMgGa,(0001),3
NdMgHg2 (111),10.297085933528118,"Hg, Mg, Nd",Cubic,m-3m,NdMgHg2,(111),3
NdMgIn (0001),7.695003565687804,"In, Mg, Nd",Hexagonal,-6m2,NdMgIn,(0001),3
NdMgNi4 (111),9.935972201214387,"Mg, Nd, Ni",Cubic,-43m,NdMgNi4,(111),3
NdMgPd (0001),7.632869995024119,"Mg, Nd, Pd",Hexagonal,-6m2,NdMgPd,(0001),3
NdMgPt (0001),7.533980807773378,"Mg, Nd, Pt",Hexagonal,-6m2,NdMgPt,(0001),3
NdMgTl (0001),7.709150548697934,"Mg, Nd, Tl",Hexagonal,-6m2,NdMgTl,(0001),3
NdMgZn2 (111),9.80413632629421,"Mg, Nd, Zn",Cubic,m-3m,NdMgZn2,(111),3
NdN (111),7.292740526015582,"N, Nd",Cubic,m-3m,NdN,(111),2
NdNi4B (0001),5.02251831267266,"B, Nd, Ni",Hexagonal,6/mmm,NdNi4B,(0001),3
NdNi5 (0001),4.910608968953575,"Nd, Ni",Hexagonal,6/mmm,NdNi5,(0001),2
NdNi5Sn (0001),4.921096367860761,"Nd, Ni, Sn",Hexagonal,6/mmm,NdNi5Sn,(0001),3
NdNiAs (0001),4.101269789932866,"As, Nd, Ni",Hexagonal,6/mmm,NdNiAs,(0001),3
NdNiBi (111),9.328887963612557,"Bi, Nd, Ni",Cubic,-43m,NdNiBi,(111),3
NdNiP (0001),3.948072289276468,"Nd, Ni, P",Hexagonal,6/mmm,NdNiP,(0001),3
NdNiSb (0001),4.340261044211935,"Nd, Ni, Sb",Hexagonal,6/mmm,NdNiSb,(0001),3
NdOF (0001),3.9613480216828156,"F, Nd, O",Trigonal,-3m,NdOF,(0001),3
NdOs2 (0001),5.334925973063425,"Nd, Os",Hexagonal,6/mmm,NdOs2,(0001),2
NdP (111),8.355976128389317,"Nd, P",Cubic,m-3m,NdP,(111),2
NdPPd (0001),4.218836561643904,"Nd, P, Pd",Hexagonal,6/mmm,NdPPd,(0001),3
NdPb3 (111),6.943516524846768,"Nd, Pb",Cubic,m-3m,NdPb3,(111),2
NdPbAu2 (111),10.220123257584008,"Au, Nd, Pb",Cubic,m-3m,NdPbAu2,(111),3
NdPd3 (111),5.896981800970641,"Nd, Pd",Cubic,m-3m,NdPd3,(111),2
NdPd3S4 (111),9.521792435227308,"Nd, Pd, S",Cubic,m-3m,NdPd3S4,(111),3
NdPt2 (111),10.975190968705236,"Nd, Pt",Cubic,m-3m,NdPt2,(111),2
NdPt5 (0001),5.387256434815897,"Nd, Pt",Hexagonal,6/mmm,NdPt5,(0001),2
NdRe2 (0001),5.507805518213992,"Nd, Re",Hexagonal,6/mmm,NdRe2,(0001),2
NdRh2 (111),10.761463235580868,"Nd, Rh",Cubic,m-3m,NdRh2,(111),2
NdRh3 (0001),5.294030744569104,"Nd, Rh",Hexagonal,6/mmm,NdRh3,(0001),2
NdRu2 (0001),5.293562268944808,"Nd, Ru",Hexagonal,6/mmm,NdRu2,(0001),2
NdS (111),8.135958767084716,"Nd, S",Cubic,m-3m,NdS,(111),2
NdSb (111),9.060589881672344,"Nd, Sb",Cubic,m-3m,NdSb,(111),2
NdSbAu (0001),4.620329142117064,"Au, Nd, Sb",Hexagonal,6/mmm,NdSbAu,(0001),3
NdSbPd (0001),4.5851925706444785,"Nd, Pd, Sb",Hexagonal,6/mmm,NdSbPd,(0001),3
NdSbPt (0001),4.53773831513692,"Nd, Pt, Sb",Hexagonal,6mm,NdSbPt,(0001),3
NdSe (111),8.448411788230764,"Nd, Se",Cubic,m-3m,NdSe,(111),2
NdSiAg (0001),4.423565695471425,"Ag, Nd, Si",Hexagonal,6/mmm,NdSiAg,(0001),3
NdSiIr (111),8.961400326789219,"Ir, Nd, Si",Cubic,23,NdSiIr,(111),3
NdSmHg2 (111),10.726702842917526,"Hg, Nd, Sm",Cubic,m-3m,NdSmHg2,(111),3
NdSn3 (111),6.735216316280189,"Nd, Sn",Cubic,m-3m,NdSn3,(111),2
NdSn3Ru (111),13.797988884116226,"Nd, Ru, Sn",Cubic,m-3m,NdSn3Ru,(111),3
NdSnAu (0001),4.744262690401712,"Au, Nd, Sn",Hexagonal,6mm,NdSnAu,(0001),3
NdSnAu2 (111),10.076661898282975,"Au, Nd, Sn",Cubic,m-3m,NdSnAu2,(111),3
NdSnIr (0001),7.443723554956129,"Ir, Nd, Sn",Hexagonal,-6m2,NdSnIr,(0001),3
NdSnPt (0001),7.6134116423026015,"Nd, Pt, Sn",Hexagonal,-6m2,NdSnPt,(0001),3
NdSnRh (0001),7.444022005687821,"Nd, Rh, Sn",Hexagonal,-6m2,NdSnRh,(0001),3
NdTe (111),9.00087277743003,"Nd, Te",Cubic,m-3m,NdTe,(111),2
NdTl (111),5.496475911994749,"Nd, Tl",Cubic,m-3m,NdTl,(111),2
NdTl3 (111),6.781356886372379,"Nd, Tl",Cubic,m-3m,NdTl3,(111),2
NdTlPd (0001),7.9323734009368545,"Nd, Pd, Tl",Hexagonal,-6m2,NdTlPd,(0001),3
NdTlS2 (0001),4.172315455786859,"Nd, S, Tl",Trigonal,-3m,NdTlS2,(0001),3
NdTlSe2 (0001),4.315014606003185,"Nd, Se, Tl",Trigonal,-3m,NdTlSe2,(0001),3
NdTlTe2 (0001),4.580890796633335,"Nd, Te, Tl",Trigonal,-3m,NdTlTe2,(0001),3
NdYMg2 (111),10.888227810629395,"Mg, Nd, Y",Cubic,m-3m,NdYMg2,(111),3
NdZn (111),5.1912465523811555,"Nd, Zn",Cubic,m-3m,NdZn,(111),2
NdZnGe (0001),4.25775569229639,"Ge, Nd, Zn",Hexagonal,6/mmm,NdZnGe,(0001),3
NdZnIn (0001),4.6956479902132315,"In, Nd, Zn",Hexagonal,6/mmm,NdZnIn,(0001),3
NdZnPd (0001),7.395499231569238,"Nd, Pd, Zn",Hexagonal,-6m2,NdZnPd,(0001),3
NdZnSn (0001),4.523893879956445,"Nd, Sn, Zn",Hexagonal,6/mmm,NdZnSn,(0001),3
Ne (111),5.932653623824286,Ne,Cubic,m-3m,Ne,(111),1
Ni (111),4.914598414848471,Ni,Cubic,m-3m,Ni,(111),1
Ni(AsO3)2 (0001),4.77612607325684,"As, Ni, O",Trigonal,-3m,Ni(AsO3)2,(0001),3
Ni(ClO4)2 (0001),4.745736629753072,"Cl, Ni, O",Trigonal,-1,Ni(ClO4)2,(0001),3
Ni(NO3)2 (111),10.440364434933029,"N, Ni, O",Cubic,m-3,Ni(NO3)2,(111),3
Ni(RhS2)2 (111),13.768175131432633,"Ni, Rh, S",Cubic,m-3m,Ni(RhS2)2,(111),3
Ni10SnP3 (0001),7.671674369314302,"Ni, P, Sn",Trigonal,-3m,Ni10SnP3,(0001),3
Ni21(B3Sb)2 (111),14.834691670474115,"B, Ni, Sb",Cubic,m-3m,Ni21(B3Sb)2,(111),3
Ni21(GeB3)2 (111),14.671314634833653,"B, Ge, Ni",Cubic,m-3m,Ni21(GeB3)2,(111),3
Ni21(SnB3)2 (111),14.831027349445995,"B, Ni, Sn",Cubic,m-3m,Ni21(SnB3)2,(111),3
Ni2GeO4 (111),11.626183524309003,"Ge, Ni, O",Cubic,m-3m,Ni2GeO4,(111),3
Ni2Mo3N (111),9.353331287393155,"Mo, N, Ni",Cubic,432,Ni2Mo3N,(111),3
Ni2Mo4C (111),15.895027986646076,"C, Mo, Ni",Cubic,m-3m,Ni2Mo4C,(111),3
Ni2Sn4Au (0001),4.2392993640802015,"Au, Ni, Sn",Trigonal,-3m,Ni2Sn4Au,(0001),3
Ni3(BiS)2 (111),11.298185640892994,"Bi, Ni, S",Cubic,23,Ni3(BiS)2,(111),3
Ni3(PbS)2 (0001),5.632075989499694,"Ni, Pb, S",Trigonal,-3m,Ni3(PbS)2,(0001),3
Ni3(SnS)2 (0001),5.502000057550952,"Ni, S, Sn",Trigonal,-3m,Ni3(SnS)2,(0001),3
Ni3Ge (111),4.992646373356306,"Ge, Ni",Cubic,m-3m,Ni3Ge,(111),2
Ni3Pt (111),5.125911512145114,"Ni, Pt",Cubic,m-3m,Ni3Pt,(111),2
Ni3S2 (0001),5.6738238499600415,"Ni, S",Trigonal,32,Ni3S2,(0001),2
Ni3S4 (111),13.27564517149302,"Ni, S",Cubic,m-3m,Ni3S4,(111),2
Ni3Se2 (0001),5.984946217127558,"Ni, Se",Trigonal,32,Ni3Se2,(0001),2
Ni3Se4 (111),9.927411711556106,"Ni, Se",Cubic,m-3m,Ni3Se4,(111),2
Ni3Sn (111),5.2178323861385225,"Ni, Sn",Cubic,m-3m,Ni3Sn,(111),2
Ni3TeO6 (0001),5.100909060824355,"Ni, O, Te",Trigonal,3,Ni3TeO6,(0001),3
Ni5As2 (0001),6.742239878857673,"As, Ni",Hexagonal,6mm,Ni5As2,(0001),2
Ni5P4 (0001),6.731830637830887,"Ni, P",Hexagonal,6mm,Ni5P4,(0001),2
Ni6Ge2B (0001),6.140509973197535,"B, Ge, Ni",Hexagonal,-6m2,Ni6Ge2B,(0001),3
Ni6Ge2P (0001),6.072664709905986,"Ge, Ni, P",Hexagonal,-6m2,Ni6Ge2P,(0001),3
Ni6Mo6C (111),15.31893356937787,"C, Mo, Ni",Cubic,m-3m,Ni6Mo6C,(111),3
Ni6W6C (111),15.341399472646412,"C, Ni, W",Cubic,m-3m,Ni6W6C,(111),3
NiAsS (111),8.024641319116444,"As, Ni, S",Cubic,23,NiAsS,(111),3
NiAsSe (111),8.259048438584932,"As, Ni, Se",Cubic,23,NiAsSe,(111),3
NiAuO2 (0001),2.9543288818429136,"Au, Ni, O",Hexagonal,6/mmm,NiAuO2,(0001),3
NiBr2 (0001),3.6657130603070245,"Br, Ni",Trigonal,-3m,NiBr2,(0001),2
NiCO3 (0001),4.594765270418103,"C, Ni, O",Trigonal,-3m,NiCO3,(0001),3
NiCl2 (0001),3.471444098250634,"Cl, Ni",Trigonal,-3m,NiCl2,(0001),2
NiF3 (0001),4.753229003709842,"F, Ni",Trigonal,-3,NiF3,(0001),2
NiH (111),5.200547624870599,"H, Ni",Cubic,m-3m,NiH,(111),2
NiI2 (0001),3.9549866917110186,"I, Ni",Trigonal,-3m,NiI2,(0001),2
NiMoP (0001),5.810184278154352,"Mo, Ni, P",Hexagonal,-6m2,NiMoP,(0001),3
NiMoP2 (0001),3.3309711907087305,"Mo, Ni, P",Hexagonal,6/mmm,NiMoP2,(0001),3
NiO (111),5.9203753927999685,"Ni, O",Cubic,m-3m,NiO,(111),2
NiP2 (111),7.69059931920712,"Ni, P",Cubic,m-3,NiP2,(111),2
NiP2W (0001),3.3328341815237374,"Ni, P, W",Hexagonal,6/mmm,NiP2W,(0001),3
NiP3 (111),11.014700975503938,"Ni, P",Cubic,m-3,NiP3,(111),2
NiP8W (0001),6.2258573766431615,"Ni, P, W",Trigonal,-3m,NiP8W,(0001),3
NiPS (111),7.81889950430788,"Ni, P, S",Cubic,23,NiPS,(111),3
NiPbF6 (0001),5.079424589088565,"F, Ni, Pb",Trigonal,-3,NiPbF6,(0001),3
NiPbO3 (0001),5.392018983893476,"Ni, O, Pb",Trigonal,3m,NiPbO3,(0001),3
NiPt3 (111),5.451845043164664,"Ni, Pt",Cubic,m-3m,NiPt3,(111),2
NiPtF6 (0001),4.902094694447311,"F, Ni, Pt",Trigonal,-3,NiPtF6,(0001),3
NiRhF6 (0001),4.892777261699035,"F, Ni, Rh",Trigonal,-3,NiRhF6,(0001),3
NiSb (0001),3.9296697659649675,"Ni, Sb",Hexagonal,6/mmm,NiSb,(0001),2
NiSbSe (111),8.6267306385363,"Ni, Sb, Se",Cubic,23,NiSbSe,(111),3
NiSe (0001),9.945858688804552,"Ni, Se",Trigonal,3m,NiSe,(0001),2
NiSe2 (111),8.491866181100024,"Ni, Se",Cubic,m-3,NiSe2,(111),2
NiSn2Au (0001),4.1238802321498875,"Au, Ni, Sn",Trigonal,-3m,NiSn2Au,(0001),3
NiSnF6 (0001),5.059224074707485,"F, Ni, Sn",Trigonal,-3,NiSnF6,(0001),3
NiTe (0001),3.8603274933185263,"Ni, Te",Trigonal,-3m,NiTe,(0001),2
NiTe2 (0001),3.867414784466008,"Ni, Te",Trigonal,-3m,NiTe2,(0001),2
Np(FeP3)4 (111),10.934240672532987,"Fe, Np, P",Cubic,m-3,Np(FeP3)4,(111),3
Np(OF)2 (0001),4.183900300337472,"F, Np, O",Trigonal,-3m,Np(OF)2,(0001),3
Np2N3 (111),15.111613612401445,"N, Np",Cubic,m-3,Np2N3,(111),2
Np2SO2 (0001),3.989092384612243,"Np, O, S",Trigonal,-3m,Np2SO2,(0001),3
Np3Te4 (111),11.603573757171816,"Np, Te",Cubic,-43m,Np3Te4,(111),2
NpAl2 (111),11.139901791198335,"Al, Np",Cubic,m-3m,NpAl2,(111),2
NpAs (111),8.299236912672502,"As, Np",Cubic,m-3m,NpAs,(111),2
NpAu3 (111),9.832584144694872,"Au, Np",Cubic,m-3m,NpAu3,(111),2
NpB12 (111),10.588669857522849,"B, Np",Cubic,m-3m,NpB12,(111),2
NpB2 (0001),3.1597031958959123,"B, Np",Hexagonal,6/mmm,NpB2,(0001),2
NpBe13 (111),10.221052797702791,"Be, Np",Cubic,m-3m,NpBe13,(111),2
NpBr3 (0001),8.005590272283271,"Br, Np",Hexagonal,6/m,NpBr3,(0001),2
NpCdAu2 (111),9.971664347735636,"Au, Cd, Np",Cubic,m-3m,NpCdAu2,(111),3
NpCl3 (0001),7.421231158358292,"Cl, Np",Hexagonal,6/m,NpCl3,(0001),2
NpCo2 (111),10.065321560456056,"Co, Np",Cubic,m-3m,NpCo2,(111),2
NpF3 (0001),4.1220490506092204,"F, Np",Hexagonal,6/mmm,NpF3,(0001),2
NpGa2 (0001),4.445587712334074,"Ga, Np",Hexagonal,6/mmm,NpGa2,(0001),2
NpGa3 (111),5.996549775530096,"Ga, Np",Cubic,m-3m,NpGa3,(111),2
NpGe3 (111),6.002532478726495,"Ge, Np",Cubic,m-3m,NpGe3,(111),2
NpH2 (111),7.389171392361345,"H, Np",Cubic,m-3m,NpH2,(111),2
NpIr2 (111),10.722986988346282,"Ir, Np",Cubic,m-3m,NpIr2,(111),2
NpN (111),7.005164082159527,"N, Np",Cubic,m-3m,NpN,(111),2
NpNi2 (111),9.99444873985692,"Ni, Np",Cubic,m-3m,NpNi2,(111),2
NpNi5 (0001),4.856634163298712,"Ni, Np",Hexagonal,6/mmm,NpNi5,(0001),2
NpO2 (111),7.669214421245534,"Np, O",Cubic,m-3m,NpO2,(111),2
NpP (111),8.041099197563032,"Np, P",Cubic,m-3m,NpP,(111),2
NpPd3 (0001),5.8540989894325275,"Np, Pd",Hexagonal,6/mmm,NpPd3,(0001),2
NpPt3 (0001),5.847916666668182,"Np, Pt",Hexagonal,6/mmm,NpPt3,(0001),2
NpRh3 (111),5.675722361572443,"Np, Rh",Cubic,m-3m,NpRh3,(111),2
NpS (111),7.902802034161299,"Np, S",Cubic,m-3m,NpS,(111),2
NpSb (111),8.877370215809746,"Np, Sb",Cubic,m-3m,NpSb,(111),2
NpSe (111),8.271772582319029,"Np, Se",Cubic,m-3m,NpSe,(111),2
NpSn3 (111),6.6444165648023965,"Np, Sn",Cubic,m-3m,NpSn3,(111),2
NpSnAu2 (111),7.062178409694681,"Au, Np, Sn",Cubic,m-3m,NpSnAu2,(111),3
NpSnIr (0001),7.392188983364743,"Ir, Np, Sn",Hexagonal,-6m2,NpSnIr,(0001),3
Os (0001),2.7461342319451165,Os,Hexagonal,6/mmm,Os,(0001),1
Os(OF2)2 (0001),5.021161632581336,"F, O, Os",Hexagonal,6,Os(OF2)2,(0001),3
Os(SCl6)2 (0001),10.382687041743681,"Cl, Os, S",Trigonal,-3m,Os(SCl6)2,(0001),3
Os3W (0001),5.5285296083696895,"Os, W",Hexagonal,6/mmm,Os3W,(0001),2
OsPbO3 (111),14.619306696032012,"O, Os, Pb",Cubic,m-3m,OsPbO3,(111),3
OsRu (0001),2.7270104592371576,"Os, Ru",Hexagonal,-6m2,OsRu,(0001),2
OsRu3 (0001),5.430415734519976,"Os, Ru",Hexagonal,6/mmm,OsRu3,(0001),2
OsS2 (111),7.976320239123879,"Os, S",Cubic,m-3,OsS2,(111),2
OsSe2 (111),8.456129171843608,"Os, Se",Cubic,m-3,OsSe2,(111),2
P10Au7I (0001),6.22570584084673,"Au, I, P",Trigonal,-3m,P10Au7I,(0001),3
P2Pb3S8 (111),15.662138130560889,"P, Pb, S",Cubic,23,P2Pb3S8,(111),3
P2Pd3S8 (0001),7.051641337868187,"P, Pd, S",Trigonal,-3m,P2Pd3S8,(0001),3
P2Pt (111),8.092998019899163,"P, Pt",Cubic,m-3,P2Pt,(111),2
P3(WO6)2 (0001),8.70542997698715,"O, P, W",Trigonal,-3,P3(WO6)2,(0001),3
P3Ir (111),11.375473778982197,"Ir, P",Cubic,m-3,P3Ir,(111),2
P3Pd7 (0001),12.100331370023758,"P, Pd",Trigonal,3,P3Pd7,(0001),2
P3Rh (111),11.341354344992853,"P, Rh",Cubic,m-3,P3Rh,(111),2
P4PtF12 (111),11.526664187801806,"F, P, Pt",Cubic,-43m,P4PtF12,(111),3
PF5 (0001),5.446644698781946,"F, P",Hexagonal,6/mmm,PF5,(0001),2
PI3 (0001),7.2746042850952515,"I, P",Hexagonal,6,PI3,(0001),2
PIr2 (111),7.859471546028751,"Ir, P",Cubic,m-3m,PIr2,(111),2
PIrS (111),8.019194682993769,"Ir, P, S",Cubic,23,PIrS,(111),3
PRh2 (111),7.792706866913466,"P, Rh",Cubic,m-3m,PRh2,(111),2
PRhS (111),8.008400613126144,"P, Rh, S",Cubic,23,PRhS,(111),3
PRhSe (111),8.238990425497049,"P, Rh, Se",Cubic,23,PRhSe,(111),3
Pa2BiTe (111),10.861058477070237,"Bi, Pa, Te",Cubic,m-3m,Pa2BiTe,(111),3
Pa2S3 (0001),6.798701970246503,"Pa, S",Trigonal,-3m,Pa2S3,(0001),2
Pa2SbTe (111),10.739398803752376,"Pa, Sb, Te",Cubic,m-3m,Pa2SbTe,(111),3
Pa3As4 (111),12.159903029797565,"As, Pa",Cubic,-43m,Pa3As4,(111),2
Pa3Ge (111),6.32793569380229,"Ge, Pa",Cubic,m-3m,Pa3Ge,(111),2
Pa3P4 (111),11.724571248167436,"P, Pa",Cubic,-43m,Pa3P4,(111),2
Pa3Sb (111),6.498490598958006,"Pa, Sb",Cubic,m-3m,Pa3Sb,(111),2
Pa3Si (111),6.281863516296842,"Pa, Si",Cubic,m-3m,Pa3Si,(111),2
Pa3Te (111),6.4633787309052435,"Pa, Te",Cubic,m-3m,Pa3Te,(111),2
PaAgO3 (111),6.102290085182528,"Ag, O, Pa",Cubic,m-3m,PaAgO3,(111),3
PaAgTe2 (111),10.594280523557394,"Ag, Pa, Te",Cubic,m-3m,PaAgTe2,(111),3
PaAl3 (0001),6.282475027876359,"Al, Pa",Hexagonal,6/mmm,PaAl3,(0001),2
PaAlFe2 (111),9.001677015908522,"Al, Fe, Pa",Cubic,m-3m,PaAlFe2,(111),3
PaAlRu2 (111),9.1982587821967,"Al, Pa, Ru",Cubic,m-3m,PaAlRu2,(111),3
PaAlTc2 (111),9.167658877662207,"Al, Pa, Tc",Cubic,m-3m,PaAlTc2,(111),3
PaAs (111),8.175852594378119,"As, Pa",Cubic,m-3m,PaAs,(111),2
PaBe13 (111),14.448173616517375,"Be, Pa",Cubic,m-3m,PaBe13,(111),2
PaC (111),7.194813258110767,"C, Pa",Cubic,m-3m,PaC,(111),2
PaCdPt2 (111),9.640347089531897,"Cd, Pa, Pt",Cubic,m-3m,PaCdPt2,(111),3
PaCo3 (111),5.35049253850788,"Co, Pa",Cubic,m-3m,PaCo3,(111),2
PaCu2Sn (111),9.385665159176472,"Cu, Pa, Sn",Cubic,m-3m,PaCu2Sn,(111),3
PaFe3 (0001),5.303184036463363,"Fe, Pa",Hexagonal,6/mmm,PaFe3,(0001),2
PaGa3 (0001),6.282679702138133,"Ga, Pa",Hexagonal,6/mmm,PaGa3,(0001),2
PaGaFe2 (111),8.99351190932191,"Fe, Ga, Pa",Cubic,m-3m,PaGaFe2,(111),3
PaGaTc2 (111),9.162355440102646,"Ga, Pa, Tc",Cubic,m-3m,PaGaTc2,(111),3
PaGe3 (111),6.014809436367084,"Ge, Pa",Cubic,m-3m,PaGe3,(111),2
PaH3 (111),9.499893111939791,"H, Pa",Cubic,m-3m,PaH3,(111),2
PaHgO3 (111),6.14176915785265,"Hg, O, Pa",Cubic,m-3m,PaHgO3,(111),3
PaHgTe2 (111),10.836667875171242,"Hg, Pa, Te",Cubic,m-3m,PaHgTe2,(111),3
PaI3 (0001),11.381285040184867,"I, Pa",Hexagonal,6/mmm,PaI3,(0001),2
PaIn3 (111),6.56398321824048,"In, Pa",Cubic,m-3m,PaIn3,(111),2
PaInCu2 (111),9.385764352115737,"Cu, In, Pa",Cubic,m-3m,PaInCu2,(111),3
PaInRu2 (111),9.41557207078113,"In, Pa, Ru",Cubic,m-3m,PaInRu2,(111),3
PaInTc2 (111),9.416520442396056,"In, Pa, Tc",Cubic,m-3m,PaInTc2,(111),3
PaIr3 (111),5.754909538799114,"Ir, Pa",Cubic,m-3m,PaIr3,(111),2
PaMn2Al (111),9.149078718320634,"Al, Mn, Pa",Cubic,m-3m,PaMn2Al,(111),3
PaN (111),6.994548647519172,"N, Pa",Cubic,m-3m,PaN,(111),2
PaNi2Sn (111),11.255672374999099,"Ni, Pa, Sn",Cubic,m-3m,PaNi2Sn,(111),3
PaNi3 (0001),5.266239593399786,"Ni, Pa",Hexagonal,6/mmm,PaNi3,(0001),2
PaO2 (111),7.685139895710889,"O, Pa",Cubic,m-3m,PaO2,(111),2
PaPd3 (0001),5.686845424276649,"Pa, Pd",Hexagonal,6/mmm,PaPd3,(0001),2
PaPt3 (0001),5.725805351548504,"Pa, Pt",Hexagonal,6/mmm,PaPt3,(0001),2
PaPt5 (111),10.570143575002948,"Pa, Pt",Cubic,-43m,PaPt5,(111),2
PaRh3 (111),5.700303486322559,"Pa, Rh",Cubic,m-3m,PaRh3,(111),2
PaS3 (0001),5.837598244312716,"Pa, S",Hexagonal,6/mmm,PaS3,(0001),2
PaSnPd2 (111),9.681968441190572,"Pa, Pd, Sn",Cubic,m-3m,PaSnPd2,(111),3
PaSnRu2 (111),9.45375801485409,"Pa, Ru, Sn",Cubic,m-3m,PaSnRu2,(111),3
PaTc2Ge (111),9.241721581334943,"Ge, Pa, Tc",Cubic,m-3m,PaTc2Ge,(111),3
PaTc2Sn (111),9.442271376320697,"Pa, Sn, Tc",Cubic,m-3m,PaTc2Sn,(111),3
PaTiTc2 (111),9.240720544406951,"Pa, Tc, Ti",Cubic,m-3m,PaTiTc2,(111),3
PaTlO3 (111),6.189188671979972,"O, Pa, Tl",Cubic,m-3m,PaTlO3,(111),3
PaZnPt2 (111),9.452750302838083,"Pa, Pt, Zn",Cubic,m-3m,PaZnPt2,(111),3
PaZnRu2 (111),9.118843365043196,"Pa, Ru, Zn",Cubic,m-3m,PaZnRu2,(111),3
PaZnTc2 (111),9.179459415037904,"Pa, Tc, Zn",Cubic,m-3m,PaZnTc2,(111),3
Pb (111),7.05623198608775,Pb,Cubic,m-3m,Pb,(111),1
Pb(NO3)2 (111),11.062613608193212,"N, O, Pb",Cubic,m-3,Pb(NO3)2,(111),3
PbF2 (111),8.36634157965226,"F, Pb",Cubic,m-3m,PbF2,(111),2
PbI2 (0001),4.61784297181161,"I, Pb",Hexagonal,6mm,PbI2,(0001),2
PbS (111),5.982840601388486,"Pb, S",Cubic,mmm,PbS,(111),2
PbSe (111),8.742169128433172,"Pb, Se",Cubic,m-3m,PbSe,(111),2
Pd (111),5.5399010152487165,Pd,Cubic,m-3m,Pd,(111),1
Pd16S7 (111),12.717209923268934,"Pd, S",Cubic,-43m,Pd16S7,(111),2
Pd17Se15 (111),15.131339544002035,"Pd, Se",Cubic,m-3m,Pd17Se15,(111),2
Pd3(PbS)2 (111),11.882195056454783,"Pb, Pd, S",Cubic,23,Pd3(PbS)2,(111),3
Pd3Au (111),5.611144166008578,"Au, Pd",Cubic,m-3m,Pd3Au,(111),2
Pd3Pb (111),5.7689432749532905,"Pb, Pd",Cubic,m-3m,Pd3Pb,(111),2
PdCl2 (0001),13.143785861546549,"Cl, Pd",Trigonal,-3,PdCl2,(0001),2
PdF3 (0001),4.997462963068598,"F, Pd",Trigonal,-3,PdF3,(0001),2
PdPt (0001),2.7668025955246205,"Pd, Pt",Trigonal,-3m,PdPt,(0001),2
PdPtF6 (0001),5.037852971441252,"F, Pd, Pt",Trigonal,-3,PdPtF6,(0001),3
Pm (0001),3.67618106243178,Pm,Hexagonal,6/mmm,Pm,(0001),1
Pm2AgAu (111),10.425553051025174,"Ag, Au, Pm",Cubic,m-3m,Pm2AgAu,(111),3
Pm2AgGe (111),10.371059499237507,"Ag, Ge, Pm",Cubic,m-3m,Pm2AgGe,(111),3
Pm2AgHg (111),10.604943184700804,"Ag, Hg, Pm",Cubic,m-3m,Pm2AgHg,(111),3
Pm2AgIr (111),10.147584567016315,"Ag, Ir, Pm",Cubic,m-3m,Pm2AgIr,(111),3
Pm2AgOs (111),10.104430009864442,"Ag, Os, Pm",Cubic,m-3m,Pm2AgOs,(111),3
Pm2AgPt (111),10.254427666260865,"Ag, Pm, Pt",Cubic,m-3m,Pm2AgPt,(111),3
Pm2AgRh (111),10.173166276144396,"Ag, Pm, Rh",Cubic,m-3m,Pm2AgRh,(111),3
Pm2AgRu (111),10.118452413457204,"Ag, Pm, Ru",Cubic,m-3m,Pm2AgRu,(111),3
Pm2AgSn (111),10.695933006481377,"Ag, Pm, Sn",Cubic,m-3m,Pm2AgSn,(111),3
Pm2AlCd (111),10.646889522636114,"Al, Cd, Pm",Cubic,m-3m,Pm2AlCd,(111),3
Pm2AlGa (111),10.398451345158568,"Al, Ga, Pm",Cubic,m-3m,Pm2AlGa,(111),3
Pm2AlIn (111),10.660219531979518,"Al, In, Pm",Cubic,m-3m,Pm2AlIn,(111),3
Pm2AlZn (111),10.421431495303265,"Al, Pm, Zn",Cubic,m-3m,Pm2AlZn,(111),3
Pm2CdGa (111),10.578041816327445,"Cd, Ga, Pm",Cubic,m-3m,Pm2CdGa,(111),3
Pm2CdGe (111),10.509742711743892,"Cd, Ge, Pm",Cubic,m-3m,Pm2CdGe,(111),3
Pm2CdHg (111),10.747374034863208,"Cd, Hg, Pm",Cubic,m-3m,Pm2CdHg,(111),3
Pm2CdIn (111),10.84624353405918,"Cd, In, Pm",Cubic,m-3m,Pm2CdIn,(111),3
Pm2CdPb (111),10.884156091793423,"Cd, Pb, Pm",Cubic,m-3m,Pm2CdPb,(111),3
Pm2CdSi (111),10.444357933616862,"Cd, Pm, Si",Cubic,m-3m,Pm2CdSi,(111),3
Pm2CdSn (111),10.78980222364349,"Cd, Pm, Sn",Cubic,m-3m,Pm2CdSn,(111),3
Pm2CoCu (111),9.923570706287405,"Co, Cu, Pm",Cubic,m-3m,Pm2CoCu,(111),3
Pm2CoIr (111),9.903439300802525,"Co, Ir, Pm",Cubic,m-3m,Pm2CoIr,(111),3
Pm2CoNi (111),9.832989988206153,"Co, Ni, Pm",Cubic,m-3m,Pm2CoNi,(111),3
Pm2CoRu (111),9.857522746852435,"Co, Pm, Ru",Cubic,m-3m,Pm2CoRu,(111),3
Pm2CuAu (111),10.230482400212663,"Au, Cu, Pm",Cubic,m-3m,Pm2CuAu,(111),3
Pm2CuGe (111),10.163538140506134,"Cu, Ge, Pm",Cubic,m-3m,Pm2CuGe,(111),3
Pm2CuIr (111),9.945267172009876,"Cu, Ir, Pm",Cubic,m-3m,Pm2CuIr,(111),3
Pm2CuNi (111),9.888331700435717,"Cu, Ni, Pm",Cubic,m-3m,Pm2CuNi,(111),3
Pm2CuOs (111),9.910117603930146,"Cu, Os, Pm",Cubic,m-3m,Pm2CuOs,(111),3
Pm2CuPd (111),10.086555594943983,"Cu, Pd, Pm",Cubic,m-3m,Pm2CuPd,(111),3
Pm2CuPt (111),10.059199274067607,"Cu, Pm, Pt",Cubic,m-3m,Pm2CuPt,(111),3
Pm2CuRh (111),9.946121362674093,"Cu, Pm, Rh",Cubic,m-3m,Pm2CuRh,(111),3
Pm2CuRu (111),9.908551538981532,"Cu, Pm, Ru",Cubic,m-3m,Pm2CuRu,(111),3
Pm2CuSi (111),10.115078275005674,"Cu, Pm, Si",Cubic,m-3m,Pm2CuSi,(111),3
Pm2CuSn (111),7.4469483188505725,"Cu, Pm, Sn",Cubic,m-3m,Pm2CuSn,(111),3
Pm2GaAg (111),10.450647535298431,"Ag, Ga, Pm",Cubic,m-3m,Pm2GaAg,(111),3
Pm2GaCu (111),10.229446036229884,"Cu, Ga, Pm",Cubic,m-3m,Pm2GaCu,(111),3
Pm2GaHg (111),10.559359291493173,"Ga, Hg, Pm",Cubic,m-3m,Pm2GaHg,(111),3
Pm2GaRu (111),10.09263320601255,"Ga, Pm, Ru",Cubic,m-3m,Pm2GaRu,(111),3
Pm2GaSn (111),10.661329576488896,"Ga, Pm, Sn",Cubic,m-3m,Pm2GaSn,(111),3
Pm2GeAu (111),10.372229166990673,"Au, Ge, Pm",Cubic,m-3m,Pm2GeAu,(111),3
Pm2GePd (111),10.246725288803132,"Ge, Pd, Pm",Cubic,m-3m,Pm2GePd,(111),3
Pm2HgGe (111),10.502517438085183,"Ge, Hg, Pm",Cubic,m-3m,Pm2HgGe,(111),3
Pm2InAg (111),10.73372880675816,"Ag, In, Pm",Cubic,m-3m,Pm2InAg,(111),3
Pm2InHg (111),10.814016218552814,"Hg, In, Pm",Cubic,m-3m,Pm2InHg,(111),3
Pm2InSn (111),10.884582307476851,"In, Pm, Sn",Cubic,m-3m,Pm2InSn,(111),3
Pm2IrAu (111),10.13292158125133,"Au, Ir, Pm",Cubic,m-3m,Pm2IrAu,(111),3
Pm2IrPd (111),9.998565065570759,"Ir, Pd, Pm",Cubic,m-3m,Pm2IrPd,(111),3
Pm2IrPt (111),10.001006394159212,"Ir, Pm, Pt",Cubic,m-3m,Pm2IrPt,(111),3
Pm2IrRh (111),9.9028540898021,"Ir, Pm, Rh",Cubic,m-3m,Pm2IrRh,(111),3
Pm2IrRu (111),9.86867000241513,"Ir, Pm, Ru",Cubic,m-3m,Pm2IrRu,(111),3
Pm2MgAl (111),10.651829823157824,"Al, Mg, Pm",Cubic,m-3m,Pm2MgAl,(111),3
Pm2MgCd (111),10.84863217847746,"Cd, Mg, Pm",Cubic,m-3m,Pm2MgCd,(111),3
Pm2MgGa (111),10.565089119162485,"Ga, Mg, Pm",Cubic,m-3m,Pm2MgGa,(111),3
Pm2MgGe (111),10.481740830660565,"Ge, Mg, Pm",Cubic,m-3m,Pm2MgGe,(111),3
Pm2MgRu (111),10.254905217896608,"Mg, Pm, Ru",Cubic,m-3m,Pm2MgRu,(111),3
Pm2MgSi (111),10.411622481750376,"Mg, Pm, Si",Cubic,m-3m,Pm2MgSi,(111),3
Pm2MgSn (111),10.805120134972688,"Mg, Pm, Sn",Cubic,m-3m,Pm2MgSn,(111),3
Pm2MgTl (111),10.910844111908762,"Mg, Pm, Tl",Cubic,m-3m,Pm2MgTl,(111),3
Pm2NiGe (111),10.080895233444854,"Ge, Ni, Pm",Cubic,m-3m,Pm2NiGe,(111),3
Pm2NiIr (111),9.84117325013201,"Ir, Ni, Pm",Cubic,m-3m,Pm2NiIr,(111),3
Pm2NiPd (111),9.952422416584632,"Ni, Pd, Pm",Cubic,m-3m,Pm2NiPd,(111),3
Pm2NiPt (111),9.941285088801145,"Ni, Pm, Pt",Cubic,m-3m,Pm2NiPt,(111),3
Pm2NiRh (111),9.830554986374823,"Ni, Pm, Rh",Cubic,m-3m,Pm2NiRh,(111),3
Pm2NiRu (111),9.794908875344221,"Ni, Pm, Ru",Cubic,m-3m,Pm2NiRu,(111),3
Pm2O3 (111),15.571392814614784,"O, Pm",Cubic,m-3,Pm2O3,(111),2
Pm2PdAu (111),10.259934529019933,"Au, Pd, Pm",Cubic,m-3m,Pm2PdAu,(111),3
Pm2PdPt (111),10.102177195943852,"Pd, Pm, Pt",Cubic,m-3m,Pm2PdPt,(111),3
Pm2PdRh (111),10.003510037711733,"Pd, Pm, Rh",Cubic,m-3m,Pm2PdRh,(111),3
Pm2PdRu (111),9.964566805845884,"Pd, Pm, Ru",Cubic,m-3m,Pm2PdRu,(111),3
Pm2PtAu (111),10.23124468960705,"Au, Pm, Pt",Cubic,m-3m,Pm2PtAu,(111),3
Pm2PtRh (111),9.994898914900205,"Pm, Pt, Rh",Cubic,m-3m,Pm2PtRh,(111),3
Pm2RuAu (111),10.102068329783823,"Au, Pm, Ru",Cubic,m-3m,Pm2RuAu,(111),3
Pm2RuPt (111),9.959842059755351,"Pm, Pt, Ru",Cubic,m-3m,Pm2RuPt,(111),3
Pm2RuRh (111),9.853086704158112,"Pm, Rh, Ru",Cubic,m-3m,Pm2RuRh,(111),3
Pm2S3 (0001),7.123402199865709,"Pm, S",Trigonal,-3m,Pm2S3,(0001),2
Pm2SiAg (111),10.327528393584686,"Ag, Pm, Si",Cubic,m-3m,Pm2SiAg,(111),3
Pm2SiAu (111),10.333764962257183,"Au, Pm, Si",Cubic,m-3m,Pm2SiAu,(111),3
Pm2SiHg (111),10.46179012395637,"Hg, Pm, Si",Cubic,m-3m,Pm2SiHg,(111),3
Pm2SiPd (111),10.209910910323128,"Pd, Pm, Si",Cubic,m-3m,Pm2SiPd,(111),3
Pm2SiPt (111),10.203363921773207,"Pm, Pt, Si",Cubic,m-3m,Pm2SiPt,(111),3
Pm2SnAu (111),10.66413667727312,"Au, Pm, Sn",Cubic,m-3m,Pm2SnAu,(111),3
Pm2SnHg (111),10.792726081899424,"Hg, Pm, Sn",Cubic,m-3m,Pm2SnHg,(111),3
Pm2SnPd (111),10.562043468834554,"Pd, Pm, Sn",Cubic,m-3m,Pm2SnPd,(111),3
Pm2TlAg (111),10.739996902952173,"Ag, Pm, Tl",Cubic,m-3m,Pm2TlAg,(111),3
Pm2TlCd (111),10.85955657283899,"Cd, Pm, Tl",Cubic,m-3m,Pm2TlCd,(111),3
Pm2TlHg (111),10.82341409193885,"Hg, Pm, Tl",Cubic,m-3m,Pm2TlHg,(111),3
Pm2TlSn (111),10.912155399008068,"Pm, Sn, Tl",Cubic,m-3m,Pm2TlSn,(111),3
Pm2TlZn (111),10.66576254203724,"Pm, Tl, Zn",Cubic,m-3m,Pm2TlZn,(111),3
Pm2ZnAg (111),10.413493062029323,"Ag, Pm, Zn",Cubic,m-3m,Pm2ZnAg,(111),3
Pm2ZnGa (111),10.336444614115164,"Ga, Pm, Zn",Cubic,m-3m,Pm2ZnGa,(111),3
Pm2ZnGe (111),10.277814855353082,"Ge, Pm, Zn",Cubic,m-3m,Pm2ZnGe,(111),3
Pm2ZnHg (111),10.537310683822014,"Hg, Pm, Zn",Cubic,m-3m,Pm2ZnHg,(111),3
Pm2ZnIn (111),10.64356841179051,"In, Pm, Zn",Cubic,m-3m,Pm2ZnIn,(111),3
Pm2ZnIr (111),10.072522155774655,"Ir, Pm, Zn",Cubic,m-3m,Pm2ZnIr,(111),3
Pm2ZnOs (111),10.029463963136607,"Os, Pm, Zn",Cubic,m-3m,Pm2ZnOs,(111),3
Pm2ZnPb (111),10.700627714675848,"Pb, Pm, Zn",Cubic,m-3m,Pm2ZnPb,(111),3
Pm2ZnPt (111),10.186036892354197,"Pm, Pt, Zn",Cubic,m-3m,Pm2ZnPt,(111),3
Pm2ZnRh (111),10.089269895034244,"Pm, Rh, Zn",Cubic,m-3m,Pm2ZnRh,(111),3
Pm2ZnRu (111),10.032216644982952,"Pm, Ru, Zn",Cubic,m-3m,Pm2ZnRu,(111),3
Pm2ZnSi (111),10.214099669473523,"Pm, Si, Zn",Cubic,m-3m,Pm2ZnSi,(111),3
Pm2ZnSn (111),10.59999465345616,"Pm, Sn, Zn",Cubic,m-3m,Pm2ZnSn,(111),3
Pm3Al (0001),7.059636536703941,"Al, Pm",Hexagonal,6/mmm,Pm3Al,(0001),2
Pm3Au (0001),7.048629947718657,"Au, Pm",Hexagonal,6/mmm,Pm3Au,(0001),2
Pm3Cd (0001),7.128751392777004,"Cd, Pm",Hexagonal,6/mmm,Pm3Cd,(0001),2
Pm3Ga (111),6.79423796776254,"Ga, Pm",Cubic,m-3m,Pm3Ga,(111),2
Pm3Ge (111),6.733236275871511,"Ge, Pm",Cubic,m-3m,Pm3Ge,(111),2
Pm3Hg (0001),7.044655852111477,"Hg, Pm",Hexagonal,6/mmm,Pm3Hg,(0001),2
Pm3Pb (111),6.991956233794055,"Pb, Pm",Cubic,m-3m,Pm3Pb,(111),2
Pm3Si (111),6.702322288646951,"Pm, Si",Cubic,m-3m,Pm3Si,(111),2
Pm3Sn (111),6.939845880083477,"Pm, Sn",Cubic,m-3m,Pm3Sn,(111),2
Pm3Tl (111),7.003193749168093,"Pm, Tl",Cubic,m-3m,Pm3Tl,(111),2
PmAg2Pb (111),10.148694625959138,"Ag, Pb, Pm",Cubic,m-3m,PmAg2Pb,(111),3
PmAg2Sn (111),9.99962875215956,"Ag, Pm, Sn",Cubic,m-3m,PmAg2Sn,(111),3
PmAg3 (0001),6.4548619384051085,"Ag, Pm",Hexagonal,6/mmm,PmAg3,(0001),2
PmAgAu2 (111),9.876054459952417,"Ag, Au, Pm",Cubic,m-3m,PmAgAu2,(111),3
PmAgHg2 (111),10.110147109611692,"Ag, Hg, Pm",Cubic,m-3m,PmAgHg2,(111),3
PmAl3 (0001),6.450852993700373,"Al, Pm",Hexagonal,6/mmm,PmAl3,(0001),2
PmAlAg2 (111),9.775875813834594,"Ag, Al, Pm",Cubic,m-3m,PmAlAg2,(111),3
PmAlCu2 (111),9.237020565747985,"Al, Cu, Pm",Cubic,m-3m,PmAlCu2,(111),3
PmAs3 (111),6.230730516552171,"As, Pm",Cubic,m-3m,PmAs3,(111),2
PmAu3 (0001),6.448751060536259,"Au, Pm",Hexagonal,6/mmm,PmAu3,(0001),2
PmB3 (0001),5.577748994455236,"B, Pm",Hexagonal,6/mmm,PmB3,(0001),2
PmBiAu2 (111),10.242888532120038,"Au, Bi, Pm",Cubic,m-3m,PmBiAu2,(111),3
PmBiPd2 (111),9.87595252343884,"Bi, Pd, Pm",Cubic,m-3m,PmBiPd2,(111),3
PmBr3 (0001),10.00018712847842,"Br, Pm",Hexagonal,6/mmm,PmBr3,(0001),2
PmCd3 (111),10.211643604779749,"Cd, Pm",Cubic,m-3m,PmCd3,(111),2
PmCdAg2 (111),9.97216415909285,"Ag, Cd, Pm",Cubic,m-3m,PmCdAg2,(111),3
PmCdAu2 (111),9.952385005924869,"Au, Cd, Pm",Cubic,m-3m,PmCdAu2,(111),3
PmCdHg2 (111),10.257039831847653,"Cd, Hg, Pm",Cubic,m-3m,PmCdHg2,(111),3
PmCdPd2 (111),9.685965418840821,"Cd, Pd, Pm",Cubic,m-3m,PmCdPd2,(111),3
PmCdPt2 (111),9.703169567242346,"Cd, Pm, Pt",Cubic,m-3m,PmCdPt2,(111),3
PmCl3 (0001),9.285769016664165,"Cl, Pm",Hexagonal,6/mmm,PmCl3,(0001),2
PmCu2Sn (111),9.458844988466689,"Cu, Pm, Sn",Cubic,m-3m,PmCu2Sn,(111),3
PmCu3 (0001),6.1563233388022045,"Cu, Pm",Hexagonal,6/mmm,PmCu3,(0001),2
PmDyHg2 (111),10.594421520649563,"Dy, Hg, Pm",Cubic,m-3m,PmDyHg2,(111),3
PmDyIn2 (111),10.713004952929142,"Dy, In, Pm",Cubic,m-3m,PmDyIn2,(111),3
PmDyMg2 (111),10.819329334053835,"Dy, Mg, Pm",Cubic,m-3m,PmDyMg2,(111),3
PmDyRh2 (111),9.768572026854619,"Dy, Pm, Rh",Cubic,m-3m,PmDyRh2,(111),3
PmDyTl2 (111),10.791476511079981,"Dy, Pm, Tl",Cubic,m-3m,PmDyTl2,(111),3
PmDyZn2 (111),10.164862296948854,"Dy, Pm, Zn",Cubic,m-3m,PmDyZn2,(111),3
PmErIn2 (111),10.60006912983814,"Er, In, Pm",Cubic,m-3m,PmErIn2,(111),3
PmErPd2 (111),9.959692124833468,"Er, Pd, Pm",Cubic,m-3m,PmErPd2,(111),3
PmErTl2 (111),10.749249734595255,"Er, Pm, Tl",Cubic,m-3m,PmErTl2,(111),3
PmErZn2 (111),10.120661674310853,"Er, Pm, Zn",Cubic,m-3m,PmErZn2,(111),3
PmEuHg2 (111),10.817697303318587,"Eu, Hg, Pm",Cubic,m-3m,PmEuHg2,(111),3
PmEuPd2 (111),10.152406667566796,"Eu, Pd, Pm",Cubic,m-3m,PmEuPd2,(111),3
PmEuPt2 (111),10.089903547563,"Eu, Pm, Pt",Cubic,m-3m,PmEuPt2,(111),3
PmEuRh2 (111),9.937163929059036,"Eu, Pm, Rh",Cubic,m-3m,PmEuRh2,(111),3
PmEuZn2 (111),10.398012260131722,"Eu, Pm, Zn",Cubic,m-3m,PmEuZn2,(111),3
PmGa3 (0001),6.414147405295232,"Ga, Pm",Hexagonal,6/mmm,PmGa3,(0001),2
PmGaCu2 (111),9.192521996596662,"Cu, Ga, Pm",Cubic,m-3m,PmGaCu2,(111),3
PmGaRh2 (111),9.311334829729194,"Ga, Pm, Rh",Cubic,m-3m,PmGaRh2,(111),3
PmGdCu2 (111),9.945914432044761,"Cu, Gd, Pm",Cubic,m-3m,PmGdCu2,(111),3
PmGdHg2 (111),10.641965966402985,"Gd, Hg, Pm",Cubic,m-3m,PmGdHg2,(111),3
PmGdIn2 (111),10.846390112579947,"Gd, In, Pm",Cubic,m-3m,PmGdIn2,(111),3
PmGe3 (0001),6.1951003721739415,"Ge, Pm",Hexagonal,6/mmm,PmGe3,(0001),2
PmH (0001),3.817998410163973,"H, Pm",Hexagonal,6mm,PmH,(0001),2
PmH3 (111),7.5801230346084685,"H, Pm",Cubic,m-3m,PmH3,(111),2
PmHg3 (111),10.288175779890826,"Hg, Pm",Cubic,m-3m,PmHg3,(111),2
PmHgAu2 (111),9.988287537207363,"Au, Hg, Pm",Cubic,m-3m,PmHgAu2,(111),3
PmHoCu2 (111),9.849982273274948,"Cu, Ho, Pm",Cubic,m-3m,PmHoCu2,(111),3
PmHoIn2 (111),10.69164977786502,"Ho, In, Pm",Cubic,m-3m,PmHoIn2,(111),3
PmHoIr2 (111),9.766153604710162,"Ho, Ir, Pm",Cubic,m-3m,PmHoIr2,(111),3
PmHoMg2 (111),10.803734405121752,"Ho, Mg, Pm",Cubic,m-3m,PmHoMg2,(111),3
PmHoRh2 (111),9.746702058824942,"Ho, Pm, Rh",Cubic,m-3m,PmHoRh2,(111),3
PmHoTl2 (111),10.77119411472687,"Ho, Pm, Tl",Cubic,m-3m,PmHoTl2,(111),3
PmHoZn2 (111),10.146464000756348,"Ho, Pm, Zn",Cubic,m-3m,PmHoZn2,(111),3
PmI3 (0001),11.068903012803078,"I, Pm",Hexagonal,6/mmm,PmI3,(0001),2
PmIn3 (111),6.61288707956533,"In, Pm",Cubic,m-3m,PmIn3,(111),2
PmInAg2 (111),9.976093796608547,"Ag, In, Pm",Cubic,m-3m,PmInAg2,(111),3
PmInAu2 (111),9.975452422472236,"Au, In, Pm",Cubic,m-3m,PmInAu2,(111),3
PmInCu2 (111),6.702771844676758,"Cu, In, Pm",Cubic,m-3m,PmInCu2,(111),3
PmInNi2 (111),9.274973023161797,"In, Ni, Pm",Cubic,m-3m,PmInNi2,(111),3
PmInPd2 (111),9.705164526088918,"In, Pd, Pm",Cubic,m-3m,PmInPd2,(111),3
PmInPt2 (111),9.719907520144083,"In, Pm, Pt",Cubic,m-3m,PmInPt2,(111),3
PmInRh2 (111),9.476197002037008,"In, Pm, Rh",Cubic,m-3m,PmInRh2,(111),3
PmLu3 (0001),7.119223151877627,"Lu, Pm",Hexagonal,6/mmm,PmLu3,(0001),2
PmLuIn2 (111),10.62242679584544,"In, Lu, Pm",Cubic,m-3m,PmLuIn2,(111),3
PmLuTl2 (111),10.704564121558171,"Lu, Pm, Tl",Cubic,m-3m,PmLuTl2,(111),3
PmLuZn2 (111),10.06069763333694,"Lu, Pm, Zn",Cubic,m-3m,PmLuZn2,(111),3
PmMg (111),5.472034044854119,"Mg, Pm",Cubic,m-3m,PmMg,(111),2
PmMg3 (111),7.376022771621563,"Mg, Pm",Cubic,m-3m,PmMg3,(111),2
PmMgAg2 (111),9.998309064631698,"Ag, Mg, Pm",Cubic,m-3m,PmMgAg2,(111),3
PmMgAu2 (111),9.917360046006888,"Au, Mg, Pm",Cubic,m-3m,PmMgAu2,(111),3
PmMgCd2 (111),10.276228334010273,"Cd, Mg, Pm",Cubic,m-3m,PmMgCd2,(111),3
PmMgHg2 (111),10.241489931475392,"Hg, Mg, Pm",Cubic,m-3m,PmMgHg2,(111),3
PmMgRh2 (111),9.372405719089832,"Mg, Pm, Rh",Cubic,m-3m,PmMgRh2,(111),3
PmMgTl2 (111),10.582971510247436,"Mg, Pm, Tl",Cubic,m-3m,PmMgTl2,(111),3
PmMgZn2 (111),9.7487410436549,"Mg, Pm, Zn",Cubic,m-3m,PmMgZn2,(111),3
PmN (111),7.209832681062952,"N, Pm",Cubic,m-3m,PmN,(111),2
PmNdHg2 (111),10.750009930953572,"Hg, Nd, Pm",Cubic,m-3m,PmNdHg2,(111),3
PmNdIn2 (111),10.897251935655168,"In, Nd, Pm",Cubic,m-3m,PmNdIn2,(111),3
PmNdIr2 (111),9.962277476931115,"Ir, Nd, Pm",Cubic,m-3m,PmNdIr2,(111),3
PmNdTl2 (111),10.970382012624063,"Nd, Pm, Tl",Cubic,m-3m,PmNdTl2,(111),3
PmNdZn2 (111),10.327565813675061,"Nd, Pm, Zn",Cubic,m-3m,PmNdZn2,(111),3
PmNi2Sn (111),9.252801393053145,"Ni, Pm, Sn",Cubic,m-3m,PmNi2Sn,(111),3
PmNi3 (0001),5.793264819610961,"Ni, Pm",Hexagonal,6/mmm,PmNi3,(0001),2
PmPbAu2 (111),10.17584127053089,"Au, Pb, Pm",Cubic,m-3m,PmPbAu2,(111),3
PmPd2Pb (111),9.817628437955328,"Pb, Pd, Pm",Cubic,m-3m,PmPd2Pb,(111),3
PmPd3 (111),5.872282179266134,"Pd, Pm",Cubic,m-3m,PmPd3,(111),2
PmPrHg2 (111),10.789690331066435,"Hg, Pm, Pr",Cubic,m-3m,PmPrHg2,(111),3
PmPrIn2 (111),10.942137546774243,"In, Pm, Pr",Cubic,m-3m,PmPrIn2,(111),3
PmPrIr2 (111),10.00143871924523,"Ir, Pm, Pr",Cubic,m-3m,PmPrIr2,(111),3
PmPrTl2 (111),11.009982405961562,"Pm, Pr, Tl",Cubic,m-3m,PmPrTl2,(111),3
PmPrZn2 (111),10.369530592955224,"Pm, Pr, Zn",Cubic,m-3m,PmPrZn2,(111),3
PmPuAu2 (111),10.339982043067273,"Au, Pm, Pu",Cubic,m-3m,PmPuAu2,(111),3
PmS (111),8.05670763606327,"Pm, S",Cubic,m-3m,PmS,(111),2
PmSbAu2 (111),10.10184064140028,"Au, Pm, Sb",Cubic,m-3m,PmSbAu2,(111),3
PmSbPd2 (111),9.720718090789495,"Pd, Pm, Sb",Cubic,m-3m,PmSbPd2,(111),3
PmSbRh2 (111),9.501990277515706,"Pm, Rh, Sb",Cubic,m-3m,PmSbRh2,(111),3
PmSe (111),8.37367000185002,"Pm, Se",Cubic,m-3m,PmSe,(111),2
PmSi3 (0001),6.129138037137944,"Pm, Si",Hexagonal,6/mmm,PmSi3,(0001),2
PmSmGa2 (111),10.309716288913298,"Ga, Pm, Sm",Cubic,m-3m,PmSmGa2,(111),3
PmSmHg2 (111),10.695984003022438,"Hg, Pm, Sm",Cubic,m-3m,PmSmHg2,(111),3
PmSmIn2 (111),10.825836752908282,"In, Pm, Sm",Cubic,m-3m,PmSmIn2,(111),3
PmSmIr2 (111),9.893073247383372,"Ir, Pm, Sm",Cubic,m-3m,PmSmIr2,(111),3
PmSmMg2 (111),10.901590742864528,"Mg, Pm, Sm",Cubic,m-3m,PmSmMg2,(111),3
PmSmRh2 (111),9.872976226144011,"Pm, Rh, Sm",Cubic,m-3m,PmSmRh2,(111),3
PmSmTl2 (111),10.898900229846387,"Pm, Sm, Tl",Cubic,m-3m,PmSmTl2,(111),3
PmSmZn2 (111),10.260889886849856,"Pm, Sm, Zn",Cubic,m-3m,PmSmZn2,(111),3
PmSn3 (111),6.708817403843405,"Pm, Sn",Cubic,m-3m,PmSn3,(111),2
PmSnAu2 (111),10.030119422838496,"Au, Pm, Sn",Cubic,m-3m,PmSnAu2,(111),3
PmSnPd2 (111),9.704602504992286,"Pd, Pm, Sn",Cubic,m-3m,PmSnPd2,(111),3
PmSnPt2 (111),9.741455552782709,"Pm, Pt, Sn",Cubic,m-3m,PmSnPt2,(111),3
PmSnRh2 (111),9.495736257447366,"Pm, Rh, Sn",Cubic,m-3m,PmSnRh2,(111),3
PmTl3 (111),6.753417032695897,"Pm, Tl",Cubic,m-3m,PmTl3,(111),2
PmTlAg2 (111),10.039506067369027,"Ag, Pm, Tl",Cubic,m-3m,PmTlAg2,(111),3
PmTlAu2 (111),10.109596273429148,"Au, Pm, Tl",Cubic,m-3m,PmTlAu2,(111),3
PmTlTe2 (111),11.19718960510321,"Pm, Te, Tl",Cubic,m-3m,PmTlTe2,(111),3
PmTm3 (0001),7.168361998698349,"Pm, Tm",Hexagonal,6/mmm,PmTm3,(0001),2
PmTmTl2 (111),10.733652514637198,"Pm, Tl, Tm",Cubic,m-3m,PmTmTl2,(111),3
PmTmZn2 (111),10.103071233473715,"Pm, Tm, Zn",Cubic,m-3m,PmTmZn2,(111),3
PmYIn2 (111),10.737920469747083,"In, Pm, Y",Cubic,m-3m,PmYIn2,(111),3
PmYIr2 (111),9.802461133761033,"Ir, Pm, Y",Cubic,m-3m,PmYIr2,(111),3
PmYMg2 (111),10.867271484945269,"Mg, Pm, Y",Cubic,m-3m,PmYMg2,(111),3
PmYRh2 (111),9.79019444331091,"Pm, Rh, Y",Cubic,m-3m,PmYRh2,(111),3
PmYTl2 (111),10.816168877868916,"Pm, Tl, Y",Cubic,m-3m,PmYTl2,(111),3
PmYZn2 (111),10.199491663618073,"Pm, Y, Zn",Cubic,m-3m,PmYZn2,(111),3
PmZn2Cd (111),9.696908051842124,"Cd, Pm, Zn",Cubic,m-3m,PmZn2Cd,(111),3
PmZn3 (0001),6.436635631391248,"Pm, Zn",Hexagonal,6/mmm,PmZn3,(0001),2
PmZnRh2 (111),9.289196730623805,"Pm, Rh, Zn",Cubic,m-3m,PmZnRh2,(111),3
Pr(AlGe)2 (0001),4.26651987539085,"Al, Ge, Pr",Trigonal,-3m,Pr(AlGe)2,(0001),3
Pr(AlSi)2 (0001),4.214908003329538,"Al, Pr, Si",Trigonal,-3m,Pr(AlSi)2,(0001),3
Pr(As3Ru)4 (111),12.079731376196614,"As, Pr, Ru",Cubic,m-3,Pr(As3Ru)4,(111),3
Pr(CdP)3 (0001),4.297940918004814,"Cd, P, Pr",Hexagonal,6/mmm,Pr(CdP)3,(0001),3
Pr(ClO4)3 (0001),9.29942419827328,"Cl, O, Pr",Hexagonal,6/m,Pr(ClO4)3,(0001),3
Pr(Co2B)6 (0001),9.39924622727671,"B, Co, Pr",Trigonal,-3m,Pr(Co2B)6,(0001),3
Pr(FeAs3)4 (111),11.741519867900983,"As, Fe, Pr",Cubic,m-3,Pr(FeAs3)4,(111),3
Pr(FeP3)4 (111),11.0115596814356,"Fe, P, Pr",Cubic,m-3,Pr(FeP3)4,(111),3
Pr(FeSb3)4 (111),12.9260777873363,"Fe, Pr, Sb",Cubic,m-3,Pr(FeSb3)4,(111),3
Pr(Ge2Rh3)2 (0001),7.167272957330932,"Ge, Pr, Rh",Hexagonal,-6m2,Pr(Ge2Rh3)2,(0001),3
Pr(HO)3 (0001),6.46680663575357,"H, O, Pr",Hexagonal,6/m,Pr(HO)3,(0001),3
Pr(Mo3S4)2 (0001),9.171389298040054,"Mo, Pr, S",Trigonal,-3,Pr(Mo3S4)2,(0001),3
Pr(P3Os)4 (111),11.454341035181251,"Os, P, Pr",Cubic,m-3,Pr(P3Os)4,(111),3
Pr(ReO4)2 (0001),6.2725722606156555,"O, Pr, Re",Trigonal,-3,Pr(ReO4)2,(0001),3
Pr(Sb3Os)4 (111),13.246721043676365,"Os, Pr, Sb",Cubic,m-3,Pr(Sb3Os)4,(111),3
Pr(ZnP)3 (0001),4.030255150657599,"P, Pr, Zn",Hexagonal,6/mmm,Pr(ZnP)3,(0001),3
Pr12(MnC3)5 (0001),10.842331658405154,"C, Mn, Pr",Hexagonal,-6m2,Pr12(MnC3)5,(0001),3
Pr12(OsC3)5 (0001),11.031863003060497,"C, Os, Pr",Hexagonal,-6m2,Pr12(OsC3)5,(0001),3
Pr12(ReC3)5 (0001),11.092642201709248,"C, Pr, Re",Hexagonal,-6m2,Pr12(ReC3)5,(0001),3
Pr12InCo6 (111),14.326110666060066,"Co, In, Pr",Cubic,m-3,Pr12InCo6,(111),3
Pr12Ni6Pb (111),14.34528522407696,"Ni, Pb, Pr",Cubic,m-3,Pr12Ni6Pb,(111),3
Pr13Zn58 (0001),14.62906565895316,"Pr, Zn",Hexagonal,6/mmm,Pr13Zn58,(0001),2
Pr14Ag51 (0001),12.799386387417552,"Ag, Pr",Hexagonal,-6,Pr14Ag51,(0001),2
Pr14Au51 (0001),13.050880827580832,"Au, Pr",Hexagonal,-6,Pr14Au51,(0001),2
Pr2(Zn2Ge)3 (0001),7.620307772196778,"Ge, Pr, Zn",Hexagonal,-6m2,Pr2(Zn2Ge)3,(0001),3
Pr23Cd4Ir7 (0001),10.119303855972404,"Cd, Ir, Pr",Hexagonal,6mm,Pr23Cd4Ir7,(0001),3
Pr23Cd4Ni7 (0001),9.918346173411294,"Cd, Ni, Pr",Hexagonal,6mm,Pr23Cd4Ni7,(0001),3
Pr23Cd4Pt7 (0001),10.175470209817846,"Cd, Pr, Pt",Hexagonal,6mm,Pr23Cd4Pt7,(0001),3
Pr23Cd4Rh7 (0001),10.063656107842814,"Cd, Pr, Rh",Hexagonal,6mm,Pr23Cd4Rh7,(0001),3
Pr23Cd4Ru7 (0001),10.04929572886938,"Cd, Pr, Ru",Hexagonal,6mm,Pr23Cd4Ru7,(0001),3
Pr23Mg4Ni7 (0001),10.032462452713903,"Mg, Ni, Pr",Hexagonal,6mm,Pr23Mg4Ni7,(0001),3
Pr23Mg4Pt7 (0001),10.227692974188264,"Mg, Pr, Pt",Hexagonal,6mm,Pr23Mg4Pt7,(0001),3
Pr23Mg4Rh7 (0001),10.116019132420954,"Mg, Pr, Rh",Hexagonal,6mm,Pr23Mg4Rh7,(0001),3
Pr2AgHg (111),10.765969896690377,"Ag, Hg, Pr",Cubic,m-3m,Pr2AgHg,(111),3
Pr2C3 (111),12.297700764459103,"C, Pr",Cubic,-43m,Pr2C3,(111),2
Pr2CBr (0001),3.8457198267653077,"Br, C, Pr",Hexagonal,6/mmm,Pr2CBr,(0001),3
Pr2Co12P7 (0001),8.997953451264511,"Co, P, Pr",Hexagonal,-6,Pr2Co12P7,(0001),3
Pr2Co17 (0001),8.377695666708068,"Co, Pr",Trigonal,-3m,Pr2Co17,(0001),2
Pr2Co2I (0001),4.0743203812206055,"Co, I, Pr",Hexagonal,6/mmm,Pr2Co2I,(0001),3
Pr2Fe12P7 (0001),9.069323152029593,"Fe, P, Pr",Hexagonal,-6,Pr2Fe12P7,(0001),3
Pr2GeRh3 (0001),5.689212284066113,"Ge, Pr, Rh",Trigonal,-3m,Pr2GeRh3,(0001),3
Pr2Ir2O7 (111),14.793787781877112,"Ir, O, Pr",Cubic,m-3m,Pr2Ir2O7,(111),3
Pr2MgIn (111),11.037072175865703,"In, Mg, Pr",Cubic,m-3m,Pr2MgIn,(111),3
Pr2Ni12As7 (0001),9.338877628565816,"As, Ni, Pr",Hexagonal,-6,Pr2Ni12As7,(0001),3
Pr2Ni12P7 (0001),9.105783,"Ni, P, Pr",Hexagonal,-6,Pr2Ni12P7,(0001),3
Pr2Ni2I (0001),4.080548851471818,"I, Ni, Pr",Hexagonal,6/mmm,Pr2Ni2I,(0001),3
Pr2Ni7 (0001),5.0660585324563,"Ni, Pr",Hexagonal,6/mmm,Pr2Ni7,(0001),2
Pr2O3 (111),15.897144335543441,"O, Pr",Cubic,m-3,Pr2O3,(111),2
Pr2SO2 (0001),4.007890444631411,"O, Pr, S",Trigonal,-3m,Pr2SO2,(0001),3
Pr2SeO2 (0001),4.040834730090051,"O, Pr, Se",Trigonal,-3m,Pr2SeO2,(0001),3
Pr2Si3Pd (0001),8.2888962141996,"Pd, Pr, Si",Hexagonal,6/mmm,Pr2Si3Pd,(0001),3
Pr2Si3Pd (0001),8.265360919559576,"Pd, Pr, Si",Hexagonal,6/mmm,Pr2Si3Pd,(0001),3
Pr2Sn2O7 (111),15.089093788771299,"O, Pr, Sn",Cubic,m-3m,Pr2Sn2O7,(111),3
Pr2TlAg (111),10.898409573166095,"Ag, Pr, Tl",Cubic,m-3m,Pr2TlAg,(111),3
Pr2TlCd (111),11.030032008620774,"Cd, Pr, Tl",Cubic,m-3m,Pr2TlCd,(111),3
Pr2TlHg (111),10.99791463879112,"Hg, Pr, Tl",Cubic,m-3m,Pr2TlHg,(111),3
Pr2Zn17 (0001),8.975378733811787,"Pr, Zn",Trigonal,-3m,Pr2Zn17,(0001),2
Pr2Zr2O7 (111),15.208122826873248,"O, Pr, Zr",Cubic,m-3m,Pr2Zr2O7,(111),3
Pr3(Al3Os)4 (0001),8.87930719807368,"Al, Os, Pr",Hexagonal,6/mmm,Pr3(Al3Os)4,(0001),3
Pr3(Al3Ru)4 (0001),8.873366041529424,"Al, Pr, Ru",Hexagonal,6/mmm,Pr3(Al3Ru)4,(0001),3
Pr3(GaNi3)2 (111),12.782463545557844,"Ga, Ni, Pr",Cubic,m-3m,Pr3(GaNi3)2,(111),3
Pr3AlN (111),7.1310398007196065,"Al, N, Pr",Cubic,m-3m,Pr3AlN,(111),3
Pr3Bi4Au3 (111),14.604420456371756,"Au, Bi, Pr",Cubic,-43m,Pr3Bi4Au3,(111),3
Pr3Bi4Pt3 (111),14.38131355908635,"Bi, Pr, Pt",Cubic,-43m,Pr3Bi4Pt3,(111),3
Pr3Co4Sn13 (111),13.582235209064226,"Co, Pr, Sn",Cubic,m-3m,Pr3Co4Sn13,(111),3
Pr3Cu3Sb4 (111),13.859764834322096,"Cu, Pr, Sb",Cubic,-43m,Pr3Cu3Sb4,(111),3
Pr3In (111),7.119751321790574,"In, Pr",Cubic,m-3m,Pr3In,(111),2
Pr3InN (111),7.1825562632528515,"In, N, Pr",Cubic,m-3m,Pr3InN,(111),3
Pr3InO (111),7.090672304947466,"In, O, Pr",Cubic,m-3m,Pr3InO,(111),3
Pr3MgNi14 (0001),4.985525470654294,"Mg, Ni, Pr",Trigonal,3m,Pr3MgNi14,(0001),3
Pr3Ni3Bi4 (111),13.972851563881134,"Bi, Ni, Pr",Cubic,-43m,Pr3Ni3Bi4,(111),3
Pr3Pd4 (0001),13.802677629342584,"Pd, Pr",Trigonal,-3,Pr3Pd4,(0001),2
Pr3Rh2 (0001),8.927733661347244,"Pr, Rh",Trigonal,-3,Pr3Rh2,(0001),2
Pr3Rh4Pb13 (111),14.272406924262718,"Pb, Pr, Rh",Cubic,m-3m,Pr3Rh4Pb13,(111),3
Pr3Sb4Au3 (111),14.322030094247197,"Au, Pr, Sb",Cubic,-43m,Pr3Sb4Au3,(111),3
Pr3Sb5O12 (111),15.660472554679938,"O, Pr, Sb",Cubic,-43m,Pr3Sb5O12,(111),3
Pr3Sn13Ir4 (111),13.84532300328574,"Ir, Pr, Sn",Cubic,m-3m,Pr3Sn13Ir4,(111),3
Pr3Sn13Rh4 (111),13.831071690372543,"Pr, Rh, Sn",Cubic,m-3m,Pr3Sn13Rh4,(111),3
Pr3Sn13Ru4 (111),13.862088266297471,"Pr, Ru, Sn",Cubic,m-3m,Pr3Sn13Ru4,(111),3
Pr3SnN (111),7.142434001540516,"N, Pr, Sn",Cubic,m-3m,Pr3SnN,(111),3
Pr4Ge3 (111),13.089871751658976,"Ge, Pr",Cubic,-43m,Pr4Ge3,(111),2
Pr5AgSn3 (0001),9.604998760392627,"Ag, Pr, Sn",Hexagonal,6/mmm,Pr5AgSn3,(0001),3
Pr5Al2Ru3 (111),14.010848125901811,"Al, Pr, Ru",Cubic,23,Pr5Al2Ru3,(111),3
Pr5Bi3 (0001),9.585754552102639,"Bi, Pr",Hexagonal,6/mmm,Pr5Bi3,(0001),2
Pr5Bi3Br (0001),9.700380025103945,"Bi, Br, Pr",Hexagonal,6/mmm,Pr5Bi3Br,(0001),3
Pr5Ge3O13 (0001),9.846957479084413,"Ge, O, Pr",Hexagonal,6/m,Pr5Ge3O13,(0001),3
Pr5Ni19 (0001),5.011361848782804,"Ni, Pr",Hexagonal,6/mmm,Pr5Ni19,(0001),2
Pr5P12Ru19 (0001),12.578075807266764,"P, Pr, Ru",Hexagonal,-6m2,Pr5P12Ru19,(0001),3
Pr5Pb3 (0001),9.443958074392643,"Pb, Pr",Hexagonal,6/mmm,Pr5Pb3,(0001),2
Pr5Sb3 (0001),9.436128471047128,"Pr, Sb",Hexagonal,6/mmm,Pr5Sb3,(0001),2
Pr6Cd4Pd13 (111),13.922052272617155,"Cd, Pd, Pr",Cubic,m-3m,Pr6Cd4Pd13,(111),3
Pr6Ge3S14 (0001),10.329521574077093,"Ge, Pr, S",Trigonal,3,Pr6Ge3S14,(0001),3
Pr6Ge3Se14 (0001),10.7389996207693,"Ge, Pr, Se",Trigonal,3,Pr6Ge3Se14,(0001),3
Pr6Ni20P13 (0001),12.746229508188726,"Ni, P, Pr",Hexagonal,-6,Pr6Ni20P13,(0001),3
Pr7Pd3 (0001),10.262666,"Pd, Pr",Hexagonal,6mm,Pr7Pd3,(0001),2
Pr7Pt3 (0001),10.269488,"Pr, Pt",Hexagonal,6mm,Pr7Pt3,(0001),2
Pr7Rh3 (0001),10.269188382934198,"Pr, Rh",Hexagonal,6mm,Pr7Rh3,(0001),2
Pr8Ga3Co (0001),10.515543113128182,"Co, Ga, Pr",Hexagonal,6mm,Pr8Ga3Co,(0001),3
PrAg (111),5.321977557173502,"Ag, Pr",Cubic,m-3m,PrAg,(111),2
PrAgGe (0001),4.534650439014872,"Ag, Ge, Pr",Hexagonal,6mm,PrAgGe,(0001),3
PrAgHg2 (111),10.220641901552035,"Ag, Hg, Pr",Cubic,m-3m,PrAgHg2,(111),3
PrAgPb (0001),4.875359584248422,"Ag, Pb, Pr",Hexagonal,6mm,PrAgPb,(0001),3
PrAgSn (0001),4.802541160376407,"Ag, Pr, Sn",Hexagonal,6mm,PrAgSn,(0001),3
PrAl2 (111),11.404616689993682,"Al, Pr",Cubic,m-3m,PrAl2,(111),2
PrAl2Ag (0001),5.657786678935372,"Ag, Al, Pr",Trigonal,-3m,PrAl2Ag,(0001),3
PrAl3 (0001),6.56690822184361,"Al, Pr",Hexagonal,6/mmm,PrAl3,(0001),2
PrAl7Au3 (0001),8.17427215465218,"Al, Au, Pr",Trigonal,-3m,PrAl7Au3,(0001),3
PrAlCu (0001),7.277409759283525,"Al, Cu, Pr",Hexagonal,-6m2,PrAlCu,(0001),3
PrAlH6 (0001),6.465862718918915,"Al, H, Pr",Trigonal,-3m,PrAlH6,(0001),3
PrAlNi (0001),7.04690865338187,"Al, Ni, Pr",Hexagonal,-6m2,PrAlNi,(0001),3
PrAlO3 (0001),5.3478744394217825,"Al, O, Pr",Trigonal,-3m,PrAlO3,(0001),3
PrAlPd (0001),7.268923201895671,"Al, Pd, Pr",Hexagonal,-6m2,PrAlPd,(0001),3
PrAlSi2 (0001),4.155878633496089,"Al, Pr, Si",Trigonal,-3m,PrAlSi2,(0001),3
PrAs (111),8.621503761016827,"As, Pr",Cubic,m-3m,PrAs,(111),2
PrAsPd (0001),4.375981078173809,"As, Pd, Pr",Hexagonal,6/mmm,PrAsPd,(0001),3
PrB2Ir3 (0001),5.674472583753085,"B, Ir, Pr",Hexagonal,6/mmm,PrB2Ir3,(0001),3
PrB2Rh3 (0001),5.469149905845341,"B, Pr, Rh",Hexagonal,6/mmm,PrB2Rh3,(0001),3
PrB6 (111),5.856056214100382,"B, Pr",Cubic,m-3m,PrB6,(111),2
PrBN2 (0001),12.208207481513721,"B, N, Pr",Trigonal,-3m,PrBN2,(0001),3
PrBPt2 (0001),5.486319557068759,"B, Pr, Pt",Hexagonal,622,PrBPt2,(0001),3
PrBPt4 (0001),5.471119554783999,"B, Pr, Pt",Hexagonal,6/mmm,PrBPt4,(0001),3
PrBRh3 (111),6.005060097912479,"B, Pr, Rh",Cubic,m-3m,PrBRh3,(111),3
PrBe13 (111),14.623881392635028,"Be, Pr",Cubic,m-3m,PrBe13,(111),2
PrBi (111),9.281998117250701,"Bi, Pr",Cubic,m-3m,PrBi,(111),2
PrBiPd (111),9.707621115556899,"Bi, Pd, Pr",Cubic,-43m,PrBiPd,(111),3
PrBr3 (0001),8.029468645519184,"Br, Pr",Hexagonal,6/m,PrBr3,(0001),2
PrCd (111),5.479977215743493,"Cd, Pr",Cubic,m-3m,PrCd,(111),2
PrCd11 (111),13.225737322125099,"Cd, Pr",Cubic,m-3m,PrCd11,(111),2
PrCd2 (0001),5.06234122249832,"Cd, Pr",Hexagonal,6/mmm,PrCd2,(0001),2
PrCdAg2 (111),10.078267992341491,"Ag, Cd, Pr",Cubic,m-3m,PrCdAg2,(111),3
PrCdAu (0001),7.965899129979366,"Au, Cd, Pr",Hexagonal,-6m2,PrCdAu,(0001),3
PrCdAu2 (111),10.068875464682721,"Au, Cd, Pr",Cubic,m-3m,PrCdAu2,(111),3
PrCdHg2 (111),10.358601126281137,"Cd, Hg, Pr",Cubic,m-3m,PrCdHg2,(111),3
PrCdIn (0001),4.923085751537237,"Cd, In, Pr",Trigonal,-3m,PrCdIn,(0001),3
PrCdNi4 (111),10.030005913362423,"Cd, Ni, Pr",Cubic,-43m,PrCdNi4,(111),3
PrCdPd (0001),7.716443498375389,"Cd, Pd, Pr",Hexagonal,-6m2,PrCdPd,(0001),3
PrCl3 (0001),7.499680351730479,"Cl, Pr",Hexagonal,6/m,PrCl3,(0001),2
PrCu4Pd (0001),5.1249440928845695,"Cu, Pd, Pr",Hexagonal,-6m2,PrCu4Pd,(0001),3
PrCu5 (0001),5.090523924340454,"Cu, Pr",Hexagonal,6/mmm,PrCu5,(0001),2
PrCuGe (0001),4.19596378,"Cu, Ge, Pr",Hexagonal,-6m2,PrCuGe,(0001),3
PrCuO2 (0001),3.788307097202936,"Cu, O, Pr",Trigonal,-3m,PrCuO2,(0001),3
PrCuSi (0001),4.177287707719845,"Cu, Pr, Si",Hexagonal,6/mmm,PrCuSi,(0001),3
PrCuSn (0001),4.540717258490446,"Cu, Pr, Sn",Hexagonal,6/mmm,PrCuSn,(0001),3
PrDyMg2 (111),10.883433343810237,"Dy, Mg, Pr",Cubic,m-3m,PrDyMg2,(111),3
PrEuHg2 (111),10.911668570131356,"Eu, Hg, Pr",Cubic,m-3m,PrEuHg2,(111),3
PrF3 (0001),7.064021843586717,"F, Pr",Trigonal,-3m,PrF3,(0001),2
PrGa2 (0001),4.25737199741603,"Ga, Pr",Hexagonal,6/mmm,PrGa2,(0001),2
PrGa2Ni3 (0001),8.858809700548179,"Ga, Ni, Pr",Hexagonal,-6m2,PrGa2Ni3,(0001),3
PrGa3 (0001),6.515102271171895,"Ga, Pr",Hexagonal,6/mmm,PrGa3,(0001),2
PrGeAu (0001),4.465661234370208,"Au, Ge, Pr",Hexagonal,6mm,PrGeAu,(0001),3
PrH2 (111),7.853695156717131,"H, Pr",Cubic,m-3m,PrH2,(111),2
PrHSe (0001),4.053072953486575,"H, Pr, Se",Hexagonal,6/mmm,PrHSe,(0001),3
PrHg (111),5.438622344346375,"Hg, Pr",Cubic,m-3m,PrHg,(111),2
PrHg3 (0001),6.819126527722061,"Hg, Pr",Hexagonal,6/mmm,PrHg3,(0001),2
PrHgPd (0001),7.8121953911164175,"Hg, Pd, Pr",Hexagonal,-6m2,PrHgPd,(0001),3
PrHoIn2 (111),10.781735549483713,"Ho, In, Pr",Cubic,m-3m,PrHoIn2,(111),3
PrI3 (0001),11.143552591743356,"I, Pr",Hexagonal,6/mmm,PrI3,(0001),2
PrIn (111),5.513637223868519,"In, Pr",Cubic,m-3m,PrIn,(111),2
PrIn3 (111),6.67730007068673,"In, Pr",Cubic,m-3m,PrIn3,(111),2
PrInAg2 (111),10.080552073508677,"Ag, In, Pr",Cubic,m-3m,PrInAg2,(111),3
PrInAu (0001),7.844124107720515,"Au, In, Pr",Hexagonal,-6m2,PrInAu,(0001),3
PrInAu2 (111),10.0794017382608,"Au, In, Pr",Cubic,m-3m,PrInAu2,(111),3
PrInCu (0001),7.645971681345129,"Cu, In, Pr",Hexagonal,-6m2,PrInCu,(0001),3
PrInNi (0001),7.616406950509155,"In, Ni, Pr",Hexagonal,-6m2,PrInNi,(0001),3
PrInPd (0001),7.825617048448507,"In, Pd, Pr",Hexagonal,-6m2,PrInPd,(0001),3
PrInPt (0001),7.787667571066009,"In, Pr, Pt",Hexagonal,-6m2,PrInPt,(0001),3
PrInPt4 (111),10.859245257293376,"In, Pr, Pt",Cubic,-43m,PrInPt4,(111),3
PrInRh (0001),7.613024477031061,"In, Pr, Rh",Hexagonal,-6m2,PrInRh,(0001),3
PrIr2 (111),10.869657172914119,"Ir, Pr",Cubic,m-3m,PrIr2,(111),2
PrMg (111),5.5415548178235285,"Mg, Pr",Cubic,m-3m,PrMg,(111),2
PrMg2Cu9 (0001),5.019132718577911,"Cu, Mg, Pr",Hexagonal,6/mmm,PrMg2Cu9,(0001),3
PrMg3 (111),10.486728960386895,"Mg, Pr",Cubic,m-3m,PrMg3,(111),2
PrMgAg (0001),7.769441752599084,"Ag, Mg, Pr",Hexagonal,-6m2,PrMgAg,(0001),3
PrMgAg2 (111),10.110726880603723,"Ag, Mg, Pr",Cubic,m-3m,PrMgAg2,(111),3
PrMgAu2 (111),10.032598963477405,"Au, Mg, Pr",Cubic,m-3m,PrMgAu2,(111),3
PrMgCd2 (111),10.383535747853305,"Cd, Mg, Pr",Cubic,m-3m,PrMgCd2,(111),3
PrMgGa (0001),7.49289201372826,"Ga, Mg, Pr",Hexagonal,-6m2,PrMgGa,(0001),3
PrMgHg2 (111),10.356250679907474,"Hg, Mg, Pr",Cubic,m-3m,PrMgHg2,(111),3
PrMgIn (0001),7.745223835683844,"In, Mg, Pr",Hexagonal,-6m2,PrMgIn,(0001),3
PrMgNi4 (111),9.96832908643485,"Mg, Ni, Pr",Cubic,-43m,PrMgNi4,(111),3
PrMgPd (0001),7.687114856013722,"Mg, Pd, Pr",Hexagonal,-6m2,PrMgPd,(0001),3
PrMgPt (0001),7.585081121213047,"Mg, Pr, Pt",Hexagonal,-6m2,PrMgPt,(0001),3
PrMgTl (0001),7.75150048776927,"Mg, Pr, Tl",Hexagonal,-6m2,PrMgTl,(0001),3
PrMgZn2 (111),9.864488172911193,"Mg, Pr, Zn",Cubic,m-3m,PrMgZn2,(111),3
PrN (111),7.3726506770353595,"N, Pr",Cubic,m-3m,PrN,(111),2
PrNdHg2 (111),10.827315058629301,"Hg, Nd, Pr",Cubic,m-3m,PrNdHg2,(111),3
PrNdTl2 (111),11.049432058275606,"Nd, Pr, Tl",Cubic,m-3m,PrNdTl2,(111),3
PrNdZn2 (111),10.407941642208218,"Nd, Pr, Zn",Cubic,m-3m,PrNdZn2,(111),3
PrNi3 (0001),5.019601783818361,"Ni, Pr",Trigonal,-3m,PrNi3,(0001),2
PrNi4B (0001),5.089892097636057,"B, Ni, Pr",Hexagonal,6/mmm,PrNi4B,(0001),3
PrNi5 (0001),4.931975990160959,"Ni, Pr",Hexagonal,6/mmm,PrNi5,(0001),2
PrNi5Sn (0001),4.93130376713278,"Ni, Pr, Sn",Hexagonal,6/mmm,PrNi5Sn,(0001),3
PrNiAs (0001),4.116927719455824,"As, Ni, Pr",Hexagonal,6/mmm,PrNiAs,(0001),3
PrNiBi (111),9.386427363718049,"Bi, Ni, Pr",Cubic,-43m,PrNiBi,(111),3
PrNiP (0001),3.966070068142361,"Ni, P, Pr",Hexagonal,6/mmm,PrNiP,(0001),3
PrNiSb (0001),4.356258211908251,"Ni, Pr, Sb",Hexagonal,6/mmm,PrNiSb,(0001),3
PrOF (0001),4.000586773727388,"F, O, Pr",Trigonal,-3m,PrOF,(0001),3
PrOs2 (0001),5.349068829851152,"Os, Pr",Hexagonal,6/mmm,PrOs2,(0001),2
PrP (111),8.43294485589554,"P, Pr",Cubic,m-3m,PrP,(111),2
PrPPd (0001),4.235905230749452,"P, Pd, Pr",Hexagonal,6/mmm,PrPPd,(0001),3
PrPb3 (111),6.966177034442097,"Pb, Pr",Cubic,m-3m,PrPb3,(111),2
PrPbAu2 (111),10.264164498353532,"Au, Pb, Pr",Cubic,m-3m,PrPbAu2,(111),3
PrPd3 (111),5.923670655471983,"Pd, Pr",Cubic,m-3m,PrPd3,(111),2
PrPd3S4 (111),9.547288584436552,"Pd, Pr, S",Cubic,m-3m,PrPd3S4,(111),3
PrPdPb (0001),7.8335989761098626,"Pb, Pd, Pr",Hexagonal,-6m2,PrPdPb,(0001),3
PrPt2 (111),11.01789732258024,"Pr, Pt",Cubic,m-3m,PrPt2,(111),2
PrPt5 (0001),5.4038860871460095,"Pr, Pt",Hexagonal,6/mmm,PrPt5,(0001),2
PrRh2 (111),10.804409864913803,"Pr, Rh",Cubic,m-3m,PrRh2,(111),2
PrS (111),8.212587321981664,"Pr, S",Cubic,m-3m,PrS,(111),2
PrSb (111),9.133071569234653,"Pr, Sb",Cubic,m-3m,PrSb,(111),2
PrSbPd (0001),4.602157597339766,"Pd, Pr, Sb",Hexagonal,6mm,PrSbPd,(0001),3
PrSbPt (0001),4.54064805,"Pr, Pt, Sb",Hexagonal,6mm,PrSbPt,(0001),3
PrSe (111),8.52484326295526,"Pr, Se",Cubic,m-3m,PrSe,(111),2
PrSiI (0001),4.21334275647432,"I, Pr, Si",Trigonal,-3m,PrSiI,(0001),3
PrSiIr (111),9.001236771226557,"Ir, Pr, Si",Cubic,23,PrSiIr,(111),3
PrSm3S4 (0001),4.0206113127697565,"Pr, S, Sm",Trigonal,-3m,PrSm3S4,(0001),3
PrSn3 (111),6.763174738580744,"Pr, Sn",Cubic,m-3m,PrSn3,(111),2
PrSn3Ru (111),13.835213549495432,"Pr, Ru, Sn",Cubic,m-3m,PrSn3Ru,(111),3
PrSnAu (0001),4.759553958414125,"Au, Pr, Sn",Hexagonal,6mm,PrSnAu,(0001),3
PrSnAu2 (111),10.129348226559285,"Au, Pr, Sn",Cubic,m-3m,PrSnAu2,(111),3
PrSnIr (0001),7.474720104555568,"Ir, Pr, Sn",Hexagonal,-6m2,PrSnIr,(0001),3
PrSnRh (0001),7.470528088766116,"Pr, Rh, Sn",Hexagonal,-6m2,PrSnRh,(0001),3
PrTe (111),9.070979881846117,"Pr, Te",Cubic,m-3m,PrTe,(111),2
PrTiGe3 (0001),6.270559958467774,"Ge, Pr, Ti",Hexagonal,6/mmm,PrTiGe3,(0001),3
PrTl (111),5.5375378997631,"Pr, Tl",Cubic,m-3m,PrTl,(111),2
PrTl3 (111),6.811908297523816,"Pr, Tl",Cubic,m-3m,PrTl3,(111),2
PrTlSe2 (0001),4.34946511526316,"Pr, Se, Tl",Trigonal,-3m,PrTlSe2,(0001),3
PrTlTe2 (0001),4.609990936156723,"Pr, Te, Tl",Trigonal,-3m,PrTlTe2,(0001),3
PrUN2 (0001),3.5449338833620914,"N, Pr, U",Trigonal,-3m,PrUN2,(0001),3
PrUS2 (0001),3.9755173103778834,"Pr, S, U",Trigonal,-3m,PrUS2,(0001),3
PrYMg2 (111),10.921613602744674,"Mg, Pr, Y",Cubic,m-3m,PrYMg2,(111),3
PrZn (111),5.236689377785941,"Pr, Zn",Cubic,m-3m,PrZn,(111),2
PrZnGa (0001),4.45859456065855,"Ga, Pr, Zn",Hexagonal,6/mmm,PrZnGa,(0001),3
PrZnGe (0001),4.261184469258405,"Ge, Pr, Zn",Hexagonal,6/mmm,PrZnGe,(0001),3
PrZnIn (0001),4.710669127868642,"In, Pr, Zn",Hexagonal,6/mmm,PrZnIn,(0001),3
PrZnNi (0001),7.179757709521148,"Ni, Pr, Zn",Hexagonal,-6m2,PrZnNi,(0001),3
PrZnPd (0001),7.436675080327229,"Pd, Pr, Zn",Hexagonal,-6m2,PrZnPd,(0001),3
PrZnSn (0001),4.540740308866887,"Pr, Sn, Zn",Hexagonal,6/mmm,PrZnSn,(0001),3
Pt (111),5.576456720253973,Pt,Cubic,m-3m,Pt,(111),1
Pt(OF3)2 (111),14.267545112593718,"F, O, Pt",Cubic,m-3,Pt(OF3)2,(111),3
Pt3O4 (111),7.923346207954559,"O, Pt",Cubic,m-3m,Pt3O4,(111),2
PtCl2 (0001),13.238953589931723,"Cl, Pt",Trigonal,-3m,PtCl2,(0001),2
PtPb (0001),4.327082465986977,"Pb, Pt",Hexagonal,6/mmm,PtPb,(0001),2
PtPbF6 (0001),7.282543191880931,"F, Pb, Pt",Trigonal,-3m,PtPbF6,(0001),3
PtS2 (0001),3.54874218934387,"Pt, S",Trigonal,-3m,PtS2,(0001),2
PtSe2 (0001),3.7173065480242062,"Pt, Se",Trigonal,-3m,PtSe2,(0001),2
Pu (0001),6.223700460119417,Pu,Hexagonal,6/m,Pu,(0001),1
Pu2C3 (111),11.556536271847271,"C, Pu",Cubic,-43m,Pu2C3,(111),2
Pu2HgGe (111),10.366364989032938,"Ge, Hg, Pu",Cubic,m-3m,Pu2HgGe,(111),3
Pu2SO2 (0001),3.8998284058510393,"O, Pu, S",Trigonal,-3m,Pu2SO2,(0001),3
Pu2Zn17 (0001),10.116039592905143,"Pu, Zn",Trigonal,-3m,Pu2Zn17,(0001),2
Pu3Ge (111),6.487987715662539,"Ge, Pu",Cubic,m-3m,Pu3Ge,(111),2
Pu3Se4 (111),12.525548462272742,"Pu, Se",Cubic,-43m,Pu3Se4,(111),2
Pu3Sn (111),6.71533380295397,"Pu, Sn",Cubic,m-3m,Pu3Sn,(111),2
Pu4Bi3 (111),13.51371965603525,"Bi, Pu",Cubic,-43m,Pu4Bi3,(111),2
Pu4Sb3 (111),13.190337461285452,"Pu, Sb",Cubic,-43m,Pu4Sb3,(111),2
PuAl2 (111),11.040692166605577,"Al, Pu",Cubic,m-3m,PuAl2,(111),2
PuAs (111),8.315136784717433,"As, Pu",Cubic,m-3m,PuAs,(111),2
PuAu3 (0001),6.446600508980983,"Au, Pu",Hexagonal,6/mmm,PuAu3,(0001),2
PuB12 (111),10.562512478659274,"B, Pu",Cubic,m-3m,PuB12,(111),2
PuB2C (0001),6.5881492408160485,"B, C, Pu",Trigonal,-3m,PuB2C,(0001),3
PuB2Ir3 (0001),5.479551898953097,"B, Ir, Pu",Hexagonal,6/mmm,PuB2Ir3,(0001),3
PuB2Rh3 (0001),5.620546241151214,"B, Pu, Rh",Hexagonal,6/mmm,PuB2Rh3,(0001),3
PuB2Ru3 (0001),5.567123649251908,"B, Pu, Ru",Hexagonal,6/mmm,PuB2Ru3,(0001),3
PuBe13 (111),10.240040588848133,"Be, Pu",Cubic,m-3m,PuBe13,(111),2
PuBi (111),9.120406862989213,"Bi, Pu",Cubic,m-3m,PuBi,(111),2
PuCd11 (111),13.219348475649767,"Cd, Pu",Cubic,m-3m,PuCd11,(111),2
PuCdAu2 (111),9.984650986026097,"Au, Cd, Pu",Cubic,m-3m,PuCdAu2,(111),3
PuCdHg2 (111),10.28326956191597,"Cd, Hg, Pu",Cubic,m-3m,PuCdHg2,(111),3
PuCl3 (0001),7.391154003061179,"Cl, Pu",Hexagonal,6/m,PuCl3,(0001),2
PuCo2 (111),10.075566505026103,"Co, Pu",Cubic,m-3m,PuCo2,(111),2
PuCu2 (0001),4.49296782,"Cu, Pu",Hexagonal,mmm,PuCu2,(0001),2
PuF3 (0001),4.095424567507774,"F, Pu",Hexagonal,6/mmm,PuF3,(0001),2
PuGa2 (0001),4.51866285439129,"Ga, Pu",Hexagonal,6/mmm,PuGa2,(0001),2
PuGa3 (0001),6.2910436908692615,"Ga, Pu",Hexagonal,6/mmm,PuGa3,(0001),2
PuGaRh (0001),6.956197842595982,"Ga, Pu, Rh",Hexagonal,-6m2,PuGaRh,(0001),3
PuGe3 (111),6.024838694826131,"Ge, Pu",Cubic,m-3m,PuGe3,(111),2
PuH2 (111),7.580323135625371,"H, Pu",Cubic,m-3m,PuH2,(111),2
PuH3 (0001),3.753020560477213,"H, Pu",Hexagonal,6/mmm,PuH3,(0001),2
PuHg3 (111),10.34048035535811,"Hg, Pu",Cubic,m-3m,PuHg3,(111),2
PuIn3 (111),6.575935818628891,"In, Pu",Cubic,m-3m,PuIn3,(111),2
PuInAu2 (111),9.985597236320679,"Au, In, Pu",Cubic,m-3m,PuInAu2,(111),3
PuN (111),6.998196377781646,"N, Pu",Cubic,m-3m,PuN,(111),2
PuNi3 (0001),4.98226416387735,"Ni, Pu",Trigonal,-3m,PuNi3,(0001),2
PuNi5 (0001),4.853644395271152,"Ni, Pu",Hexagonal,6/mmm,PuNi5,(0001),2
PuO2 (111),7.592395582629574,"O, Pu",Cubic,m-3m,PuO2,(111),2
PuP (111),8.065804113158652,"P, Pu",Cubic,m-3m,PuP,(111),2
PuPb3 (111),6.805307385010761,"Pb, Pu",Cubic,m-3m,PuPb3,(111),2
PuPbAu2 (111),10.17539697176487,"Au, Pb, Pu",Cubic,m-3m,PuPbAu2,(111),3
PuPd3 (111),5.842278097047604,"Pd, Pu",Cubic,m-3m,PuPd3,(111),2
PuPt3 (111),5.799685675646324,"Pt, Pu",Cubic,m-3m,PuPt3,(111),2
PuPt5 (0001),5.3595938856813845,"Pt, Pu",Hexagonal,6/mmm,PuPt5,(0001),2
PuRh2 (111),10.475951012051938,"Pu, Rh",Cubic,m-3m,PuRh2,(111),2
PuRh3 (111),5.687091271540812,"Pu, Rh",Cubic,m-3m,PuRh3,(111),2
PuS (111),7.967609602818478,"Pu, S",Cubic,m-3m,PuS,(111),2
PuSb3 (0001),6.464383130654568,"Pu, Sb",Hexagonal,6/mmm,PuSb3,(0001),2
PuSe (111),8.322627786500474,"Pu, Se",Cubic,m-3m,PuSe,(111),2
PuSi2 (0001),4.031542770980472,"Pu, Si",Hexagonal,6/mmm,PuSi2,(0001),2
PuSnAu2 (111),10.015863895571334,"Au, Pu, Sn",Cubic,m-3m,PuSnAu2,(111),3
PuTe (111),8.90588285759181,"Pu, Te",Cubic,m-3m,PuTe,(111),2
PuUC2 (0001),3.5734057348442563,"C, Pu, U",Trigonal,-3m,PuUC2,(0001),3
PuUN2 (0001),3.4481352390775033,"N, Pu, U",Trigonal,-3m,PuUN2,(0001),3
PuZnAu2 (111),9.776671054404988,"Au, Pu, Zn",Cubic,m-3m,PuZnAu2,(111),3
Rb(BH)6 (111),15.38623926324606,"B, H, Rb",Cubic,m-3,Rb(BH)6,(111),3
Rb(In3Au2)2 (0001),8.189188900282254,"Au, In, Rb",Hexagonal,-6m2,Rb(In3Au2)2,(0001),3
Rb(MoS)3 (0001),9.091268512744408,"Mo, Rb, S",Hexagonal,6/m,Rb(MoS)3,(0001),3
Rb(MoSe)3 (0001),9.416730505909527,"Mo, Rb, Se",Hexagonal,6/m,Rb(MoSe)3,(0001),3
Rb(Nb3S4)2 (0001),9.78995143316985,"Nb, Rb, S",Trigonal,-3,Rb(Nb3S4)2,(0001),3
Rb(Nb3Se4)2 (0001),10.243371243115565,"Nb, Rb, Se",Trigonal,-3,Rb(Nb3Se4)2,(0001),3
Rb(OsO3)2 (111),14.357080325607669,"O, Os, Rb",Cubic,m-3m,Rb(OsO3)2,(111),3
Rb(TeMo)3 (0001),10.04319674536423,"Mo, Rb, Te",Hexagonal,6/m,Rb(TeMo)3,(0001),3
Rb(TeO3)2 (111),14.685286880663686,"O, Rb, Te",Cubic,m-3m,Rb(TeO3)2,(111),3
Rb(Ti3Se4)2 (0001),3.6588293303696346,"Rb, Se, Ti",Trigonal,-3,Rb(Ti3Se4)2,(0001),3
Rb(WO3)3 (0001),7.396408231697712,"O, Rb, W",Hexagonal,6/mmm,Rb(WO3)3,(0001),3
Rb(Zr3Te4)4 (0001),11.188522621112494,"Rb, Te, Zr",Hexagonal,-6,Rb(Zr3Te4)4,(0001),3
Rb2CoF6 (111),8.315298338487697,"Co, F, Rb",Cubic,m-3m,Rb2CoF6,(111),3
Rb2CuF6 (111),11.862570561961185,"Cu, F, Rb",Cubic,m-3m,Rb2CuF6,(111),3
Rb2Ge4O9 (0001),12.138943299354816,"Ge, O, Rb",Trigonal,-3m,Rb2Ge4O9,(0001),3
Rb2GeF6 (0001),5.818561537633583,"F, Ge, Rb",Trigonal,-3m,Rb2GeF6,(0001),3
Rb2H6Pt (111),12.051350753135898,"H, Pt, Rb",Cubic,m-3m,Rb2H6Pt,(111),3
Rb2HfF6 (0001),6.0700538602436325,"F, Hf, Rb",Trigonal,-3m,Rb2HfF6,(0001),3
Rb2In4O7 (0001),5.656323179325737,"In, O, Rb",Trigonal,-3m,Rb2In4O7,(0001),3
Rb2IrF6 (0001),5.946364718170267,"F, Ir, Rb",Trigonal,-3m,Rb2IrF6,(0001),3
Rb2MnCl6 (111),13.984944979894088,"Cl, Mn, Rb",Cubic,m-3m,Rb2MnCl6,(111),3
Rb2MnF6 (0001),5.886000267840424,"F, Mn, Rb",Hexagonal,6mm,Rb2MnF6,(0001),3
Rb2MoBr6 (111),14.912414127381222,"Br, Mo, Rb",Cubic,m-3m,Rb2MoBr6,(111),3
Rb2NbF6 (0001),6.149297553737661,"F, Nb, Rb",Trigonal,-3m,Rb2NbF6,(0001),3
Rb2NiF6 (111),11.821617777208818,"F, Ni, Rb",Cubic,m-3m,Rb2NiF6,(111),3
Rb2O (0001),4.324975684981362,"O, Rb",Trigonal,-3m,Rb2O,(0001),2
Rb2Pb2O3 (111),12.394477656250677,"O, Pb, Rb",Cubic,23,Rb2Pb2O3,(111),3
Rb2PbCl6 (111),14.534442450408106,"Cl, Pb, Rb",Cubic,m-3m,Rb2PbCl6,(111),3
Rb2PdBr6 (111),14.822161672400629,"Br, Pd, Rb",Cubic,m-3m,Rb2PdBr6,(111),3
Rb2PdCl6 (111),14.051142354772907,"Cl, Pd, Rb",Cubic,m-3m,Rb2PdCl6,(111),3
Rb2PdF6 (111),12.003351656379007,"F, Pd, Rb",Cubic,m-3m,Rb2PdF6,(111),3
Rb2PtC2 (0001),5.405893506952568,"C, Pt, Rb",Trigonal,-3m,Rb2PtC2,(0001),3
Rb2PtCl6 (111),14.106271571508438,"Cl, Pt, Rb",Cubic,m-3m,Rb2PtCl6,(111),3
Rb2PtF6 (0001),5.925021859911762,"F, Pt, Rb",Trigonal,-3m,Rb2PtF6,(0001),3
Rb2PuCl6 (0001),7.386539108439208,"Cl, Pu, Rb",Hexagonal,6mm,Rb2PuCl6,(0001),3
Rb2ReF6 (0001),6.02289145243814,"F, Rb, Re",Trigonal,-3m,Rb2ReF6,(0001),3
Rb2RhF6 (0001),5.906954178208848,"F, Rb, Rh",Trigonal,-3m,Rb2RhF6,(0001),3
Rb2S (111),10.99879274307063,"Rb, S",Cubic,m-3m,Rb2S,(111),2
Rb2SbBr6 (111),15.215199551539365,"Br, Rb, Sb",Cubic,m-3m,Rb2SbBr6,(111),3
Rb2SbCl6 (111),14.411218245661672,"Cl, Rb, Sb",Cubic,m-3m,Rb2SbCl6,(111),3
Rb2Se (111),11.39532667265947,"Rb, Se",Cubic,m-3m,Rb2Se,(111),2
Rb2SeCl6 (111),14.248429603026478,"Cl, Rb, Se",Cubic,m-3m,Rb2SeCl6,(111),3
Rb2SiF6 (111),11.813326634004301,"F, Rb, Si",Cubic,m-3m,Rb2SiF6,(111),3
Rb2Sn2O3 (0001),6.116072005758475,"O, Rb, Sn",Trigonal,-3m,Rb2Sn2O3,(0001),3
Rb2SnBr6 (111),15.248352464224586,"Br, Rb, Sn",Cubic,m-3m,Rb2SnBr6,(111),3
Rb2SnCl6 (111),14.371763161166236,"Cl, Rb, Sn",Cubic,m-3m,Rb2SnCl6,(111),3
Rb2SnF6 (0001),6.030775810615992,"F, Rb, Sn",Trigonal,-3m,Rb2SnF6,(0001),3
Rb2Ta15O32 (0001),7.827396693631263,"O, Rb, Ta",Trigonal,-3,Rb2Ta15O32,(0001),3
Rb2TcCl6 (111),14.161430597318637,"Cl, Rb, Tc",Cubic,m-3m,Rb2TcCl6,(111),3
Rb2Te (111),12.108791890958159,"Rb, Te",Cubic,m-3m,Rb2Te,(111),2
Rb2TeCl6 (111),14.545887696667778,"Cl, Rb, Te",Cubic,m-3m,Rb2TeCl6,(111),3
Rb2ThF6 (0001),6.83962154838591,"F, Rb, Th",Hexagonal,-6m2,Rb2ThF6,(0001),3
Rb2TiCl6 (111),14.132061719826694,"Cl, Rb, Ti",Cubic,m-3m,Rb2TiCl6,(111),3
Rb2VCl6 (111),14.030362038605132,"Cl, Rb, V",Cubic,m-3m,Rb2VCl6,(111),3
Rb2WBr6 (111),14.956471735315708,"Br, Rb, W",Cubic,m-3m,Rb2WBr6,(111),3
Rb2WCl6 (111),10.03314556906307,"Cl, Rb, W",Cubic,m-3m,Rb2WCl6,(111),3
Rb2ZrCl6 (111),14.443119878881282,"Cl, Rb, Zr",Cubic,m-3m,Rb2ZrCl6,(111),3
Rb2ZrF6 (0001),6.110472003585182,"F, Rb, Zr",Trigonal,-3m,Rb2ZrF6,(0001),3
Rb3AlF6 (111),12.508179974117136,"Al, F, Rb",Cubic,m-3m,Rb3AlF6,(111),3
Rb3As (0001),6.080948135900142,"As, Rb",Hexagonal,6/mmm,Rb3As,(0001),2
Rb3AsF6 (111),13.141633268467357,"As, F, Rb",Cubic,m-3m,Rb3AsF6,(111),3
Rb3AuO (111),7.79136673071523,"Au, O, Rb",Cubic,m-3m,Rb3AuO,(111),3
Rb3Bi (0001),6.482137806519831,"Bi, Rb",Hexagonal,6/mmm,Rb3Bi,(0001),2
Rb3BiO3 (111),12.429438825705901,"Bi, O, Rb",Cubic,23,Rb3BiO3,(111),3
Rb3BiSe3 (111),14.487251703074024,"Bi, Rb, Se",Cubic,23,Rb3BiSe3,(111),3
Rb3CoF6 (111),12.53750029822039,"Co, F, Rb",Cubic,m-3m,Rb3CoF6,(111),3
Rb3CrF6 (111),12.751140365066455,"Cr, F, Rb",Cubic,m-3m,Rb3CrF6,(111),3
Rb3DyF6 (111),13.507419295248173,"Dy, F, Rb",Cubic,m-3m,Rb3DyF6,(111),3
Rb3ErF6 (111),13.413414002457094,"Er, F, Rb",Cubic,m-3m,Rb3ErF6,(111),3
Rb3FeF6 (111),12.817794767561242,"F, Fe, Rb",Cubic,m-3m,Rb3FeF6,(111),3
Rb3GaF6 (111),12.722766856943208,"F, Ga, Rb",Cubic,m-3m,Rb3GaF6,(111),3
Rb3H12N5 (111),14.048688986383592,"H, N, Rb",Cubic,23,Rb3H12N5,(111),3
Rb3InCl6 (111),15.73939138488315,"Cl, In, Rb",Cubic,m-3m,Rb3InCl6,(111),3
Rb3InF6 (111),13.22892684511277,"F, In, Rb",Cubic,m-3m,Rb3InF6,(111),3
Rb3LuF6 (111),13.315646845021558,"F, Lu, Rb",Cubic,m-3m,Rb3LuF6,(111),3
Rb3Mo2Cl9 (0001),7.16767894805299,"Cl, Mo, Rb",Hexagonal,6/mmm,Rb3Mo2Cl9,(0001),3
Rb3MoF6 (111),13.14297317222189,"F, Mo, Rb",Cubic,m-3m,Rb3MoF6,(111),3
Rb3Nb2Br9 (0001),7.708782212775891,"Br, Nb, Rb",Hexagonal,6/mmm,Rb3Nb2Br9,(0001),3
Rb3Os2Br9 (0001),7.488626983250348,"Br, Os, Rb",Hexagonal,6/mmm,Rb3Os2Br9,(0001),3
Rb3P6N11 (111),14.857654755298324,"N, P, Rb",Cubic,432,Rb3P6N11,(111),3
Rb3RhF6 (111),12.887665883656458,"F, Rb, Rh",Cubic,m-3m,Rb3RhF6,(111),3
Rb3RuF6 (111),9.122941330017856,"F, Rb, Ru",Cubic,m-3m,Rb3RuF6,(111),3
Rb3Sb (0001),6.375212331581031,"Rb, Sb",Hexagonal,6/mmm,Rb3Sb,(0001),2
Rb3Sb2Au3 (0001),6.530214854146777,"Au, Rb, Sb",Trigonal,-3m,Rb3Sb2Au3,(0001),3
Rb3SbO3 (111),12.346428520103254,"O, Rb, Sb",Cubic,23,Rb3SbO3,(111),3
Rb3SbS3 (111),13.991050719947776,"Rb, S, Sb",Cubic,23,Rb3SbS3,(111),3
Rb3SbSe3 (111),14.497576211612534,"Rb, Sb, Se",Cubic,23,Rb3SbSe3,(111),3
Rb3Sc2Br9 (0001),7.586483532155457,"Br, Rb, Sc",Hexagonal,6/mmm,Rb3Sc2Br9,(0001),3
Rb3ScCl6 (111),15.667451302630454,"Cl, Rb, Sc",Cubic,m-3m,Rb3ScCl6,(111),3
Rb3TiF6 (111),9.206238824537365,"F, Rb, Ti",Cubic,m-3m,Rb3TiF6,(111),3
Rb3TlF6 (111),13.435762847667547,"F, Rb, Tl",Cubic,m-3m,Rb3TlF6,(111),3
Rb3TmF6 (111),13.377213444520079,"F, Rb, Tm",Cubic,m-3m,Rb3TmF6,(111),3
Rb3V2Br9 (0001),7.459535562070456,"Br, Rb, V",Hexagonal,6/mmm,Rb3V2Br9,(0001),3
Rb3V5O14 (0001),8.678276425536081,"O, Rb, V",Trigonal,3m,Rb3V5O14,(0001),3
Rb3VF6 (111),12.835317071588944,"F, Rb, V",Cubic,m-3m,Rb3VF6,(111),3
Rb3YF6 (111),13.496678710937475,"F, Rb, Y",Cubic,m-3m,Rb3YF6,(111),3
Rb3YbF6 (111),13.35461109827103,"F, Rb, Yb",Cubic,m-3m,Rb3YbF6,(111),3
Rb4Au6S5 (0001),10.035155244289497,"Au, Rb, S",Hexagonal,-6m2,Rb4Au6S5,(0001),3
Rb4CdBr6 (0001),13.113050726570307,"Br, Cd, Rb",Trigonal,-3m,Rb4CdBr6,(0001),3
Rb4CdCl6 (0001),12.500639744183566,"Cd, Cl, Rb",Trigonal,-3m,Rb4CdCl6,(0001),3
Rb4Ge23 (111),15.49211312651328,"Ge, Rb",Cubic,m-3m,Rb4Ge23,(111),2
Rb4Nb11O30 (0001),7.614672066142211,"Nb, O, Rb",Trigonal,-3m,Rb4Nb11O30,(0001),3
Rb4PbBr6 (0001),13.398765557423845,"Br, Pb, Rb",Trigonal,-3m,Rb4PbBr6,(0001),3
Rb4Sn2Au7 (0001),6.865334059506285,"Au, Rb, Sn",Trigonal,-3m,Rb4Sn2Au7,(0001),3
Rb4SnSb6 (0001),15.309795772445433,"Rb, Sb, Sn",Trigonal,-3,Rb4SnSb6,(0001),3
Rb5Tl9 (0001),10.438316895093694,"Rb, Tl",Hexagonal,-6m2,Rb5Tl9,(0001),2
Rb6CdO4 (0001),9.091240715888729,"Cd, O, Rb",Hexagonal,6mm,Rb6CdO4,(0001),3
Rb6HgS4 (0001),10.400686143425668,"Hg, Rb, S",Hexagonal,6mm,Rb6HgS4,(0001),3
Rb6HgSe4 (0001),10.782708617139864,"Hg, Rb, Se",Hexagonal,6mm,Rb6HgSe4,(0001),3
Rb8Hg3Ge43 (0001),15.49399268714875,"Ge, Hg, Rb",Trigonal,32,Rb8Hg3Ge43,(0001),3
Rb8In11 (0001),10.364849937866104,"In, Rb",Trigonal,-3m,Rb8In11,(0001),2
Rb8Tl11 (0001),10.59497389890834,"Rb, Tl",Trigonal,-3m,Rb8Tl11,(0001),2
RbAcTe2 (111),11.743513117022811,"Ac, Rb, Te",Cubic,m-3m,RbAcTe2,(111),3
RbAg5S3 (0001),13.496931544171584,"Ag, Rb, S",Hexagonal,-6m2,RbAg5S3,(0001),3
RbAgBr3 (111),10.743293805119581,"Ag, Br, Rb",Cubic,m-3m,RbAgBr3,(111),3
RbAgF3 (111),8.697541137244015,"Ag, F, Rb",Cubic,m-3m,RbAgF3,(111),3
RbAl11O17 (0001),5.592677607206737,"Al, O, Rb",Hexagonal,6/mmm,RbAl11O17,(0001),3
RbAlO2 (111),11.344275521682821,"Al, O, Rb",Cubic,m-3m,RbAlO2,(111),3
RbAsF6 (0001),7.4349176049665475,"As, F, Rb",Trigonal,-3,RbAsF6,(0001),3
RbAu (111),5.804771795728451,"Au, Rb",Cubic,m-3m,RbAu,(111),2
RbAu3Se2 (0001),6.227085246156889,"Au, Rb, Se",Trigonal,-3m,RbAu3Se2,(0001),3
RbAu5 (0001),5.818215558236435,"Au, Rb",Hexagonal,6/mmm,RbAu5,(0001),2
RbBH4 (111),9.767238306512501,"B, H, Rb",Cubic,-43m,RbBH4,(111),3
RbBO2 (0001),13.168659307875675,"B, O, Rb",Trigonal,-3m,RbBO2,(0001),3
RbBS2 (0001),15.969051469529754,"B, Rb, S",Trigonal,-3m,RbBS2,(0001),3
RbBi2 (111),13.580393618561482,"Bi, Rb",Cubic,m-3m,RbBi2,(111),2
RbBiF6 (0001),7.681450254642601,"Bi, F, Rb",Trigonal,-3,RbBiF6,(0001),3
RbBiO3 (111),6.024298045695282,"Bi, O, Rb",Cubic,m-3m,RbBiO3,(111),3
RbBiS2 (0001),4.155492499301943,"Bi, Rb, S",Trigonal,-3m,RbBiS2,(0001),3
RbBr (111),9.774903738545408,"Br, Rb",Cubic,m-3m,RbBr,(111),2
RbBrO3 (0001),6.187149537530214,"Br, O, Rb",Trigonal,3m,RbBrO3,(0001),3
RbCaCl3 (0001),7.6080408582261,"Ca, Cl, Rb",Trigonal,3m,RbCaCl3,(0001),3
RbCaF3 (111),6.2993146983056265,"Ca, F, Rb",Cubic,m-3m,RbCaF3,(111),3
RbCd4As3 (0001),4.577925839725069,"As, Cd, Rb",Trigonal,-3m,RbCd4As3,(0001),3
RbCdF3 (111),6.257867761605599,"Cd, F, Rb",Cubic,m-3m,RbCdF3,(111),3
RbCeS2 (0001),4.266165180805552,"Ce, Rb, S",Trigonal,-3m,RbCeS2,(0001),3
RbCeSe2 (0001),4.422701257445096,"Ce, Rb, Se",Trigonal,-3m,RbCeSe2,(0001),3
RbCeTe2 (0001),4.709275939165315,"Ce, Rb, Te",Trigonal,-3m,RbCeTe2,(0001),3
RbCl (111),9.358437557227205,"Cl, Rb",Cubic,m-3m,RbCl,(111),2
RbCoF3 (0001),6.013009821074881,"Co, F, Rb",Hexagonal,6/mmm,RbCoF3,(0001),3
RbCrF6 (0001),7.414823469961671,"Cr, F, Rb",Trigonal,-3,RbCrF6,(0001),3
RbCrO2 (0001),3.116644760434473,"Cr, O, Rb",Trigonal,-3m,RbCrO2,(0001),3
RbCrSe2 (0001),3.8546646936797866,"Cr, Rb, Se",Trigonal,3m,RbCrSe2,(0001),3
RbDyO2 (0001),3.477229253665409,"Dy, O, Rb",Trigonal,-3m,RbDyO2,(0001),3
RbDyS2 (0001),4.059090842996397,"Dy, Rb, S",Trigonal,-3m,RbDyS2,(0001),3
RbEr3F10 (0001),8.212145975930227,"Er, F, Rb",Hexagonal,6mm,RbEr3F10,(0001),3
RbErO2 (0001),3.4333866162863087,"Er, O, Rb",Trigonal,-3m,RbErO2,(0001),3
RbErS2 (0001),4.019733969804928,"Er, Rb, S",Trigonal,-3m,RbErS2,(0001),3
RbErSe2 (0001),4.183343916535888,"Er, Rb, Se",Trigonal,-3m,RbErSe2,(0001),3
RbF (111),7.965251982663617,"F, Rb",Cubic,m-3m,RbF,(111),2
RbGa7 (0001),6.62635451652217,"Ga, Rb",Trigonal,-3m,RbGa7,(0001),2
RbGaO2 (111),11.822470074423665,"Ga, O, Rb",Cubic,m-3m,RbGaO2,(111),3
RbGdO2 (0001),3.5427308168687297,"Gd, O, Rb",Trigonal,-3m,RbGdO2,(0001),3
RbGdS2 (0001),4.115347444628538,"Gd, Rb, S",Trigonal,-3m,RbGdS2,(0001),3
RbGdSe2 (0001),4.271940981679391,"Gd, Rb, Se",Trigonal,-3m,RbGdSe2,(0001),3
RbH (111),8.496824925446987,"H, Rb",Cubic,m-3m,RbH,(111),2
RbHg11 (111),14.451588235163726,"Hg, Rb",Cubic,m-3m,RbHg11,(111),2
RbHgF3 (111),6.433567391853132,"F, Hg, Rb",Cubic,m-3m,RbHgF3,(111),3
RbHoO2 (0001),3.4557791234409887,"Ho, O, Rb",Trigonal,-3m,RbHoO2,(0001),3
RbHoS2 (0001),4.039554085036225,"Ho, Rb, S",Trigonal,-3m,RbHoS2,(0001),3
RbHoSe2 (0001),4.201311853103307,"Ho, Rb, Se",Trigonal,-3m,RbHoSe2,(0001),3
RbI (111),10.440197897284088,"I, Rb",Cubic,m-3m,RbI,(111),2
RbIO3 (0001),6.37545785328841,"I, O, Rb",Trigonal,3m,RbIO3,(0001),3
RbInCl3 (111),15.47289053237572,"Cl, In, Rb",Cubic,m-3m,RbInCl3,(111),3
RbLaO2 (0001),3.7331845257849654,"La, O, Rb",Trigonal,-3m,RbLaO2,(0001),3
RbLaS2 (0001),4.313496055084618,"La, Rb, S",Trigonal,-3m,RbLaS2,(0001),3
RbLaSe2 (0001),4.465726487187419,"La, Rb, Se",Trigonal,-3m,RbLaSe2,(0001),3
RbLuO2 (0001),3.376969158757458,"Lu, O, Rb",Trigonal,-3m,RbLuO2,(0001),3
RbLuS2 (0001),3.967102731577512,"Lu, Rb, S",Trigonal,-3m,RbLuS2,(0001),3
RbLuSe2 (0001),4.1362604678891195,"Lu, Rb, Se",Trigonal,-3m,RbLuSe2,(0001),3
RbMgCl3 (0001),7.095398829792948,"Cl, Mg, Rb",Hexagonal,6/mmm,RbMgCl3,(0001),3
RbMgF3 (111),5.737371084452531,"F, Mg, Rb",Cubic,m-3m,RbMgF3,(111),3
RbMgH3 (0001),5.886695031303175,"H, Mg, Rb",Hexagonal,6/mmm,RbMgH3,(0001),3
RbMnBr3 (0001),12.99557989699438,"Br, Mn, Rb",Hexagonal,6mm,RbMnBr3,(0001),3
RbMnCl3 (0001),7.156009138866894,"Cl, Mn, Rb",Hexagonal,6/mmm,RbMnCl3,(0001),3
RbMnF3 (111),5.985619502754277,"F, Mn, Rb",Cubic,m-3m,RbMnF3,(111),3
RbMnN2 (111),8.067476018866,"Mn, N, Rb",Cubic,mmm,RbMnN2,(111),3
RbNO3 (0001),5.6919321769187725,"N, O, Rb",Trigonal,3m,RbNO3,(0001),3
RbNdO2 (0001),3.643908003784008,"Nd, O, Rb",Trigonal,-3m,RbNdO2,(0001),3
RbNdS2 (0001),4.216751312247566,"Nd, Rb, S",Trigonal,-3m,RbNdS2,(0001),3
RbNdSe2 (0001),4.3678276055337175,"Nd, Rb, Se",Trigonal,-3m,RbNdSe2,(0001),3
RbNdTe2 (0001),4.643933615090383,"Nd, Rb, Te",Trigonal,-3m,RbNdTe2,(0001),3
RbNiBr3 (0001),7.356206428667218,"Br, Ni, Rb",Hexagonal,6/mmm,RbNiBr3,(0001),3
RbNiCl3 (0001),6.972747763085072,"Cl, Ni, Rb",Hexagonal,6/mmm,RbNiCl3,(0001),3
RbNiF3 (0001),5.8321938539942835,"F, Ni, Rb",Hexagonal,6/mmm,RbNiF3,(0001),3
RbOsO3 (0001),5.469437224484875,"O, Os, Rb",Trigonal,-3,RbOsO3,(0001),3
RbPSe3 (0001),7.474005136349554,"P, Rb, Se",Trigonal,32,RbPSe3,(0001),3
RbPaO3 (111),6.195846407593962,"O, Pa, Rb",Cubic,m-3m,RbPaO3,(111),3
RbPdBr3 (111),7.39161915706083,"Br, Pd, Rb",Cubic,m-3m,RbPdBr3,(111),3
RbPrO2 (0001),3.6801494518350446,"O, Pr, Rb",Trigonal,-3m,RbPrO2,(0001),3
RbPrS2 (0001),4.249940644456817,"Pr, Rb, S",Trigonal,-3m,RbPrS2,(0001),3
RbPrSe2 (0001),4.399986695589729,"Pr, Rb, Se",Trigonal,-3m,RbPrSe2,(0001),3
RbPt2Se3 (0001),7.436967141249507,"Pt, Rb, Se",Trigonal,-3m,RbPt2Se3,(0001),3
RbRuF6 (0001),7.684168178140334,"F, Rb, Ru",Trigonal,-3m,RbRuF6,(0001),3
RbS (0001),8.910229079774947,"Rb, S",Hexagonal,-6m2,RbS,(0001),2
RbSbF6 (0001),7.549126683316475,"F, Rb, Sb",Trigonal,-3,RbSbF6,(0001),3
RbScCl3 (0001),7.311751703370722,"Cl, Rb, Sc",Hexagonal,6/mmm,RbScCl3,(0001),3
RbScO2 (0001),3.257573900607725,"O, Rb, Sc",Hexagonal,6/mmm,RbScO2,(0001),3
RbSe (0001),9.356228954951597,"Rb, Se",Hexagonal,-6m2,RbSe,(0001),2
RbSmO2 (0001),3.5834780947419884,"O, Rb, Sm",Trigonal,-3m,RbSmO2,(0001),3
RbSmS2 (0001),4.158816801875192,"Rb, S, Sm",Trigonal,-3m,RbSmS2,(0001),3
RbSmSe2 (0001),4.313515971325479,"Rb, Se, Sm",Trigonal,-3m,RbSmSe2,(0001),3
RbSmTe2 (0001),4.5962600665577655,"Rb, Sm, Te",Trigonal,-3m,RbSmTe2,(0001),3
RbSnCl3 (0001),7.991705883518675,"Cl, Rb, Sn",Trigonal,3m,RbSnCl3,(0001),3
RbSnCl3 (0001),8.241759303300588,"Cl, Rb, Sn",Trigonal,3m,RbSnCl3,(0001),3
RbTbS2 (0001),4.080039225430496,"Rb, S, Tb",Trigonal,-3m,RbTbS2,(0001),3
RbTbSe2 (0001),4.239960061190025,"Rb, Se, Tb",Trigonal,-3m,RbTbSe2,(0001),3
RbTiCl3 (0001),7.231210847625647,"Cl, Rb, Ti",Hexagonal,6/mmm,RbTiCl3,(0001),3
RbTiS2 (0001),3.6708000988810077,"Rb, S, Ti",Trigonal,3m,RbTiS2,(0001),3
RbTlF3 (111),13.377130373615424,"F, Rb, Tl",Cubic,m-3m,RbTlF3,(111),3
RbTlO2 (0001),3.48784157923181,"O, Rb, Tl",Trigonal,-3m,RbTlO2,(0001),3
RbTmO2 (0001),3.413338976353102,"O, Rb, Tm",Trigonal,-3m,RbTmO2,(0001),3
RbTmS2 (0001),4.001717706350544,"Rb, S, Tm",Trigonal,-3m,RbTmS2,(0001),3
RbUO3 (111),6.121241814996488,"O, Rb, U",Cubic,m-3m,RbUO3,(111),3
RbVBr3 (0001),12.891979328645379,"Br, Rb, V",Trigonal,-3m,RbVBr3,(0001),3
RbVCl3 (0001),7.020595011012976,"Cl, Rb, V",Hexagonal,6/mmm,RbVCl3,(0001),3
RbVF3 (111),5.913752299640494,"F, Rb, V",Cubic,m-3m,RbVF3,(111),3
RbYO2 (0001),3.4813449539310914,"O, Rb, Y",Trigonal,-3m,RbYO2,(0001),3
RbYS2 (0001),4.068609414512515,"Rb, S, Y",Trigonal,-3m,RbYS2,(0001),3
RbYTe2 (0001),4.515413496170671,"Rb, Te, Y",Hexagonal,6/mmm,RbYTe2,(0001),3
RbYbO2 (0001),3.3966600703451393,"O, Rb, Yb",Trigonal,-3m,RbYbO2,(0001),3
RbYbS2 (0001),3.9868399142503077,"Rb, S, Yb",Trigonal,-3m,RbYbS2,(0001),3
RbZnF3 (0001),5.887995805915015,"F, Rb, Zn",Hexagonal,6/mmm,RbZnF3,(0001),3
Re (0001),2.76638739385174,Re,Hexagonal,6/mmm,Re,(0001),1
Re(AgCl3)2 (0001),6.630544632980742,"Ag, Cl, Re",Trigonal,-3,Re(AgCl3)2,(0001),3
Re24Mo5 (111),13.575583316217017,"Mo, Re",Cubic,-43m,Re24Mo5,(111),2
Re2C (0001),2.8557741594784907,"C, Re",Hexagonal,6/mmm,Re2C,(0001),2
Re2NiO8 (0001),5.752372743041949,"Ni, O, Re",Trigonal,-3,Re2NiO8,(0001),3
Re2PbO8 (0001),11.367552966845995,"O, Pb, Re",Trigonal,3m,Re2PbO8,(0001),3
Re3(SBr)7 (0001),9.975137208231523,"Br, Re, S",Trigonal,3m,Re3(SBr)7,(0001),3
Re3(SCl)7 (0001),9.740974050572664,"Cl, Re, S",Trigonal,3m,Re3(SCl)7,(0001),3
Re3As7 (111),12.445392535211036,"As, Re",Cubic,m-3m,Re3As7,(111),2
Re3Ir (111),5.489927919353198,"Ir, Re",Cubic,m-3m,Re3Ir,(111),2
Re3N (0001),2.8222801601228054,"N, Re",Hexagonal,-6m2,Re3N,(0001),2
Re3Ni (0001),5.388074686071507,"Ni, Re",Hexagonal,6/mmm,Re3Ni,(0001),2
Re3Os (0001),5.53101768310717,"Os, Re",Hexagonal,6/mmm,Re3Os,(0001),2
Re3Pd (0001),5.540338146279266,"Pd, Re",Hexagonal,6/mmm,Re3Pd,(0001),2
Re3Pt (0001),5.564075652847036,"Pt, Re",Hexagonal,6/mmm,Re3Pt,(0001),2
Re3Rh (0001),5.525596079787145,"Re, Rh",Hexagonal,6/mmm,Re3Rh,(0001),2
Re4(As2S)3 (0001),7.0216139572372125,"As, Re, S",Trigonal,3m,Re4(As2S)3,(0001),3
ReB2 (0001),2.906761790130038,"B, Re",Hexagonal,6/mmm,ReB2,(0001),2
ReCl3 (0001),10.291972870257819,"Cl, Re",Trigonal,-3m,ReCl3,(0001),2
ReCl6 (0001),6.096481307846929,"Cl, Re",Trigonal,-3,ReCl6,(0001),2
ReF6 (111),9.099600967201717,"F, Re",Cubic,m-3m,ReF6,(111),2
ReIr (0001),2.7537217632933175,"Ir, Re",Hexagonal,-6m2,ReIr,(0001),2
ReIr3 (0001),5.502565677724153,"Ir, Re",Hexagonal,6/mmm,ReIr3,(0001),2
ReO3 (111),5.324731049836914,"O, Re",Cubic,m-3m,ReO3,(111),2
ReOs (0001),2.7573303527494355,"Os, Re",Hexagonal,-6m2,ReOs,(0001),2
ReOs3 (0001),5.509994459595315,"Os, Re",Hexagonal,6/mmm,ReOs3,(0001),2
ReRh3 (0001),5.450508129346653,"Re, Rh",Hexagonal,6/mmm,ReRh3,(0001),2
ReRu3 (0001),5.449724445937109,"Re, Ru",Hexagonal,6/mmm,ReRu3,(0001),2
ReTc (0001),2.7492992899483104,"Re, Tc",Hexagonal,-6m2,ReTc,(0001),2
Rh (111),5.382457465131208,Rh,Cubic,m-3m,Rh,(111),1
Rh17S15 (111),14.065575758318323,"Rh, S",Cubic,m-3m,Rh17S15,(111),2
Rh2S3 (0001),5.984911157307583,"Rh, S",Trigonal,-3m,Rh2S3,(0001),2
Rh3(PbS)2 (0001),5.761408835327964,"Pb, Rh, S",Trigonal,-3m,Rh3(PbS)2,(0001),3
Rh3Se8 (0001),8.57267462969969,"Rh, Se",Trigonal,-3,Rh3Se8,(0001),2
Rh3W (0001),5.476926256860676,"Rh, W",Hexagonal,6/mmm,Rh3W,(0001),2
Rh7(PbO5)3 (0001),10.560001568713085,"O, Pb, Rh",Hexagonal,6/mmm,Rh7(PbO5)3,(0001),3
RhF3 (0001),4.876165023637776,"F, Rh",Trigonal,-3m,RhF3,(0001),2
RhPb (0001),5.714895809129065,"Pb, Rh",Hexagonal,6/mmm,RhPb,(0001),2
Ru (0001),2.7078263432650984,Ru,Hexagonal,6/mmm,Ru,(0001),1
Ru(OF3)2 (111),15.102768470244126,"F, O, Ru",Cubic,m-3,Ru(OF3)2,(111),3
Ru3Rh (0001),5.411330511030131,"Rh, Ru",Hexagonal,6/mmm,Ru3Rh,(0001),2
Ru3W (0001),5.471477940026042,"Ru, W",Hexagonal,6/mmm,Ru3W,(0001),2
Ru4Pb4O13 (111),14.497983520203812,"O, Pb, Ru",Cubic,-43m,Ru4Pb4O13,(111),3
RuBr3 (0001),6.648813380561004,"Br, Ru",Hexagonal,6/mmm,RuBr3,(0001),2
RuCl3 (0001),5.676150106790564,"Cl, Ru",Hexagonal,mmm,RuCl3,(0001),2
RuF3 (0001),4.911999146082963,"F, Ru",Trigonal,-3m,RuF3,(0001),2
RuO4 (111),11.973800400828454,"O, Ru",Cubic,-43m,RuO4,(111),2
RuS2 (111),7.962884630453774,"Ru, S",Cubic,m-3,RuS2,(111),2
RuSe2 (111),8.445163458875918,"Ru, Se",Cubic,m-3,RuSe2,(111),2
Sb (0001),4.3541346480454655,Sb,Trigonal,-3m,Sb,(0001),1
Sb16Te3 (0001),4.404029681676665,"Sb, Te",Trigonal,-3m,Sb16Te3,(0001),2
Sb2Au (111),9.525705253027411,"Au, Sb",Cubic,m-3,Sb2Au,(111),2
Sb2Br9 (0001),7.791901934356335,"Br, Sb",Trigonal,-3m,Sb2Br9,(0001),2
Sb2PbO6 (0001),5.319425593245637,"O, Pb, Sb",Trigonal,-3m,Sb2PbO6,(0001),3
Sb2Pd (111),9.222499406747403,"Pd, Sb",Cubic,m-3,Sb2Pd,(111),2
Sb2Pt (111),9.192069773525821,"Pt, Sb",Cubic,m-3,Sb2Pt,(111),2
Sb2Te3 (0001),4.30391796554745,"Sb, Te",Trigonal,-3m,Sb2Te3,(0001),2
Sb3Ir (111),13.190247822433834,"Ir, Sb",Cubic,m-3,Sb3Ir,(111),2
Sb3Pd8 (0001),7.666661531995747,"Pd, Sb",Trigonal,-3m,Sb3Pd8,(0001),2
Sb3Rh (111),13.166753627741087,"Rh, Sb",Cubic,m-3,Sb3Rh,(111),2
Sb7Pd20 (0001),11.82897656344771,"Pd, Sb",Trigonal,-3,Sb7Pd20,(0001),2
Sb8Pd3Au (0001),9.275765889352618,"Au, Pd, Sb",Trigonal,-3,Sb8Pd3Au,(0001),3
SbAs (0001),4.065428243823149,"As, Sb",Trigonal,3m,SbAs,(0001),2
SbI3 (0001),7.550224964411163,"I, Sb",Trigonal,-3,SbI3,(0001),2
SbIrS (111),8.59042156236581,"Ir, S, Sb",Cubic,23,SbIrS,(111),3
SbIrSe (111),8.807811628604542,"Ir, Sb, Se",Cubic,23,SbIrSe,(111),3
SbPd (0001),4.111573090634101,"Pd, Sb",Hexagonal,6/mmm,SbPd,(0001),2
SbPdS (111),8.874170304901298,"Pd, S, Sb",Cubic,23,SbPdS,(111),3
SbPdSe (111),9.03598962268826,"Pd, Sb, Se",Cubic,23,SbPdSe,(111),3
SbRhS (111),8.5855170697315,"Rh, S, Sb",Cubic,23,SbRhS,(111),3
SbRhSe (111),8.855026095907453,"Rh, Sb, Se",Cubic,23,SbRhSe,(111),3
SbTe2 (0001),4.357542886264067,"Sb, Te",Trigonal,-3m,SbTe2,(0001),2
SbTeIr (111),9.11868174871729,"Ir, Sb, Te",Cubic,23,SbTeIr,(111),3
SbTeRh (111),9.116983391365965,"Rh, Sb, Te",Cubic,23,SbTeRh,(111),3
Sc (0001),3.291224951455336,Sc,Hexagonal,6/mmm,Sc,(0001),1
Sc(AlC)3 (0001),3.3451662866062657,"Al, C, Sc",Hexagonal,6/mmm,Sc(AlC)3,(0001),3
Sc(ClO4)3 (0001),7.955763946095004,"Cl, O, Sc",Trigonal,3m,Sc(ClO4)3,(0001),3
Sc(CoGe)6 (0001),5.043739079941436,"Co, Ge, Sc",Hexagonal,6/mmm,Sc(CoGe)6,(0001),3
Sc(FeGe)6 (0001),5.053055230663759,"Fe, Ge, Sc",Hexagonal,6/mmm,Sc(FeGe)6,(0001),3
Sc(IO3)3 (0001),9.758785360525831,"I, O, Sc",Trigonal,-3,Sc(IO3)3,(0001),3
Sc(MnGe)6 (0001),5.101114080112321,"Ge, Mn, Sc",Hexagonal,6/mmm,Sc(MnGe)6,(0001),3
Sc(MnSn)6 (0001),5.607546743839596,"Mn, Sc, Sn",Hexagonal,6/mmm,Sc(MnSn)6,(0001),3
Sc(P2Ru3)2 (0001),6.892091212433763,"P, Ru, Sc",Hexagonal,-6m2,Sc(P2Ru3)2,(0001),3
Sc19(RuBr7)4 (0001),15.789767417260489,"Br, Ru, Sc",Trigonal,3m,Sc19(RuBr7)4,(0001),3
Sc2(CN2)3 (0001),6.025227883562952,"C, N, Sc",Trigonal,-3m,Sc2(CN2)3,(0001),3
Sc2(Ni7B2)3 (111),14.80228244573122,"B, Ni, Sc",Cubic,m-3m,Sc2(Ni7B2)3,(111),3
Sc2(SO4)3 (0001),8.778438475757538,"O, S, Sc",Trigonal,-3m,Sc2(SO4)3,(0001),3
Sc2(SeO3)3 (0001),8.149561788852088,"O, Sc, Se",Hexagonal,6/m,Sc2(SeO3)3,(0001),3
Sc2AgHg (111),9.787552833797754,"Ag, Hg, Sc",Cubic,m-3m,Sc2AgHg,(111),3
Sc2AgOs (111),9.313734269311931,"Ag, Os, Sc",Cubic,m-3m,Sc2AgOs,(111),3
Sc2AgRu (111),9.322336506147778,"Ag, Ru, Sc",Cubic,m-3m,Sc2AgRu,(111),3
Sc2Al (0001),4.892611400498815,"Al, Sc",Hexagonal,6/mmm,Sc2Al,(0001),2
Sc2Al3Ru (0001),5.277607651583124,"Al, Ru, Sc",Hexagonal,6/mmm,Sc2Al3Ru,(0001),3
Sc2AlAg (111),9.676030865548949,"Ag, Al, Sc",Cubic,m-3m,Sc2AlAg,(111),3
Sc2AlOs (111),9.275692372320798,"Al, Os, Sc",Cubic,m-3m,Sc2AlOs,(111),3
Sc2AlTc (111),9.347415094660596,"Al, Sc, Tc",Cubic,m-3m,Sc2AlTc,(111),3
Sc2AlZn (111),9.50952953486953,"Al, Sc, Zn",Cubic,m-3m,Sc2AlZn,(111),3
Sc2C (0001),3.3328371528952445,"C, Sc",Trigonal,-3m,Sc2C,(0001),2
Sc2CCl2 (0001),3.4439292923386775,"C, Cl, Sc",Trigonal,-3m,Sc2CCl2,(0001),3
Sc2CO (0001),3.242778325378221,"C, O, Sc",Trigonal,-3m,Sc2CO,(0001),3
Sc2CdHg (111),9.93267603545593,"Cd, Hg, Sc",Cubic,m-3m,Sc2CdHg,(111),3
Sc2CdIn (111),10.003627695565614,"Cd, In, Sc",Cubic,m-3m,Sc2CdIn,(111),3
Sc2CdS4 (111),15.259472544015521,"Cd, S, Sc",Cubic,m-3m,Sc2CdS4,(111),3
Sc2Co12P7 (0001),8.956796976430805,"Co, P, Sc",Hexagonal,-6,Sc2Co12P7,(0001),3
Sc2Co3Si (0001),4.99139013491389,"Co, Sc, Si",Hexagonal,6/mmm,Sc2Co3Si,(0001),3
Sc2CoIr (111),9.026225439870435,"Co, Ir, Sc",Cubic,m-3m,Sc2CoIr,(111),3
Sc2CoOs (111),8.95393330746416,"Co, Os, Sc",Cubic,m-3m,Sc2CoOs,(111),3
Sc2CoRu (111),8.924867400380776,"Co, Ru, Sc",Cubic,m-3m,Sc2CoRu,(111),3
Sc2CuIr (111),9.129098751283557,"Cu, Ir, Sc",Cubic,m-3m,Sc2CuIr,(111),3
Sc2CuOs (111),9.098179668429395,"Cu, Os, Sc",Cubic,m-3m,Sc2CuOs,(111),3
Sc2CuPd (111),9.253802132995986,"Cu, Pd, Sc",Cubic,m-3m,Sc2CuPd,(111),3
Sc2CuPt (111),9.22598540571361,"Cu, Pt, Sc",Cubic,m-3m,Sc2CuPt,(111),3
Sc2CuRu (111),9.0901807916678,"Cu, Ru, Sc",Cubic,m-3m,Sc2CuRu,(111),3
Sc2Fe3Si (0001),4.98947453579998,"Fe, Sc, Si",Hexagonal,6/mmm,Sc2Fe3Si,(0001),3
Sc2GaCu (111),9.332449717037935,"Cu, Ga, Sc",Cubic,m-3m,Sc2GaCu,(111),3
Sc2GaOs (111),9.233837255871897,"Ga, Os, Sc",Cubic,m-3m,Sc2GaOs,(111),3
Sc2GaRu (111),9.239634654665219,"Ga, Ru, Sc",Cubic,m-3m,Sc2GaRu,(111),3
Sc2In (0001),5.043044097149403,"In, Sc",Hexagonal,6/mmm,Sc2In,(0001),2
Sc2InAg (111),9.8860478303853,"Ag, In, Sc",Cubic,m-3m,Sc2InAg,(111),3
Sc2IrPd (111),9.206984734434982,"Ir, Pd, Sc",Cubic,m-3m,Sc2IrPd,(111),3
Sc2IrRu (111),9.068145986721008,"Ir, Ru, Sc",Cubic,m-3m,Sc2IrRu,(111),3
Sc2Mn12P7 (0001),9.326434198563243,"Mn, P, Sc",Hexagonal,-6,Sc2Mn12P7,(0001),3
Sc2Mn2O7 (111),13.563049552035752,"Mn, O, Sc",Cubic,m-3m,Sc2Mn2O7,(111),3
Sc2Mn3Si (0001),4.891733268857877,"Mn, Sc, Si",Hexagonal,6/mmm,Sc2Mn3Si,(0001),3
Sc2MnS4 (111),15.008840497362806,"Mn, S, Sc",Cubic,m-3m,Sc2MnS4,(111),3
Sc2MnSe4 (111),15.735696940680599,"Mn, Sc, Se",Cubic,m-3m,Sc2MnSe4,(111),3
Sc2Ni12P7 (0001),8.918098452246575,"Ni, P, Sc",Hexagonal,-6,Sc2Ni12P7,(0001),3
Sc2Ni7 (0001),4.7707421009346636,"Ni, Sc",Hexagonal,6/mmm,Sc2Ni7,(0001),2
Sc2NiIr (111),9.024868576933768,"Ir, Ni, Sc",Cubic,m-3m,Sc2NiIr,(111),3
Sc2NiOs (111),8.998279773234358,"Ni, Os, Sc",Cubic,m-3m,Sc2NiOs,(111),3
Sc2NiPt (111),9.125764186806196,"Ni, Pt, Sc",Cubic,m-3m,Sc2NiPt,(111),3
Sc2NiRu (111),8.975420987065696,"Ni, Ru, Sc",Cubic,m-3m,Sc2NiRu,(111),3
Sc2O3 (111),13.948377313077966,"O, Sc",Cubic,m-3,Sc2O3,(111),2
Sc2OsPd (111),9.169207995847161,"Os, Pd, Sc",Cubic,m-3m,Sc2OsPd,(111),3
Sc2OsPt (111),9.155208367733245,"Os, Pt, Sc",Cubic,m-3m,Sc2OsPt,(111),3
Sc2P7Ru12 (0001),9.292268445254539,"P, Ru, Sc",Hexagonal,-6,Sc2P7Ru12,(0001),3
Sc2PdPt (111),9.307188779828385,"Pd, Pt, Sc",Cubic,m-3m,Sc2PdPt,(111),3
Sc2PdRu (111),9.161535559211302,"Pd, Ru, Sc",Cubic,m-3m,Sc2PdRu,(111),3
Sc2Pt2O7 (111),13.975536966874172,"O, Pt, Sc",Cubic,m-3m,Sc2Pt2O7,(111),3
Sc2RuAu (111),9.303550235652837,"Au, Ru, Sc",Cubic,m-3m,Sc2RuAu,(111),3
Sc2RuPt (111),9.143065618959726,"Pt, Ru, Sc",Cubic,m-3m,Sc2RuPt,(111),3
Sc2RuRh (111),9.06427681155144,"Rh, Ru, Sc",Cubic,m-3m,Sc2RuRh,(111),3
Sc2SO2 (0001),3.536402297669184,"O, S, Sc",Hexagonal,6/mmm,Sc2SO2,(0001),3
Sc2TeO6 (0001),8.766947192925901,"O, Sc, Te",Trigonal,32,Sc2TeO6,(0001),3
Sc2TlAg (111),7.020917285387649,"Ag, Sc, Tl",Cubic,m-3m,Sc2TlAg,(111),3
Sc2TlCd (111),10.041152523082435,"Cd, Sc, Tl",Cubic,m-3m,Sc2TlCd,(111),3
Sc2TlHg (111),10.025302611445055,"Hg, Sc, Tl",Cubic,m-3m,Sc2TlHg,(111),3
Sc2TlZn (111),9.811143641358681,"Sc, Tl, Zn",Cubic,m-3m,Sc2TlZn,(111),3
Sc2ZnAu (111),9.50949548060695,"Au, Sc, Zn",Cubic,m-3m,Sc2ZnAu,(111),3
Sc2ZnGa (111),9.427914827195869,"Ga, Sc, Zn",Cubic,m-3m,Sc2ZnGa,(111),3
Sc2ZnIr (111),9.23380076916199,"Ir, Sc, Zn",Cubic,m-3m,Sc2ZnIr,(111),3
Sc2ZnOs (111),9.210719334629847,"Os, Sc, Zn",Cubic,m-3m,Sc2ZnOs,(111),3
Sc2ZnPt (111),9.341425023411537,"Pt, Sc, Zn",Cubic,m-3m,Sc2ZnPt,(111),3
Sc2ZnRu (111),9.214946841643956,"Ru, Sc, Zn",Cubic,m-3m,Sc2ZnRu,(111),3
Sc3(Ni10B3)2 (111),15.02386383874508,"B, Ni, Sc",Cubic,m-3m,Sc3(Ni10B3)2,(111),3
Sc39N34 (0001),3.2202694569631904,"N, Sc",Trigonal,-3m,Sc39N34,(0001),2
Sc3Al (0001),6.31201155219207,"Al, Sc",Hexagonal,6/mmm,Sc3Al,(0001),2
Sc3AlC (111),6.377386867133317,"Al, C, Sc",Cubic,m-3m,Sc3AlC,(111),3
Sc3BPb (111),6.615591243730242,"B, Pb, Sc",Cubic,m-3m,Sc3BPb,(111),3
Sc3GaC (111),6.3276492589873685,"C, Ga, Sc",Cubic,m-3m,Sc3GaC,(111),3
Sc3Hg (0001),6.288185534386203,"Hg, Sc",Hexagonal,6/mmm,Sc3Hg,(0001),2
Sc3In (0001),6.406585314313411,"In, Sc",Hexagonal,6/mmm,Sc3In,(0001),2
Sc3InC (111),6.435549044465272,"C, In, Sc",Cubic,m-3m,Sc3InC,(111),3
Sc3InN (111),6.313695935016349,"In, N, Sc",Cubic,m-3m,Sc3InN,(111),3
Sc3PbC (111),6.440430655124143,"C, Pb, Sc",Cubic,m-3m,Sc3PbC,(111),3
Sc3Sn (0001),6.373602329391053,"Sc, Sn",Hexagonal,6/mmm,Sc3Sn,(0001),2
Sc3SnB (111),6.581704777587475,"B, Sc, Sn",Cubic,m-3m,Sc3SnB,(111),3
Sc3SnC (111),6.40677978281873,"C, Sc, Sn",Cubic,m-3m,Sc3SnC,(111),3
Sc3Tl (0001),6.391133860382039,"Sc, Tl",Hexagonal,6/mmm,Sc3Tl,(0001),2
Sc3TlC (111),6.426480979824116,"C, Sc, Tl",Cubic,m-3m,Sc3TlC,(111),3
Sc4C3 (111),10.202695621548555,"C, Sc",Cubic,-43m,Sc4C3,(111),2
Sc4Co7Ge6 (111),11.107773548459116,"Co, Ge, Sc",Cubic,m-3m,Sc4Co7Ge6,(111),3
Sc4Ge6Ir7 (111),11.534590498925297,"Ge, Ir, Sc",Cubic,m-3m,Sc4Ge6Ir7,(111),3
Sc4Ge6Rh7 (111),11.498777721173285,"Ge, Rh, Sc",Cubic,m-3m,Sc4Ge6Rh7,(111),3
Sc4Si6Ir7 (111),11.361991192502012,"Ir, Sc, Si",Cubic,m-3m,Sc4Si6Ir7,(111),3
Sc5Ge3 (0001),7.943010094030009,"Ge, Sc",Hexagonal,6/mmm,Sc5Ge3,(0001),2
Sc5P12Ir19 (0001),12.569147827455762,"Ir, P, Sc",Hexagonal,-6m2,Sc5P12Ir19,(0001),3
Sc5Pb3 (0001),8.521622912500284,"Pb, Sc",Hexagonal,6/mmm,Sc5Pb3,(0001),2
Sc5Re24 (111),13.74003851073841,"Re, Sc",Cubic,-43m,Sc5Re24,(111),2
Sc5Si3 (0001),7.895016623873848,"Sc, Si",Hexagonal,6/mmm,Sc5Si3,(0001),2
Sc5Si7Pt9 (0001),9.970886912817935,"Pt, Sc, Si",Hexagonal,-6,Sc5Si7Pt9,(0001),3
Sc5Sn3 (0001),8.433760546100094,"Sc, Sn",Hexagonal,6/mmm,Sc5Sn3,(0001),2
Sc6CoTe2 (0001),7.729368335231473,"Co, Sc, Te",Hexagonal,-6m2,Sc6CoTe2,(0001),3
Sc6FeSb2 (0001),7.660874045497503,"Fe, Sb, Sc",Hexagonal,-6m2,Sc6FeSb2,(0001),3
Sc6FeTe2 (0001),7.731635425802006,"Fe, Sc, Te",Hexagonal,-6m2,Sc6FeTe2,(0001),3
Sc6MnTe2 (0001),7.710946275021925,"Mn, Sc, Te",Hexagonal,-6m2,Sc6MnTe2,(0001),3
Sc6NiTe2 (0001),7.756735887233675,"Ni, Sc, Te",Hexagonal,-6m2,Sc6NiTe2,(0001),3
Sc7BCl12 (0001),13.119810637643061,"B, Cl, Sc",Trigonal,-3,Sc7BCl12,(0001),3
Sc7CBr12 (0001),13.772276750100117,"Br, C, Sc",Trigonal,3,Sc7CBr12,(0001),3
Sc7CI12 (0001),9.28736560632911,"C, I, Sc",Trigonal,3,Sc7CI12,(0001),3
Sc7CoBr12 (0001),13.90813819926443,"Br, Co, Sc",Trigonal,-3,Sc7CoBr12,(0001),3
Sc7CoCl12 (0001),13.234646100186522,"Cl, Co, Sc",Trigonal,-3,Sc7CoCl12,(0001),3
Sc7CoI12 (0001),15.049781579981792,"Co, I, Sc",Trigonal,-3,Sc7CoI12,(0001),3
Sc7NiBr12 (0001),13.947144129070876,"Br, Ni, Sc",Trigonal,-3,Sc7NiBr12,(0001),3
ScAg (111),4.838169596194909,"Ag, Sc",Cubic,m-3m,ScAg,(111),2
ScAgGe (0001),6.883972328467314,"Ag, Ge, Sc",Hexagonal,-6m2,ScAgGe,(0001),3
ScAgO2 (0001),3.2114229286275666,"Ag, O, Sc",Hexagonal,6/mmm,ScAgO2,(0001),3
ScAgS2 (0001),3.750740105030263,"Ag, S, Sc",Trigonal,3m,ScAgS2,(0001),3
ScAl (111),4.766393223304192,"Al, Sc",Cubic,m-3m,ScAl,(111),2
ScAl2 (111),10.684815321803853,"Al, Sc",Cubic,m-3m,ScAl2,(111),2
ScAl3 (111),5.781031491651842,"Al, Sc",Cubic,m-3m,ScAl3,(111),2
ScAlAg2 (111),9.278707209251268,"Ag, Al, Sc",Cubic,m-3m,ScAlAg2,(111),3
ScAlAu (0001),7.245065819784524,"Al, Au, Sc",Hexagonal,-6m2,ScAlAu,(0001),3
ScAlAu (0001),7.1400444940990875,"Al, Au, Sc",Hexagonal,-6m2,ScAlAu,(0001),3
ScAlCo2 (111),8.378676860449835,"Al, Co, Sc",Cubic,m-3m,ScAlCo2,(111),3
ScAlCu2 (111),8.714084367458607,"Al, Cu, Sc",Cubic,m-3m,ScAlCu2,(111),3
ScAlIr2 (111),8.780419023722937,"Al, Ir, Sc",Cubic,m-3m,ScAlIr2,(111),3
ScAlNi2 (111),8.49787140874874,"Al, Ni, Sc",Cubic,m-3m,ScAlNi2,(111),3
ScAlPd2 (111),8.979926626108695,"Al, Pd, Sc",Cubic,m-3m,ScAlPd2,(111),3
ScAlRh2 (111),8.75529117343696,"Al, Rh, Sc",Cubic,m-3m,ScAlRh2,(111),3
ScAs (111),7.753079058304368,"As, Sc",Cubic,m-3m,ScAs,(111),2
ScAu (111),4.7948518246574885,"Au, Sc",Cubic,m-3m,ScAu,(111),2
ScB12 (111),10.470996871829511,"B, Sc",Cubic,m-3m,ScB12,(111),2
ScB2 (0001),3.1454105692518697,"B, Sc",Hexagonal,6/mmm,ScB2,(0001),2
ScB4Ir3 (0001),7.60258753139774,"B, Ir, Sc",Hexagonal,6/m,ScB4Ir3,(0001),3
ScBIr3 (111),5.836601910498714,"B, Ir, Sc",Cubic,m-3m,ScBIr3,(111),3
ScBO3 (0001),4.772573355682378,"B, O, Sc",Trigonal,-3m,ScBO3,(0001),3
ScBRh3 (111),5.793567363511432,"B, Rh, Sc",Cubic,m-3m,ScBRh3,(111),3
ScBe13 (111),14.206603635754062,"Be, Sc",Cubic,m-3m,ScBe13,(111),2
ScBe5 (0001),4.536560491677689,"Be, Sc",Hexagonal,6/mmm,ScBe5,(0001),2
ScBi (111),8.519497756121295,"Bi, Sc",Cubic,m-3m,ScBi,(111),2
ScBiPd (111),9.161934480572976,"Bi, Pd, Sc",Cubic,-43m,ScBiPd,(111),3
ScBr3 (0001),9.918698871230749,"Br, Sc",Hexagonal,6/mmm,ScBr3,(0001),2
ScCd (111),4.98687847977194,"Cd, Sc",Cubic,m-3m,ScCd,(111),2
ScCd3 (0001),6.3541658252239115,"Cd, Sc",Hexagonal,6/mmm,ScCd3,(0001),2
ScCdAg2 (111),9.504291825235654,"Ag, Cd, Sc",Cubic,m-3m,ScCdAg2,(111),3
ScCdHg2 (111),9.831955971817887,"Cd, Hg, Sc",Cubic,m-3m,ScCdHg2,(111),3
ScCdNi4 (111),9.64648254665569,"Cd, Ni, Sc",Cubic,-43m,ScCdNi4,(111),3
ScCdPd2 (111),9.226057808486638,"Cd, Pd, Sc",Cubic,m-3m,ScCdPd2,(111),3
ScCdRh2 (111),9.056890911516318,"Cd, Rh, Sc",Cubic,m-3m,ScCdRh2,(111),3
ScCl3 (0001),6.408718901694598,"Cl, Sc",Trigonal,-3,ScCl3,(0001),2
ScCo (111),4.443833496727581,"Co, Sc",Cubic,m-3m,ScCo,(111),2
ScCo2 (111),9.751404188118231,"Co, Sc",Cubic,m-3m,ScCo2,(111),2
ScCo2Sn (111),8.74830064707453,"Co, Sc, Sn",Cubic,m-3m,ScCo2Sn,(111),3
ScCo3B2 (0001),4.868916665760395,"B, Co, Sc",Hexagonal,6/mmm,ScCo3B2,(0001),3
ScCrC2 (0001),3.2463818571356082,"C, Cr, Sc",Hexagonal,6/mmm,ScCrC2,(0001),3
ScCu (111),4.583279663308732,"Cu, Sc",Cubic,m-3m,ScCu,(111),2
ScCuGe (0001),6.498641255789994,"Cu, Ge, Sc",Hexagonal,-6m2,ScCuGe,(0001),3
ScCuO2 (0001),3.221382641697359,"Cu, O, Sc",Hexagonal,6/mmm,ScCuO2,(0001),3
ScCuS2 (0001),3.7379390256931924,"Cu, S, Sc",Trigonal,3m,ScCuS2,(0001),3
ScCuSi (0001),6.383084078166768,"Cu, Sc, Si",Hexagonal,-6m2,ScCuSi,(0001),3
ScCuSn (0001),4.384625286019701,"Cu, Sc, Sn",Hexagonal,6mm,ScCuSn,(0001),3
ScF3 (0001),5.702816642880183,"F, Sc",Trigonal,-3m,ScF3,(0001),2
ScFe2 (111),9.952605076408348,"Fe, Sc",Cubic,m-3m,ScFe2,(111),2
ScFeGe (0001),6.585200798115867,"Fe, Ge, Sc",Hexagonal,-6m2,ScFeGe,(0001),3
ScGa3 (111),5.772475839010741,"Ga, Sc",Cubic,m-3m,ScGa3,(111),2
ScGaCu2 (111),8.673910863291763,"Cu, Ga, Sc",Cubic,m-3m,ScGaCu2,(111),3
ScGaIr2 (111),8.801951579495203,"Ga, Ir, Sc",Cubic,m-3m,ScGaIr2,(111),3
ScGaNi2 (111),8.470908606362368,"Ga, Ni, Sc",Cubic,m-3m,ScGaNi2,(111),3
ScGaPd2 (111),8.975761145654415,"Ga, Pd, Sc",Cubic,m-3m,ScGaPd2,(111),3
ScGaRh2 (111),8.758205503391295,"Ga, Rh, Sc",Cubic,m-3m,ScGaRh2,(111),3
ScGaRu2 (111),8.76131332376876,"Ga, Ru, Sc",Cubic,m-3m,ScGaRu2,(111),3
ScGeAu (0001),4.325773632116801,"Au, Ge, Sc",Hexagonal,6mm,ScGeAu,(0001),3
ScGeOs (0001),6.9859622786409545,"Ge, Os, Sc",Hexagonal,-6m2,ScGeOs,(0001),3
ScGePd (0001),6.728877632197927,"Ge, Pd, Sc",Hexagonal,-6m2,ScGePd,(0001),3
ScGeRu (0001),6.961864057078086,"Ge, Ru, Sc",Hexagonal,-6m2,ScGeRu,(0001),3
ScH2 (111),6.743216876883789,"H, Sc",Cubic,m-3m,ScH2,(111),2
ScHCl (0001),3.4952533661747878,"Cl, H, Sc",Trigonal,-3m,ScHCl,(0001),3
ScHg (111),4.957655863683708,"Hg, Sc",Cubic,m-3m,ScHg,(111),2
ScHg3 (0001),6.429788733660463,"Hg, Sc",Hexagonal,6/mmm,ScHg3,(0001),2
ScI3 (0001),10.81192564834933,"I, Sc",Hexagonal,6/mmm,ScI3,(0001),2
ScIn3 (111),6.357871681637791,"In, Sc",Cubic,m-3m,ScIn3,(111),2
ScInAg2 (111),9.542528313301334,"Ag, In, Sc",Cubic,m-3m,ScInAg2,(111),3
ScInCu4 (111),9.916499553622725,"Cu, In, Sc",Cubic,-43m,ScInCu4,(111),3
ScInIr2 (111),9.091595457778512,"In, Ir, Sc",Cubic,m-3m,ScInIr2,(111),3
ScInNi2 (111),8.80725978833037,"In, Ni, Sc",Cubic,m-3m,ScInNi2,(111),3
ScInNi4 (111),9.665794476657506,"In, Ni, Sc",Cubic,-43m,ScInNi4,(111),3
ScInPd2 (111),9.25441884950137,"In, Pd, Sc",Cubic,m-3m,ScInPd2,(111),3
ScInPt (0001),7.6005763843514,"In, Pt, Sc",Hexagonal,-6m2,ScInPt,(0001),3
ScInPt2 (111),9.274902260756688,"In, Pt, Sc",Cubic,m-3m,ScInPt2,(111),3
ScInRh2 (111),9.05684285653947,"In, Rh, Sc",Cubic,m-3m,ScInRh2,(111),3
ScIr (111),4.5514852432887825,"Ir, Sc",Cubic,m-3m,ScIr,(111),2
ScIr3 (111),5.55456474821136,"Ir, Sc",Cubic,m-3m,ScIr3,(111),2
ScMn2 (0001),5.342358891534048,"Mn, Sc",Hexagonal,6/mmm,ScMn2,(0001),2
ScMnGe (0001),6.847067597823888,"Ge, Mn, Sc",Hexagonal,-6m2,ScMnGe,(0001),3
ScMnRh2 (111),8.844685689261505,"Mn, Rh, Sc",Cubic,m-3m,ScMnRh2,(111),3
ScMnSi (0001),6.651843849058499,"Mn, Sc, Si",Hexagonal,-6m2,ScMnSi,(0001),3
ScN (111),6.379438704425228,"N, Sc",Cubic,m-3m,ScN,(111),2
ScNbOs2 (111),9.029997915287248,"Nb, Os, Sc",Cubic,m-3m,ScNbOs2,(111),3
ScNbRu2 (111),8.988198793299134,"Nb, Ru, Sc",Cubic,m-3m,ScNbRu2,(111),3
ScNbTc2 (111),9.054400486152936,"Nb, Sc, Tc",Cubic,m-3m,ScNbTc2,(111),3
ScNi (111),4.458330698950418,"Ni, Sc",Cubic,m-3m,ScNi,(111),2
ScNi2 (111),9.693290542062623,"Ni, Sc",Cubic,m-3m,ScNi2,(111),2
ScNi2Sn (111),8.787621350460903,"Ni, Sc, Sn",Cubic,m-3m,ScNi2Sn,(111),3
ScNi4Au (111),9.572084661957426,"Au, Ni, Sc",Cubic,-43m,ScNi4Au,(111),3
ScNi4Sn (111),9.670724558028711,"Ni, Sc, Sn",Cubic,-43m,ScNi4Sn,(111),3
ScNiBi (111),8.8000562541679,"Bi, Ni, Sc",Cubic,-43m,ScNiBi,(111),3
ScNiSb (111),8.602379954881828,"Ni, Sb, Sc",Cubic,-43m,ScNiSb,(111),3
ScNiSn (0001),7.136346102935159,"Ni, Sc, Sn",Hexagonal,-6m2,ScNiSn,(0001),3
ScOs2 (0001),5.176774443371071,"Os, Sc",Hexagonal,6/mmm,ScOs2,(0001),2
ScP (111),7.533140029014798,"P, Sc",Cubic,m-3m,ScP,(111),2
ScPIr (0001),6.346345445484141,"Ir, P, Sc",Hexagonal,-6m2,ScPIr,(0001),3
ScPRu (0001),6.543535567821515,"P, Ru, Sc",Hexagonal,-6m2,ScPRu,(0001),3
ScPaOs2 (111),9.477726719237399,"Os, Pa, Sc",Cubic,m-3m,ScPaOs2,(111),3
ScPaRu2 (111),9.413902959366276,"Pa, Ru, Sc",Cubic,m-3m,ScPaRu2,(111),3
ScPaTc2 (111),9.411037451561922,"Pa, Sc, Tc",Cubic,m-3m,ScPaTc2,(111),3
ScPd (111),4.6661499900529755,"Pd, Sc",Cubic,m-3m,ScPd,(111),2
ScPd2Pb (111),9.39805748835948,"Pb, Pd, Sc",Cubic,m-3m,ScPd2Pb,(111),3
ScPd3 (111),5.62807312259405,"Pd, Sc",Cubic,m-3m,ScPd3,(111),2
ScPt (111),4.651960548985582,"Pt, Sc",Cubic,m-3m,ScPt,(111),2
ScPt3 (111),5.6345612657176405,"Pt, Sc",Cubic,m-3m,ScPt3,(111),2
ScRe2 (0001),5.280140686919062,"Re, Sc",Hexagonal,6/mmm,ScRe2,(0001),2
ScRh (111),4.549392207216469,"Rh, Sc",Cubic,m-3m,ScRh,(111),2
ScRh2Pb (111),9.210170335337041,"Pb, Rh, Sc",Cubic,m-3m,ScRh2Pb,(111),3
ScRh3 (111),5.520475229285306,"Rh, Sc",Cubic,m-3m,ScRh3,(111),2
ScRh3C (111),5.762544736401009,"C, Rh, Sc",Cubic,m-3m,ScRh3C,(111),3
ScRu (111),4.523409455404686,"Ru, Sc",Cubic,m-3m,ScRu,(111),2
ScRu2 (0001),5.100820201808343,"Ru, Sc",Hexagonal,6/mmm,ScRu2,(0001),2
ScRu3C (111),5.743554902959634,"C, Ru, Sc",Cubic,m-3m,ScRu3C,(111),3
ScS (111),7.378759551417229,"S, Sc",Cubic,m-3m,ScS,(111),2
ScSb (111),8.331459441946585,"Sb, Sc",Cubic,m-3m,ScSb,(111),2
ScSbPd (111),8.980278265519631,"Pd, Sb, Sc",Cubic,-43m,ScSbPd,(111),3
ScSbPt (111),8.991901704840945,"Pt, Sb, Sc",Cubic,-43m,ScSbPt,(111),3
ScSbRh2 (111),9.084581241351856,"Rh, Sb, Sc",Cubic,m-3m,ScSbRh2,(111),3
ScSbRu2 (111),8.98410253335871,"Ru, Sb, Sc",Cubic,m-3m,ScSbRu2,(111),3
ScSe (111),7.732791846259438,"Sc, Se",Cubic,m-3m,ScSe,(111),2
ScSi7Ir3 (0001),7.531220940518033,"Ir, Sc, Si",Trigonal,-3m,ScSi7Ir3,(0001),3
ScSi7Rh3 (0001),7.568230263758161,"Rh, Sc, Si",Trigonal,-3m,ScSi7Rh3,(0001),3
ScSiAu (0001),4.222779064591466,"Au, Sc, Si",Hexagonal,-6m2,ScSiAu,(0001),3
ScSiRu (0001),6.90351221814495,"Ru, Sc, Si",Hexagonal,-6m2,ScSiRu,(0001),3
ScSnAu (111),9.15275283645163,"Au, Sc, Sn",Cubic,-43m,ScSnAu,(111),3
ScSnPd (0001),7.482292093608931,"Pd, Sc, Sn",Hexagonal,-6m2,ScSnPd,(0001),3
ScSnPd2 (111),9.262636521313791,"Pd, Sc, Sn",Cubic,m-3m,ScSnPd2,(111),3
ScSnPt (0001),7.394078744013924,"Pt, Sc, Sn",Hexagonal,-6m2,ScSnPt,(0001),3
ScSnRh2 (111),9.076232974202261,"Rh, Sc, Sn",Cubic,m-3m,ScSnRh2,(111),3
ScSnRu2 (111),9.039463133523126,"Ru, Sc, Sn",Cubic,m-3m,ScSnRu2,(111),3
ScTaN2 (0001),3.06307389454998,"N, Sc, Ta",Hexagonal,6/mmm,ScTaN2,(0001),3
ScTaOs2 (111),9.006341342082525,"Os, Sc, Ta",Cubic,m-3m,ScTaOs2,(111),3
ScTaRu2 (111),8.965938113846807,"Ru, Sc, Ta",Cubic,m-3m,ScTaRu2,(111),3
ScTc2 (0001),5.235873112447385,"Sc, Tc",Hexagonal,6/mmm,ScTc2,(0001),2
ScTc2W (111),8.919836990885464,"Sc, Tc, W",Cubic,m-3m,ScTc2W,(111),3
ScTe (0001),4.163354361901121,"Sc, Te",Hexagonal,6/mmm,ScTe,(0001),2
ScTiRu2 (111),8.850679369102146,"Ru, Sc, Ti",Cubic,m-3m,ScTiRu2,(111),3
ScTlRh2 (111),9.138448631228668,"Rh, Sc, Tl",Cubic,m-3m,ScTlRh2,(111),3
ScTlS2 (0001),3.792497392126931,"S, Sc, Tl",Hexagonal,6/mmm,ScTlS2,(0001),3
ScTlSe2 (0001),3.967793441523208,"Sc, Se, Tl",Trigonal,-3m,ScTlSe2,(0001),3
ScTlTe2 (0001),4.273804925719027,"Sc, Te, Tl",Trigonal,-3m,ScTlTe2,(0001),3
ScU3Sb5 (0001),9.321344109866589,"Sb, Sc, U",Hexagonal,6/mmm,ScU3Sb5,(0001),3
ScVRu2 (111),8.72612308943019,"Ru, Sc, V",Cubic,m-3m,ScVRu2,(111),3
ScZn (111),4.715014448603379,"Sc, Zn",Cubic,m-3m,ScZn,(111),2
ScZn2 (0001),5.225845221359853,"Sc, Zn",Hexagonal,6/mmm,ScZn2,(0001),2
ScZn3 (0001),5.8655009947057835,"Sc, Zn",Hexagonal,6/mmm,ScZn3,(0001),2
ScZnCu2 (111),8.674959628737755,"Cu, Sc, Zn",Cubic,m-3m,ScZnCu2,(111),3
ScZnPd2 (111),8.95265607462744,"Pd, Sc, Zn",Cubic,m-3m,ScZnPd2,(111),3
ScZnPt2 (111),8.968405076198968,"Pt, Sc, Zn",Cubic,m-3m,ScZnPt2,(111),3
ScZnRh2 (111),8.76396511090042,"Rh, Sc, Zn",Cubic,m-3m,ScZnRh2,(111),3
SeBr4 (0001),10.761564165885368,"Br, Se",Trigonal,3m,SeBr4,(0001),2
Si (111),7.698557725333575,Si,Cubic,m-3m,Si,(111),1
Si2Ni (111),7.617392768364736,"Ni, Si",Cubic,m-3m,Si2Ni,(111),2
Si2Ni6B (0001),6.071930608563699,"B, Ni, Si",Hexagonal,-6m2,Si2Ni6B,(0001),3
Si2Pb3O7 (0001),10.136812680330738,"O, Pb, Si",Trigonal,-3m,Si2Pb3O7,(0001),3
Si2Rh3 (0001),3.969475933481404,"Rh, Si",Trigonal,-3m,Si2Rh3,(0001),2
Si3(BiO3)4 (111),14.52098422748901,"Bi, O, Si",Cubic,-43m,Si3(BiO3)4,(111),3
Si3N4 (0001),7.604544435732887,"N, Si",Hexagonal,6/m,Si3N4,(0001),2
Si5P6O25 (0001),7.865451482682737,"O, P, Si",Trigonal,-3,Si5P6O25,(0001),3
Si6Ni3Au (0001),3.7477441789510495,"Au, Ni, Si",Trigonal,-3m,Si6Ni3Au,(0001),3
SiBr4 (111),15.899353264770934,"Br, Si",Cubic,m-3,SiBr4,(111),2
SiC (0001),3.076777565149437,"C, Si",Trigonal,3m,SiC,(0001),2
SiF4 (111),7.4707017101103075,"F, Si",Cubic,-43m,SiF4,(111),2
SiI3 (0001),7.368175618744283,"I, Si",Trigonal,-3,SiI3,(0001),2
SiMo3 (111),6.9150732535684885,"Mo, Si",Cubic,m-3m,SiMo3,(111),2
SiNi3 (111),4.898468169386999,"Ni, Si",Cubic,m-3m,SiNi3,(111),2
SiNi3Mo2 (0001),4.7261814934782675,"Mo, Ni, Si",Hexagonal,6/mmm,SiNi3Mo2,(0001),3
SiNiPd (0001),6.10372228564677,"Ni, Pd, Si",Hexagonal,-6m2,SiNiPd,(0001),3
SiO2 (0001),4.914966176727704,"O, Si",Trigonal,32,SiO2,(0001),2
SiOs (111),6.740130185150418,"Os, Si",Cubic,23,SiOs,(111),2
SiPAu (0001),3.499678356973877,"Au, P, Si",Trigonal,3m,SiPAu,(0001),3
SiPd2 (0001),6.477896749647746,"Pd, Si",Hexagonal,-6m2,SiPd2,(0001),2
SiRu (111),6.658959446123297,"Ru, Si",Cubic,23,SiRu,(111),2
SiTc (111),6.711999950044169,"Si, Tc",Cubic,23,SiTc,(111),2
SiTc2W (111),8.594033803215366,"Si, Tc, W",Cubic,m-3m,SiTc2W,(111),3
Sm (0001),3.649688866473772,Sm,Hexagonal,6/mmm,Sm,(0001),1
Sm(AlBr4)3 (0001),10.535654130776086,"Al, Br, Sm",Trigonal,32,Sm(AlBr4)3,(0001),3
Sm(AlGe)2 (0001),4.244309811290833,"Al, Ge, Sm",Trigonal,-3m,Sm(AlGe)2,(0001),3
Sm(ClO4)3 (0001),8.268891959687625,"Cl, O, Sm",Trigonal,3m,Sm(ClO4)3,(0001),3
Sm(Co2B)6 (0001),9.412982289085377,"B, Co, Sm",Trigonal,-3m,Sm(Co2B)6,(0001),3
Sm(FeP3)4 (111),11.024818609317435,"Fe, P, Sm",Cubic,m-3,Sm(FeP3)4,(111),3
Sm(Ge2Rh3)2 (0001),7.156463700744142,"Ge, Rh, Sm",Hexagonal,-6m2,Sm(Ge2Rh3)2,(0001),3
Sm(HO)3 (0001),6.351668789834273,"H, O, Sm",Hexagonal,6/m,Sm(HO)3,(0001),3
Sm(MnGe)6 (0001),5.208089974333248,"Ge, Mn, Sm",Hexagonal,6/mmm,Sm(MnGe)6,(0001),3
Sm(ZnP)3 (0001),4.001038271133318,"P, Sm, Zn",Hexagonal,6/mmm,Sm(ZnP)3,(0001),3
Sm11(Fe2C3)6 (111),14.554423987380229,"C, Fe, Sm",Cubic,-43m,Sm11(Fe2C3)6,(111),3
Sm12(MnC3)5 (0001),10.65131158016653,"C, Mn, Sm",Hexagonal,-6m2,Sm12(MnC3)5,(0001),3
Sm12(OsC3)5 (0001),10.856116042715334,"C, Os, Sm",Hexagonal,-6m2,Sm12(OsC3)5,(0001),3
Sm12Co6Pb (111),14.00345362744823,"Co, Pb, Sm",Cubic,m-3,Sm12Co6Pb,(111),3
Sm12Co6Sn (111),13.977771212184484,"Co, Sm, Sn",Cubic,m-3,Sm12Co6Sn,(111),3
Sm12InCo6 (111),13.971948230254021,"Co, In, Sm",Cubic,m-3,Sm12InCo6,(111),3
Sm14Ag51 (0001),12.755895183780341,"Ag, Sm",Hexagonal,-6,Sm14Ag51,(0001),2
Sm14Au51 (0001),12.683205790198091,"Au, Sm",Hexagonal,-6,Sm14Au51,(0001),2
Sm2(Zn2Ge)3 (0001),7.563965956843697,"Ge, Sm, Zn",Hexagonal,-6m2,Sm2(Zn2Ge)3,(0001),3
Sm23Cd4Rh7 (0001),9.896206240012457,"Cd, Rh, Sm",Hexagonal,6mm,Sm23Cd4Rh7,(0001),3
Sm23Cd4Ru7 (0001),9.880700268499524,"Cd, Ru, Sm",Hexagonal,6mm,Sm23Cd4Ru7,(0001),3
Sm23Mg4Ni7 (0001),9.888491172520633,"Mg, Ni, Sm",Hexagonal,6mm,Sm23Mg4Ni7,(0001),3
Sm23Mg4Pt7 (0001),10.017049018652422,"Mg, Pt, Sm",Hexagonal,6mm,Sm23Mg4Pt7,(0001),3
Sm2AgHg (111),10.551304383590235,"Ag, Hg, Sm",Cubic,m-3m,Sm2AgHg,(111),3
Sm2AgRu (111),10.068290376247694,"Ag, Ru, Sm",Cubic,m-3m,Sm2AgRu,(111),3
Sm2C (0001),3.6549063857983084,"C, Sm",Trigonal,-3m,Sm2C,(0001),2
Sm2C3 (111),11.968165226525294,"C, Sm",Cubic,-43m,Sm2C3,(111),2
Sm2CdIn (111),10.787617772806506,"Cd, In, Sm",Cubic,m-3m,Sm2CdIn,(111),3
Sm2Co12P7 (0001),9.074402297780829,"Co, P, Sm",Hexagonal,-6,Sm2Co12P7,(0001),3
Sm2Co17 (0001),8.368084292282667,"Co, Sm",Trigonal,-3m,Sm2Co17,(0001),2
Sm2Co5B2 (0001),5.095444735347034,"B, Co, Sm",Hexagonal,6/mmm,Sm2Co5B2,(0001),3
Sm2Fe12P7 (0001),9.024908350898418,"Fe, P, Sm",Hexagonal,-6,Sm2Fe12P7,(0001),3
Sm2Ga3Cu (0001),4.377653887350118,"Cu, Ga, Sm",Trigonal,3m,Sm2Ga3Cu,(0001),3
Sm2GeRh3 (0001),5.6280982204690835,"Ge, Rh, Sm",Trigonal,-3m,Sm2GeRh3,(0001),3
Sm2Hf2O7 (111),14.93175090512181,"Hf, O, Sm",Cubic,m-3m,Sm2Hf2O7,(111),3
Sm2In (0001),5.495980287396856,"In, Sm",Hexagonal,6/mmm,Sm2In,(0001),2
Sm2InAg (111),10.678506557848936,"Ag, In, Sm",Cubic,m-3m,Sm2InAg,(111),3
Sm2InHg (111),10.75808254481031,"Hg, In, Sm",Cubic,m-3m,Sm2InHg,(111),3
Sm2IrAu (111),10.08074956944793,"Au, Ir, Sm",Cubic,m-3m,Sm2IrAu,(111),3
Sm2IrPd (111),9.945961214229404,"Ir, Pd, Sm",Cubic,m-3m,Sm2IrPd,(111),3
Sm2IrRh (111),9.85117199457643,"Ir, Rh, Sm",Cubic,m-3m,Sm2IrRh,(111),3
Sm2MgAl (111),10.593643392063276,"Al, Mg, Sm",Cubic,m-3m,Sm2MgAl,(111),3
Sm2MgIn (111),10.818354799488004,"In, Mg, Sm",Cubic,m-3m,Sm2MgIn,(111),3
Sm2Mn12P7 (0001),9.324324470150533,"Mn, P, Sm",Hexagonal,-6,Sm2Mn12P7,(0001),3
Sm2Mn2O7 (111),14.220975569101652,"Mn, O, Sm",Cubic,m-3m,Sm2Mn2O7,(111),3
Sm2MnGa6 (111),12.455350668849666,"Ga, Mn, Sm",Cubic,m-3m,Sm2MnGa6,(111),3
Sm2Mo2O7 (111),14.710494987115382,"Mo, O, Sm",Cubic,m-3m,Sm2Mo2O7,(111),3
Sm2Ni12As7 (0001),9.367308265806406,"As, Ni, Sm",Hexagonal,-6,Sm2Ni12As7,(0001),3
Sm2Ni12P7 (0001),9.065046759959378,"Ni, P, Sm",Hexagonal,-6,Sm2Ni12P7,(0001),3
Sm2Ni7 (0001),4.954826851895733,"Ni, Sm",Trigonal,-3m,Sm2Ni7,(0001),2
Sm2O3 (111),15.4690071875245,"O, Sm",Cubic,m-3,Sm2O3,(111),2
Sm2Pt2O7 (111),14.627775316541939,"O, Pt, Sm",Cubic,m-3m,Sm2Pt2O7,(111),3
Sm2SO2 (0001),3.9031168376190335,"O, S, Sm",Trigonal,-3m,Sm2SO2,(0001),3
Sm2SeO2 (0001),3.937997242734492,"O, Se, Sm",Trigonal,-3m,Sm2SeO2,(0001),3
Sm2Sn2O7 (111),14.898178012552227,"O, Sm, Sn",Cubic,m-3m,Sm2Sn2O7,(111),3
Sm2TiCo16 (0001),8.363970827333656,"Co, Sm, Ti",Trigonal,3m,Sm2TiCo16,(0001),3
Sm2TlAg (111),10.68489449922847,"Ag, Sm, Tl",Cubic,m-3m,Sm2TlAg,(111),3
Sm2TlCd (111),10.807415376750438,"Cd, Sm, Tl",Cubic,m-3m,Sm2TlCd,(111),3
Sm2TlHg (111),10.76696097755489,"Hg, Sm, Tl",Cubic,m-3m,Sm2TlHg,(111),3
Sm2Zn17 (0001),8.916792735666284,"Sm, Zn",Trigonal,-3m,Sm2Zn17,(0001),2
Sm2ZnHg (111),10.488306472731098,"Hg, Sm, Zn",Cubic,m-3m,Sm2ZnHg,(111),3
Sm2Zr2O7 (111),15.023483924413684,"O, Sm, Zr",Cubic,m-3m,Sm2Zr2O7,(111),3
Sm3(Al3Os)4 (0001),8.827191778088505,"Al, Os, Sm",Hexagonal,6/mmm,Sm3(Al3Os)4,(0001),3
Sm3(Al3Ru)4 (0001),8.816233308687742,"Al, Ru, Sm",Hexagonal,6/mmm,Sm3(Al3Ru)4,(0001),3
Sm3(AlNi3)2 (111),12.675597808176882,"Al, Ni, Sm",Cubic,m-3m,Sm3(AlNi3)2,(111),3
Sm3(GaNi3)2 (111),12.619235874144323,"Ga, Ni, Sm",Cubic,m-3m,Sm3(GaNi3)2,(111),3
Sm3Al (0001),7.018799065875538,"Al, Sm",Hexagonal,6/mmm,Sm3Al,(0001),2
Sm3AlC (111),7.0942918572811395,"Al, C, Sm",Cubic,m-3m,Sm3AlC,(111),3
Sm3AlN (111),6.934655680204861,"Al, N, Sm",Cubic,m-3m,Sm3AlN,(111),3
Sm3AlNi8 (0001),5.119013494965094,"Al, Ni, Sm",Hexagonal,6/mmm,Sm3AlNi8,(0001),3
Sm3Bi4Au3 (111),14.429693380791065,"Au, Bi, Sm",Cubic,-43m,Sm3Bi4Au3,(111),3
Sm3Co4Sn13 (111),13.496309728476918,"Co, Sm, Sn",Cubic,m-3m,Sm3Co4Sn13,(111),3
Sm3Cu3Sb4 (111),13.666046143390943,"Cu, Sb, Sm",Cubic,-43m,Sm3Cu3Sb4,(111),3
Sm3Hg (0001),6.999099445482203,"Hg, Sm",Hexagonal,6/mmm,Sm3Hg,(0001),2
Sm3HoS4 (0001),3.9612892419040597,"Ho, S, Sm",Trigonal,-3m,Sm3HoS4,(0001),3
Sm3In (111),6.969032331624528,"In, Sm",Cubic,m-3m,Sm3In,(111),2
Sm3InN (111),6.9902557173977735,"In, N, Sm",Cubic,m-3m,Sm3InN,(111),3
Sm3Mg13Zn30 (0001),14.642330107995534,"Mg, Sm, Zn",Hexagonal,6/mmm,Sm3Mg13Zn30,(0001),3
Sm3Pd4 (0001),13.484049029204684,"Pd, Sm",Trigonal,-3,Sm3Pd4,(0001),2
Sm3Rh2 (0001),8.740144392513782,"Rh, Sm",Trigonal,-3,Sm3Rh2,(0001),2
Sm3Sb4Au3 (111),14.148366507267836,"Au, Sb, Sm",Cubic,-43m,Sm3Sb4Au3,(111),3
Sm3Sb5O12 (111),15.442414791079608,"O, Sb, Sm",Cubic,-43m,Sm3Sb5O12,(111),3
Sm3Sn13Ir4 (111),13.771365418095662,"Ir, Sm, Sn",Cubic,m-3m,Sm3Sn13Ir4,(111),3
Sm3Sn13Rh4 (111),13.751867731135944,"Rh, Sm, Sn",Cubic,m-3m,Sm3Sn13Rh4,(111),3
Sm3Sn13Ru4 (111),13.781895624401416,"Ru, Sm, Sn",Cubic,m-3m,Sm3Sn13Ru4,(111),3
Sm3SnN (111),6.953069297044292,"N, Sm, Sn",Cubic,m-3m,Sm3SnN,(111),3
Sm3TlC (111),7.130575825534063,"C, Sm, Tl",Cubic,m-3m,Sm3TlC,(111),3
Sm4Sn3 (111),13.411725005924742,"Sm, Sn",Cubic,-43m,Sm4Sn3,(111),2
Sm5Bi3 (0001),9.3658855371673,"Bi, Sm",Hexagonal,6/mmm,Sm5Bi3,(0001),2
Sm5Co19 (0001),4.9736274816952495,"Co, Sm",Trigonal,-3m,Sm5Co19,(0001),2
Sm5Ge3 (0001),8.746656305636137,"Ge, Sm",Hexagonal,6/mmm,Sm5Ge3,(0001),2
Sm5P12Ru19 (0001),12.59010768442927,"P, Ru, Sm",Hexagonal,-6m2,Sm5P12Ru19,(0001),3
Sm5Pb3 (0001),9.226814508693236,"Pb, Sm",Hexagonal,6/mmm,Sm5Pb3,(0001),2
Sm5Sb3 (0001),9.201664019322386,"Sb, Sm",Hexagonal,6/mmm,Sm5Sb3,(0001),2
Sm5Si3 (0001),8.654736197262286,"Si, Sm",Hexagonal,6/mmm,Sm5Si3,(0001),2
Sm5Sn3 (0001),9.155407214804903,"Sm, Sn",Hexagonal,6/mmm,Sm5Sn3,(0001),2
Sm6Al43Cr4 (0001),10.995592287087899,"Al, Cr, Sm",Hexagonal,6/mmm,Sm6Al43Cr4,(0001),3
Sm6Al43V4 (0001),11.050073067493745,"Al, Sm, V",Hexagonal,6/mmm,Sm6Al43V4,(0001),3
Sm6Al43W4 (0001),11.095256807485686,"Al, Sm, W",Hexagonal,6/mmm,Sm6Al43W4,(0001),3
Sm6Ge3S14 (0001),10.123896340703208,"Ge, S, Sm",Trigonal,3,Sm6Ge3S14,(0001),3
Sm6Nb4Al43 (0001),11.178662195812755,"Al, Nb, Sm",Hexagonal,6/mmm,Sm6Nb4Al43,(0001),3
Sm6Ni20As13 (0001),13.070467930286593,"As, Ni, Sm",Hexagonal,-6,Sm6Ni20As13,(0001),3
Sm6Ni20P13 (0001),12.78060782349482,"Ni, P, Sm",Hexagonal,-6,Sm6Ni20P13,(0001),3
Sm6Si19Rh30 (0001),15.847574283749957,"Rh, Si, Sm",Trigonal,3,Sm6Si19Rh30,(0001),3
Sm6Ta4Al43 (0001),11.08062658223558,"Al, Sm, Ta",Hexagonal,6/mmm,Sm6Ta4Al43,(0001),3
Sm6Ti4Al43 (0001),11.041238474857172,"Al, Sm, Ti",Hexagonal,6/mmm,Sm6Ti4Al43,(0001),3
Sm7Pt3 (0001),10.081072,"Pt, Sm",Hexagonal,6mm,Sm7Pt3,(0001),2
Sm7Rh3 (0001),10.061816904268033,"Rh, Sm",Hexagonal,6mm,Sm7Rh3,(0001),2
Sm8Ga3Co (0001),10.347868189223057,"Co, Ga, Sm",Hexagonal,6mm,Sm8Ga3Co,(0001),3
SmAg (111),5.212384901492894,"Ag, Sm",Cubic,m-3m,SmAg,(111),2
SmAgAu2 (111),9.841965520853922,"Ag, Au, Sm",Cubic,m-3m,SmAgAu2,(111),3
SmAgGe (0001),7.2351155639763025,"Ag, Ge, Sm",Hexagonal,-6m2,SmAgGe,(0001),3
SmAgHg2 (111),10.076465973136042,"Ag, Hg, Sm",Cubic,m-3m,SmAgHg2,(111),3
SmAgO2 (0001),3.6337296509112993,"Ag, O, Sm",Trigonal,-3m,SmAgO2,(0001),3
SmAgPb (0001),4.823120544268724,"Ag, Pb, Sm",Hexagonal,6mm,SmAgPb,(0001),3
SmAl2 (111),11.230818057486792,"Al, Sm",Cubic,m-3m,SmAl2,(111),2
SmAl3 (0001),6.41124929853614,"Al, Sm",Hexagonal,6/mmm,SmAl3,(0001),2
SmAl3Ni2 (0001),9.044309905356783,"Al, Ni, Sm",Hexagonal,6/mmm,SmAl3Ni2,(0001),3
SmAl3Pd2 (0001),5.425409813983222,"Al, Pd, Sm",Hexagonal,6/mmm,SmAl3Pd2,(0001),3
SmAl7Au3 (0001),8.080333409793514,"Al, Au, Sm",Trigonal,-3m,SmAl7Au3,(0001),3
SmAlCu (0001),7.1313599874094,"Al, Cu, Sm",Hexagonal,-6m2,SmAlCu,(0001),3
SmAs (111),8.417448603957158,"As, Sm",Cubic,m-3m,SmAs,(111),2
SmAsPd (0001),4.335149644634358,"As, Pd, Sm",Hexagonal,6mm,SmAsPd,(0001),3
SmAsPt (0001),4.300171255387873,"As, Pt, Sm",Hexagonal,6/mmm,SmAsPt,(0001),3
SmB2Ir3 (0001),5.475315578625369,"B, Ir, Sm",Hexagonal,6/mmm,SmB2Ir3,(0001),3
SmB2Rh3 (0001),5.411187081556262,"B, Rh, Sm",Hexagonal,6/mmm,SmB2Rh3,(0001),3
SmB6 (111),5.815509947591822,"B, Sm",Cubic,m-3m,SmB6,(111),2
SmBN2 (0001),12.010233143029465,"B, N, Sm",Trigonal,-3m,SmBN2,(0001),3
SmBRh3 (111),5.952098822949417,"B, Rh, Sm",Cubic,m-3m,SmBRh3,(111),3
SmBe13 (111),14.535723448660292,"Be, Sm",Cubic,m-3m,SmBe13,(111),2
SmBi (111),9.100012264002272,"Bi, Sm",Cubic,m-3m,SmBi,(111),2
SmBiPd (111),9.572737583765626,"Bi, Pd, Sm",Cubic,-43m,SmBiPd,(111),3
SmCO4 (0001),12.376222746212008,"C, O, Sm",Hexagonal,-6,SmCO4,(0001),3
SmCd (111),5.373003627011858,"Cd, Sm",Cubic,m-3m,SmCd,(111),2
SmCd2 (0001),4.9973584019143935,"Cd, Sm",Hexagonal,6/mmm,SmCd2,(0001),2
SmCd3 (0001),6.697394377509461,"Cd, Sm",Hexagonal,6/mmm,SmCd3,(0001),2
SmCdAg2 (111),9.93641668689695,"Ag, Cd, Sm",Cubic,m-3m,SmCdAg2,(111),3
SmCdAu (0001),7.742987295816463,"Au, Cd, Sm",Hexagonal,-6m2,SmCdAu,(0001),3
SmCdAu2 (111),9.924632780672747,"Au, Cd, Sm",Cubic,m-3m,SmCdAu2,(111),3
SmCdGa (0001),7.326831896754288,"Cd, Ga, Sm",Hexagonal,-6m2,SmCdGa,(0001),3
SmCdHg2 (111),10.22527201318481,"Cd, Hg, Sm",Cubic,m-3m,SmCdHg2,(111),3
SmCdIn (0001),4.867075188878427,"Cd, In, Sm",Trigonal,-3m,SmCdIn,(0001),3
SmCdNi4 (111),9.93617751512441,"Cd, Ni, Sm",Cubic,-43m,SmCdNi4,(111),3
SmCdPd (0001),7.627666872926429,"Cd, Pd, Sm",Hexagonal,-6m2,SmCdPd,(0001),3
SmCl3 (0001),9.334872248164807,"Cl, Sm",Hexagonal,6/mmm,SmCl3,(0001),2
SmCo2 (111),10.251411600159308,"Co, Sm",Cubic,m-3m,SmCo2,(111),2
SmCu4Ag (111),10.092755893399412,"Ag, Cu, Sm",Cubic,-43m,SmCu4Ag,(111),3
SmCu5 (0001),5.030685406990678,"Cu, Sm",Hexagonal,6/mmm,SmCu5,(0001),2
SmCuGe (0001),4.140023280570268,"Cu, Ge, Sm",Hexagonal,-6m2,SmCuGe,(0001),3
SmCuO2 (0001),3.6649392630258353,"Cu, O, Sm",Trigonal,-3m,SmCuO2,(0001),3
SmCuPb (0001),4.627609141689767,"Cu, Pb, Sm",Hexagonal,6mm,SmCuPb,(0001),3
SmCuSi (0001),4.151074897534439,"Cu, Si, Sm",Hexagonal,6/mmm,SmCuSi,(0001),3
SmCuSn (0001),4.55585951198366,"Cu, Sm, Sn",Hexagonal,6mm,SmCuSn,(0001),3
SmDyHg2 (111),10.565414925682983,"Dy, Hg, Sm",Cubic,m-3m,SmDyHg2,(111),3
SmDyMg2 (111),10.795504247874163,"Dy, Mg, Sm",Cubic,m-3m,SmDyMg2,(111),3
SmDyTl2 (111),10.76521063371301,"Dy, Sm, Tl",Cubic,m-3m,SmDyTl2,(111),3
SmErHg2 (111),10.517972303306054,"Er, Hg, Sm",Cubic,m-3m,SmErHg2,(111),3
SmErMg2 (111),10.763633361326898,"Er, Mg, Sm",Cubic,m-3m,SmErMg2,(111),3
SmEuB12 (111),11.684619748852704,"B, Eu, Sm",Cubic,m-3m,SmEuB12,(111),3
SmEuHg2 (111),10.881584231293163,"Eu, Hg, Sm",Cubic,m-3m,SmEuHg2,(111),3
SmGa2 (0001),4.209970053468147,"Ga, Sm",Hexagonal,6/mmm,SmGa2,(0001),2
SmGa2Ni3 (0001),8.772166274984707,"Ga, Ni, Sm",Hexagonal,-6m2,SmGa2Ni3,(0001),3
SmGa3 (0001),6.382380856527302,"Ga, Sm",Hexagonal,6/mmm,SmGa3,(0001),2
SmGdCo17 (0001),8.29642547638127,"Co, Gd, Sm",Trigonal,3m,SmGdCo17,(0001),3
SmGdS2 (0001),3.9764836779448873,"Gd, S, Sm",Trigonal,-3m,SmGdS2,(0001),3
SmGdSe2 (0001),4.137371825554665,"Gd, Se, Sm",Trigonal,-3m,SmGdSe2,(0001),3
SmGeAu (0001),4.434625240795952,"Au, Ge, Sm",Hexagonal,6mm,SmGeAu,(0001),3
SmH2 (111),7.604164628480722,"H, Sm",Cubic,m-3m,SmH2,(111),2
SmH3 (0001),6.539380510826703,"H, Sm",Trigonal,-3m,SmH3,(0001),2
SmHg2 (0001),4.959139848369434,"Hg, Sm",Hexagonal,6/mmm,SmHg2,(0001),2
SmHg3 (0001),6.69798359605811,"Hg, Sm",Hexagonal,6/mmm,SmHg3,(0001),2
SmHgAu2 (111),9.949405559644836,"Au, Hg, Sm",Cubic,m-3m,SmHgAu2,(111),3
SmHgPd (0001),7.759349264089509,"Hg, Pd, Sm",Hexagonal,-6m2,SmHgPd,(0001),3
SmHo3 (0001),7.223428343938845,"Ho, Sm",Hexagonal,6/mmm,SmHo3,(0001),2
SmHoHg2 (111),10.54337061722105,"Hg, Ho, Sm",Cubic,m-3m,SmHoHg2,(111),3
SmHoIn2 (111),10.663805525025357,"Ho, In, Sm",Cubic,m-3m,SmHoIn2,(111),3
SmHoMg2 (111),7.627991958684529,"Ho, Mg, Sm",Cubic,m-3m,SmHoMg2,(111),3
SmHoTl2 (111),10.747419944949517,"Ho, Sm, Tl",Cubic,m-3m,SmHoTl2,(111),3
SmI3 (0001),11.166114754508882,"I, Sm",Hexagonal,6/mmm,SmI3,(0001),2
SmIn (111),5.4009463515418705,"In, Sm",Cubic,m-3m,SmIn,(111),2
SmIn3 (111),6.59431294404437,"In, Sm",Cubic,m-3m,SmIn3,(111),2
SmInAg2 (111),9.942848878196038,"Ag, In, Sm",Cubic,m-3m,SmInAg2,(111),3
SmInAu (0001),7.755651705842631,"Au, In, Sm",Hexagonal,-6m2,SmInAu,(0001),3
SmInAu2 (111),9.942262540568567,"Au, In, Sm",Cubic,m-3m,SmInAu2,(111),3
SmInCu (0001),7.514804489178993,"Cu, In, Sm",Hexagonal,-6m2,SmInCu,(0001),3
SmInCu4 (111),10.231973688414184,"Cu, In, Sm",Cubic,-43m,SmInCu4,(111),3
SmInIr (0001),7.518423778297766,"In, Ir, Sm",Hexagonal,-6m2,SmInIr,(0001),3
SmInNi (0001),7.4980077165274075,"In, Ni, Sm",Hexagonal,-6m2,SmInNi,(0001),3
SmInPd (0001),7.76630224256463,"In, Pd, Sm",Hexagonal,-6m2,SmInPd,(0001),3
SmInPt4 (111),10.793184711357702,"In, Pt, Sm",Cubic,-43m,SmInPt4,(111),3
SmInRh (0001),7.531226342471607,"In, Rh, Sm",Hexagonal,-6m2,SmInRh,(0001),3
SmInRh2 (111),9.445773932132212,"In, Rh, Sm",Cubic,m-3m,SmInRh2,(111),3
SmLuHg2 (111),10.461637328364974,"Hg, Lu, Sm",Cubic,m-3m,SmLuHg2,(111),3
SmMg (111),5.448441893790305,"Mg, Sm",Cubic,m-3m,SmMg,(111),2
SmMg2Cu9 (0001),4.982925110618664,"Cu, Mg, Sm",Hexagonal,6/mmm,SmMg2Cu9,(0001),3
SmMg2Ni9 (0001),4.832900381886283,"Mg, Ni, Sm",Trigonal,-3m,SmMg2Ni9,(0001),3
SmMg3 (111),10.3943628708801,"Mg, Sm",Cubic,m-3m,SmMg3,(111),2
SmMg3Ni8 (0001),8.390195907418315,"Mg, Ni, Sm",Trigonal,3m,SmMg3Ni8,(0001),3
SmMgAg (0001),7.690774267146644,"Ag, Mg, Sm",Hexagonal,-6m2,SmMgAg,(0001),3
SmMgAg2 (111),9.96272886098106,"Ag, Mg, Sm",Cubic,m-3m,SmMgAg2,(111),3
SmMgAu (0001),7.677387534999529,"Au, Mg, Sm",Hexagonal,-6m2,SmMgAu,(0001),3
SmMgAu2 (111),9.881208278437773,"Au, Mg, Sm",Cubic,m-3m,SmMgAu2,(111),3
SmMgCd2 (111),10.244358704405434,"Cd, Mg, Sm",Cubic,m-3m,SmMgCd2,(111),3
SmMgGa (0001),7.36408893897922,"Ga, Mg, Sm",Hexagonal,-6m2,SmMgGa,(0001),3
SmMgHg2 (111),10.205596936703923,"Hg, Mg, Sm",Cubic,m-3m,SmMgHg2,(111),3
SmMgIn (0001),7.617820717635327,"In, Mg, Sm",Hexagonal,-6m2,SmMgIn,(0001),3
SmMgPd (0001),7.556630099034369,"Mg, Pd, Sm",Hexagonal,-6m2,SmMgPd,(0001),3
SmMgPt (0001),7.446598286211603,"Mg, Pt, Sm",Hexagonal,-6m2,SmMgPt,(0001),3
SmMgRh2 (111),9.338049277595696,"Mg, Rh, Sm",Cubic,m-3m,SmMgRh2,(111),3
SmMgTl (0001),7.632345123151152,"Mg, Sm, Tl",Hexagonal,-6m2,SmMgTl,(0001),3
SmMgZn2 (111),9.713877398366938,"Mg, Sm, Zn",Cubic,m-3m,SmMgZn2,(111),3
SmN (111),7.1561392851752625,"N, Sm",Cubic,m-3m,SmN,(111),2
SmNi2 (111),10.159624617176428,"Ni, Sm",Cubic,m-3m,SmNi2,(111),2
SmNi3 (0001),8.599805692853273,"Ni, Sm",Trigonal,-3m,SmNi3,(0001),2
SmNi4B (0001),5.058893111525978,"B, Ni, Sm",Hexagonal,6/mmm,SmNi4B,(0001),3
SmNi5 (0001),4.883849295271007,"Ni, Sm",Hexagonal,6/mmm,SmNi5,(0001),2
SmNiAs (0001),4.058114325879025,"As, Ni, Sm",Hexagonal,-6m2,SmNiAs,(0001),3
SmNiBi (111),9.24158844727018,"Bi, Ni, Sm",Cubic,-43m,SmNiBi,(111),3
SmNiP (0001),3.92422127834193,"Ni, P, Sm",Hexagonal,6/mmm,SmNiP,(0001),3
SmNiSb (0001),4.31746432831507,"Ni, Sb, Sm",Hexagonal,6/mmm,SmNiSb,(0001),3
SmOF (0001),3.899224580006066,"F, O, Sm",Trigonal,-3m,SmOF,(0001),3
SmOs2 (0001),5.309272346564217,"Os, Sm",Hexagonal,6/mmm,SmOs2,(0001),2
SmP (111),8.227113165288495,"P, Sm",Cubic,m-3m,SmP,(111),2
SmPPd (0001),4.190371809071317,"P, Pd, Sm",Hexagonal,6/mmm,SmPPd,(0001),3
SmPPt (0001),4.1467726508322365,"P, Pt, Sm",Hexagonal,-6m2,SmPPt,(0001),3
SmPb3 (111),6.9081508182398075,"Pb, Sm",Cubic,m-3m,SmPb3,(111),2
SmPbAu2 (111),10.147886859878053,"Au, Pb, Sm",Cubic,m-3m,SmPbAu2,(111),3
SmPd3 (111),5.855724425456514,"Pd, Sm",Cubic,m-3m,SmPd3,(111),2
SmPd3S4 (111),9.483532471216499,"Pd, S, Sm",Cubic,m-3m,SmPd3S4,(111),3
SmPdPb (0001),7.753507311046026,"Pb, Pd, Sm",Hexagonal,-6m2,SmPdPb,(0001),3
SmPt2 (111),10.90710691137651,"Pt, Sm",Cubic,m-3m,SmPt2,(111),2
SmPt3 (111),5.864041076005574,"Pt, Sm",Cubic,m-3m,SmPt3,(111),2
SmRe2 (0001),5.453148891561308,"Re, Sm",Hexagonal,6/mmm,SmRe2,(0001),2
SmRh (111),4.923125095984058,"Rh, Sm",Cubic,m-3m,SmRh,(111),2
SmRh2 (111),10.696944350038578,"Rh, Sm",Cubic,m-3m,SmRh2,(111),2
SmRh3 (0001),5.265957590133153,"Rh, Sm",Hexagonal,6/mmm,SmRh3,(0001),2
SmRh3C (111),5.918052338542066,"C, Rh, Sm",Cubic,m-3m,SmRh3C,(111),3
SmRu2 (0001),5.265020439192697,"Ru, Sm",Hexagonal,6/mmm,SmRu2,(0001),2
SmS (111),8.007279601456563,"S, Sm",Cubic,m-3m,SmS,(111),2
SmSI (0001),4.579415832748205,"I, S, Sm",Trigonal,-3m,SmSI,(0001),3
SmSb (111),8.94358282035985,"Sb, Sm",Cubic,m-3m,SmSb,(111),2
SmSbPd (0001),4.615874640872851,"Pd, Sb, Sm",Hexagonal,6mm,SmSbPd,(0001),3
SmSe (111),8.324502304802788,"Se, Sm",Cubic,m-3m,SmSe,(111),2
SmSi2Rh3 (0001),5.533836233399002,"Rh, Si, Sm",Hexagonal,6/mmm,SmSi2Rh3,(0001),3
SmSiAg (0001),7.141271452065432,"Ag, Si, Sm",Hexagonal,-6m2,SmSiAg,(0001),3
SmSn3 (111),6.694119185304813,"Sm, Sn",Cubic,m-3m,SmSn3,(111),2
SmSn3Ru (111),13.739405855651912,"Ru, Sm, Sn",Cubic,m-3m,SmSn3Ru,(111),3
SmSnAu (111),9.598965243183569,"Au, Sm, Sn",Cubic,-43m,SmSnAu,(111),3
SmSnAu2 (111),9.99978287315359,"Au, Sm, Sn",Cubic,m-3m,SmSnAu2,(111),3
SmSnIr (0001),7.400120856549157,"Ir, Sm, Sn",Hexagonal,-6m2,SmSnIr,(0001),3
SmSnPt (0001),7.55417788703917,"Pt, Sm, Sn",Hexagonal,-6m2,SmSnPt,(0001),3
SmSnRh (0001),7.501082219164989,"Rh, Sm, Sn",Hexagonal,-6m2,SmSnRh,(0001),3
SmTe (111),8.885006380679112,"Sm, Te",Cubic,m-3m,SmTe,(111),2
SmTl3 (111),6.735053299882854,"Sm, Tl",Cubic,m-3m,SmTl3,(111),2
SmTlAu2 (111),10.079877730365764,"Au, Sm, Tl",Cubic,m-3m,SmTlAu2,(111),3
SmTlPd (0001),7.8754621707992385,"Pd, Sm, Tl",Hexagonal,-6m2,SmTlPd,(0001),3
SmTlS2 (0001),4.113385705120901,"S, Sm, Tl",Trigonal,-3m,SmTlS2,(0001),3
SmTlSe2 (0001),4.257916015930584,"Se, Sm, Tl",Trigonal,-3m,SmTlSe2,(0001),3
SmTlTe2 (0001),4.528859885625826,"Sm, Te, Tl",Trigonal,-3m,SmTlTe2,(0001),3
SmTmHg2 (111),10.497450763439542,"Hg, Sm, Tm",Cubic,m-3m,SmTmHg2,(111),3
SmTmMg2 (111),10.747686123512153,"Mg, Sm, Tm",Cubic,m-3m,SmTmMg2,(111),3
SmTmS2 (0001),3.883773807119833,"S, Sm, Tm",Trigonal,-3m,SmTmS2,(0001),3
SmTmTl2 (111),10.707940386737413,"Sm, Tl, Tm",Cubic,m-3m,SmTmTl2,(111),3
SmYCo17 (0001),8.288936135619078,"Co, Sm, Y",Trigonal,3m,SmYCo17,(0001),3
SmYHg2 (111),10.58393563620145,"Hg, Sm, Y",Cubic,m-3m,SmYHg2,(111),3
SmYMg2 (111),10.845571084937433,"Mg, Sm, Y",Cubic,m-3m,SmYMg2,(111),3
SmYSe2 (0001),4.092346292759958,"Se, Sm, Y",Trigonal,-3m,SmYSe2,(0001),3
SmYTl2 (111),10.789703964085177,"Sm, Tl, Y",Cubic,m-3m,SmYTl2,(111),3
SmZn (111),5.124836766406253,"Sm, Zn",Cubic,m-3m,SmZn,(111),2
SmZnAu2 (111),9.723719306527292,"Au, Sm, Zn",Cubic,m-3m,SmZnAu2,(111),3
SmZnGa (0001),4.411082222552187,"Ga, Sm, Zn",Hexagonal,6/mmm,SmZnGa,(0001),3
SmZnGe (0001),4.229710630116598,"Ge, Sm, Zn",Hexagonal,6/mmm,SmZnGe,(0001),3
SmZnIn (0001),4.65816485706611,"In, Sm, Zn",Hexagonal,6/mmm,SmZnIn,(0001),3
SmZnNi (0001),7.064285005036355,"Ni, Sm, Zn",Hexagonal,-6m2,SmZnNi,(0001),3
SmZnPd (0001),7.333178019456959,"Pd, Sm, Zn",Hexagonal,-6m2,SmZnPd,(0001),3
SmZnSi (0001),4.124090210568307,"Si, Sm, Zn",Hexagonal,-6m2,SmZnSi,(0001),3
SmZnSn (0001),4.49700530417056,"Sm, Sn, Zn",Hexagonal,6/mmm,SmZnSn,(0001),3
Sn (111),9.291346326666238,Sn,Cubic,m-3m,Sn,(111),1
Sn(BiTe2)2 (0001),4.439067341241391,"Bi, Sn, Te",Trigonal,-3m,Sn(BiTe2)2,(0001),3
Sn(PS3)2 (0001),6.058608741845555,"P, S, Sn",Trigonal,3,Sn(PS3)2,(0001),3
Sn(SbTe2)2 (0001),4.361110813679415,"Sb, Sn, Te",Trigonal,-3m,Sn(SbTe2)2,(0001),3
Sn(SeO3)2 (111),11.644890176534277,"O, Se, Sn",Cubic,m-3,Sn(SeO3)2,(111),3
Sn2(SO4)3 (0001),8.41050552013904,"O, S, Sn",Trigonal,-3,Sn2(SO4)3,(0001),3
Sn2Bi2O7 (0001),7.650480839053254,"Bi, O, Sn",Trigonal,3,Sn2Bi2O7,(0001),3
Sn2Ir (111),9.004368083083957,"Ir, Sn",Cubic,m-3m,Sn2Ir,(111),2
Sn2PdAu (0001),4.163017751275386,"Au, Pd, Sn",Trigonal,-3m,Sn2PdAu,(0001),3
Sn2Pt (111),9.172861273057773,"Pt, Sn",Cubic,m-3m,Sn2Pt,(111),2
Sn2Rh3S2 (0001),5.694649476697526,"Rh, S, Sn",Trigonal,-3m,Sn2Rh3S2,(0001),3
Sn2W3Cl14 (0001),9.636008385063004,"Cl, Sn, W",Hexagonal,6,Sn2W3Cl14,(0001),3
Sn3As4 (111),8.229590496787297,"As, Sn",Cubic,-43m,Sn3As4,(111),2
Sn3Ir2Se3 (0001),12.760164247507406,"Ir, Se, Sn",Trigonal,-3,Sn3Ir2Se3,(0001),3
Sn3Pt2 (0001),4.373764343978552,"Pt, Sn",Hexagonal,6/mmm,Sn3Pt2,(0001),2
Sn3Te3Ir2 (0001),13.392587294609505,"Ir, Sn, Te",Trigonal,-3,Sn3Te3Ir2,(0001),3
Sn4As3 (0001),4.113248932603769,"As, Sn",Trigonal,-3m,Sn4As3,(0001),2
Sn4B3Ir7 (0001),9.315337554005215,"B, Ir, Sn",Hexagonal,6/m,Sn4B3Ir7,(0001),3
Sn4BRh6 (0001),5.619489404665146,"B, Rh, Sn",Hexagonal,6/mmm,Sn4BRh6,(0001),3
Sn5(BIr3)2 (0001),6.654143625529416,"B, Ir, Sn",Hexagonal,-6m2,Sn5(BIr3)2,(0001),3
Sn5(BRh3)2 (0001),6.6124504539535565,"B, Rh, Sn",Hexagonal,-6m2,Sn5(BRh3)2,(0001),3
Sn7Ru3 (111),13.301787290799865,"Ru, Sn",Cubic,m-3m,Sn7Ru3,(111),2
SnAu (0001),4.361026576892915,"Au, Sn",Hexagonal,6/mmm,SnAu,(0001),2
SnBi4Te7 (0001),4.426829630573521,"Bi, Sn, Te",Trigonal,-3m,SnBi4Te7,(0001),3
SnF3 (111),12.300761527160912,"F, Sn",Cubic,m-3m,SnF3,(111),2
SnHgF6 (0001),5.229812997108274,"F, Hg, Sn",Trigonal,-3,SnHgF6,(0001),3
SnIr (0001),3.9940873175879195,"Ir, Sn",Hexagonal,6/mmm,SnIr,(0001),2
SnP3 (0001),7.3785143888192835,"P, Sn",Trigonal,-3m,SnP3,(0001),2
SnPd3 (111),5.666802421659809,"Pd, Sn",Cubic,m-3m,SnPd3,(111),2
SnPt (0001),4.144070726981493,"Pt, Sn",Hexagonal,6/mmm,SnPt,(0001),2
SnPt3 (111),5.698260668973846,"Pt, Sn",Cubic,m-3m,SnPt3,(111),2
SnPtS (111),8.719043932310251,"Pt, S, Sn",Cubic,23,SnPtS,(111),3
SnPtSe (111),8.94033646430581,"Pt, Se, Sn",Cubic,23,SnPtSe,(111),3
SnRh (111),7.298370892922475,"Rh, Sn",Cubic,23,SnRh,(111),2
SnS2 (0001),3.6743056005699763,"S, Sn",Trigonal,-3m,SnS2,(0001),2
SnSe2 (0001),3.8418991364044346,"Se, Sn",Trigonal,-3m,SnSe2,(0001),2
SnTe (111),9.010840091052824,"Sn, Te",Cubic,m-3m,SnTe,(111),2
SnTe3O8 (111),15.87030445104739,"O, Sn, Te",Cubic,m-3,SnTe3O8,(111),3
SnTePt (111),9.256879956682456,"Pt, Sn, Te",Cubic,23,SnTePt,(111),3
Sr (0001),4.301198503859348,Sr,Hexagonal,6/mmm,Sr,(0001),1
Sr(Ag2Sb)2 (0001),4.751188407799766,"Ag, Sb, Sr",Trigonal,-3m,Sr(Ag2Sb)2,(0001),3
Sr(AlGe)2 (0001),4.227963518963876,"Al, Ge, Sr",Trigonal,-3m,Sr(AlGe)2,(0001),3
Sr(AlSi)2 (0001),4.1903851104032075,"Al, Si, Sr",Trigonal,-3m,Sr(AlSi)2,(0001),3
Sr(AsO3)2 (0001),4.874298757046549,"As, O, Sr",Hexagonal,6/mmm,Sr(AsO3)2,(0001),3
Sr(AuF6)2 (111),14.427915063804923,"Au, F, Sr",Cubic,m-3m,Sr(AuF6)2,(111),3
Sr(B2Pt3)2 (0001),6.166759672458215,"B, Pt, Sr",Trigonal,-3m,Sr(B2Pt3)2,(0001),3
Sr(BH)12 (0001),7.037522312506441,"B, H, Sr",Trigonal,3m,Sr(BH)12,(0001),3
Sr(CdAs)2 (0001),4.482969423644598,"As, Cd, Sr",Trigonal,-3m,Sr(CdAs)2,(0001),3
Sr(CdP)2 (0001),4.359522220957518,"Cd, P, Sr",Trigonal,-3m,Sr(CdP)2,(0001),3
Sr(CdSb)2 (0001),4.752833543735961,"Cd, Sb, Sr",Trigonal,-3m,Sr(CdSb)2,(0001),3
Sr(FeSb3)4 (111),12.98031033564428,"Fe, Sb, Sr",Cubic,m-3,Sr(FeSb3)4,(111),3
Sr(GaH)2 (0001),4.377357084250704,"Ga, H, Sr",Trigonal,-3m,Sr(GaH)2,(0001),3
Sr(InAs)2 (0001),4.259378576604774,"As, In, Sr",Hexagonal,6/mmm,Sr(InAs)2,(0001),3
Sr(InP)2 (0001),4.123802795060386,"In, P, Sr",Hexagonal,6/mmm,Sr(InP)2,(0001),3
Sr(Li2P)2 (0001),4.273837813019665,"Li, P, Sr",Trigonal,-3m,Sr(Li2P)2,(0001),3
Sr(MgAs)2 (0001),4.416644417874583,"As, Mg, Sr",Trigonal,-3m,Sr(MgAs)2,(0001),3
Sr(MgBi)2 (0001),4.829713290028982,"Bi, Mg, Sr",Trigonal,-3m,Sr(MgBi)2,(0001),3
Sr(MgSb)2 (0001),4.728552197557243,"Mg, Sb, Sr",Trigonal,-3m,Sr(MgSb)2,(0001),3
Sr(NO3)2 (111),10.967861172234995,"N, O, Sr",Cubic,m-3,Sr(NO3)2,(111),3
Sr(Ni2B)6 (0001),9.514755084718864,"B, Ni, Sr",Trigonal,-3m,Sr(Ni2B)6,(0001),3
Sr(PIr)2 (0001),6.739753698263679,"Ir, P, Sr",Trigonal,32,Sr(PIr)2,(0001),3
Sr(PPt3)2 (111),12.04827771893362,"P, Pt, Sr",Cubic,m-3,Sr(PPt3)2,(111),3
Sr(RuO3)2 (0001),5.22394535111239,"O, Ru, Sr",Trigonal,-3m,Sr(RuO3)2,(0001),3
Sr(SbO3)2 (0001),5.291663207155271,"O, Sb, Sr",Trigonal,-3m,Sr(SbO3)2,(0001),3
Sr(SnAs)2 (0001),4.244835275463974,"As, Sn, Sr",Trigonal,-3m,Sr(SnAs)2,(0001),3
Sr(ZnAs)2 (0001),4.215877496476785,"As, Sr, Zn",Trigonal,-3m,Sr(ZnAs)2,(0001),3
Sr(ZnP)2 (0001),4.081281343079267,"P, Sr, Zn",Trigonal,-3m,Sr(ZnP)2,(0001),3
Sr(ZnSb)2 (0001),4.512856044135243,"Sb, Sr, Zn",Trigonal,-3m,Sr(ZnSb)2,(0001),3
Sr10P6O25 (0001),9.730913001190638,"O, P, Sr",Trigonal,3,Sr10P6O25,(0001),3
Sr14(SnAs4)3 (0001),13.128392703275503,"As, Sn, Sr",Trigonal,3,Sr14(SnAs4)3,(0001),3
Sr14Al8Ge3 (0001),12.002286127355756,"Al, Ge, Sr",Trigonal,-3,Sr14Al8Ge3,(0001),3
Sr2(GaAu2)3 (0001),8.563104027022268,"Au, Ga, Sr",Trigonal,-3m,Sr2(GaAu2)3,(0001),3
Sr2(ZnAu2)3 (0001),8.566503769694668,"Au, Sr, Zn",Trigonal,-3m,Sr2(ZnAu2)3,(0001),3
Sr2BrN (0001),3.9388129102815537,"Br, N, Sr",Trigonal,-3m,Sr2BrN,(0001),3
Sr2CdIn (111),11.458925972119006,"Cd, In, Sr",Cubic,m-3m,Sr2CdIn,(111),3
Sr2CdPb (111),11.515328910205778,"Cd, Pb, Sr",Cubic,m-3m,Sr2CdPb,(111),3
Sr2CdSn (111),11.422023228864003,"Cd, Sn, Sr",Cubic,m-3m,Sr2CdSn,(111),3
Sr2FeH6 (111),10.486824193026244,"Fe, H, Sr",Cubic,m-3m,Sr2FeH6,(111),3
Sr2H6Os (111),10.782750021440547,"H, Os, Sr",Cubic,m-3m,Sr2H6Os,(111),3
Sr2H6Ru (111),10.747649071116818,"H, Ru, Sr",Cubic,m-3m,Sr2H6Ru,(111),3
Sr2HN (0001),3.813497687331907,"H, N, Sr",Trigonal,-3m,Sr2HN,(0001),3
Sr2HgPb (111),11.465869025319206,"Hg, Pb, Sr",Cubic,m-3m,Sr2HgPb,(111),3
Sr2IN (0001),4.022154953772918,"I, N, Sr",Trigonal,-3m,Sr2IN,(0001),3
Sr2In4Au3 (0001),15.067672810526052,"Au, In, Sr",Hexagonal,-6m2,Sr2In4Au3,(0001),3
Sr2In4Pt3 (0001),14.727994756591045,"In, Pt, Sr",Hexagonal,-6m2,Sr2In4Pt3,(0001),3
Sr2InHg (111),11.37590360327467,"Hg, In, Sr",Cubic,m-3m,Sr2InHg,(111),3
Sr2LiTl (111),11.58382139435185,"Li, Sr, Tl",Cubic,m-3m,Sr2LiTl,(111),3
Sr2Mg17 (0001),10.466107621095732,"Mg, Sr",Hexagonal,6/mmm,Sr2Mg17,(0001),2
Sr2MgTl (111),11.593582522633517,"Mg, Sr, Tl",Cubic,m-3m,Sr2MgTl,(111),3
Sr2N (0001),3.8408550119047375,"N, Sr",Trigonal,-3m,Sr2N,(0001),2
Sr2NCl (0001),3.8930932745441136,"Cl, N, Sr",Trigonal,-3m,Sr2NCl,(0001),3
Sr2P7Br (111),13.986331079168204,"Br, P, Sr",Cubic,23,Sr2P7Br,(111),3
Sr2P7I (111),14.193770173096654,"I, P, Sr",Cubic,23,Sr2P7I,(111),3
Sr2P7Rh12 (0001),9.724128105956849,"P, Rh, Sr",Trigonal,3,Sr2P7Rh12,(0001),3
Sr2P7Rh12 (0001),9.61660129926026,"P, Rh, Sr",Trigonal,-3,Sr2P7Rh12,(0001),3
Sr2SnHg (111),11.40161666456011,"Hg, Sn, Sr",Cubic,m-3m,Sr2SnHg,(111),3
Sr2TlCd (111),11.444949723746142,"Cd, Sr, Tl",Cubic,m-3m,Sr2TlCd,(111),3
Sr2TlHg (111),11.357316905551386,"Hg, Sr, Tl",Cubic,m-3m,Sr2TlHg,(111),3
Sr2Zr7O16 (0001),6.41820912150805,"O, Sr, Zr",Trigonal,-3,Sr2Zr7O16,(0001),3
Sr3(AsO4)2 (0001),5.596718668687285,"As, O, Sr",Trigonal,-3m,Sr3(AsO4)2,(0001),3
Sr3(BN2)2 (111),10.814623298008732,"B, N, Sr",Cubic,m-3m,Sr3(BN2)2,(111),3
Sr3(BO3)2 (0001),9.072763639648576,"B, O, Sr",Trigonal,-3m,Sr3(BO3)2,(0001),3
Sr3(CoO3)2 (0001),9.60093147137022,"Co, O, Sr",Trigonal,-3m,Sr3(CoO3)2,(0001),3
Sr3(GaIr)4 (111),10.973523942634584,"Ga, Ir, Sr",Cubic,-43m,Sr3(GaIr)4,(111),3
Sr3(PO4)2 (0001),5.38966450587569,"O, P, Sr",Trigonal,-3m,Sr3(PO4)2,(0001),3
Sr3(SnIr)4 (111),11.49228776709472,"Ir, Sn, Sr",Cubic,-43m,Sr3(SnIr)4,(111),3
Sr3AsN (111),7.206364760707437,"As, N, Sr",Cubic,m-3m,Sr3AsN,(111),3
Sr3Au2 (0001),9.639938127383115,"Au, Sr",Trigonal,-3,Sr3Au2,(0001),2
Sr3BiN (111),7.403323047214462,"Bi, N, Sr",Cubic,m-3m,Sr3BiN,(111),3
Sr3CrN3 (0001),7.786569454517772,"Cr, N, Sr",Hexagonal,6/m,Sr3CrN3,(0001),3
Sr3GaN3 (0001),7.580216797661614,"Ga, N, Sr",Hexagonal,6/m,Sr3GaN3,(0001),3
Sr3IrN3 (0001),7.703402810163367,"Ir, N, Sr",Hexagonal,6/m,Sr3IrN3,(0001),3
Sr3MnN3 (0001),7.670702603983978,"Mn, N, Sr",Hexagonal,6/m,Sr3MnN3,(0001),3
Sr3OsN3 (0001),7.796544731712981,"N, Os, Sr",Hexagonal,6/m,Sr3OsN3,(0001),3
Sr3PN (111),7.154793681246414,"N, P, Sr",Cubic,m-3m,Sr3PN,(111),3
Sr3PbO (111),7.315033312677848,"O, Pb, Sr",Cubic,m-3m,Sr3PbO,(111),3
Sr3Pt2 (0001),9.367983144618464,"Pt, Sr",Trigonal,-3,Sr3Pt2,(0001),2
Sr3ReN3 (0001),7.830083715178938,"N, Re, Sr",Hexagonal,6/m,Sr3ReN3,(0001),3
Sr3Rh4Pb13 (111),14.431150958952442,"Pb, Rh, Sr",Cubic,m-3m,Sr3Rh4Pb13,(111),3
Sr3RhN3 (0001),7.689525297738107,"N, Rh, Sr",Hexagonal,6/m,Sr3RhN3,(0001),3
Sr3RuN3 (0001),7.779946167695961,"N, Ru, Sr",Hexagonal,6/m,Sr3RuN3,(0001),3
Sr3SbN (111),7.3467901570434435,"N, Sb, Sr",Cubic,m-3m,Sr3SbN,(111),3
Sr3Sn13Ir4 (111),13.972594558917702,"Ir, Sn, Sr",Cubic,m-3m,Sr3Sn13Ir4,(111),3
Sr3Sn13Rh4 (111),13.95872841643186,"Rh, Sn, Sr",Cubic,m-3m,Sr3Sn13Rh4,(111),3
Sr3SnO (111),7.285812181513856,"O, Sn, Sr",Cubic,m-3m,Sr3SnO,(111),3
Sr3V2O8 (0001),5.61952848182831,"O, Sr, V",Trigonal,-3m,Sr3V2O8,(0001),3
Sr4(NiO3)3 (0001),9.543188657234646,"Ni, O, Sr",Trigonal,32,Sr4(NiO3)3,(0001),3
Sr4In13Au9 (0001),12.732465402296251,"Au, In, Sr",Hexagonal,-6m2,Sr4In13Au9,(0001),3
Sr4IrO6 (0001),9.768005375665364,"Ir, O, Sr",Trigonal,-3m,Sr4IrO6,(0001),3
Sr4Nb2O9 (0001),5.949109662329734,"Nb, O, Sr",Trigonal,-3,Sr4Nb2O9,(0001),3
Sr4Nb2O9 (0001),5.9087223317634265,"Nb, O, Sr",Hexagonal,6/m,Sr4Nb2O9,(0001),3
Sr4PdO6 (0001),9.735659377057793,"O, Pd, Sr",Trigonal,-3m,Sr4PdO6,(0001),3
Sr4PtO6 (0001),9.763488745320272,"O, Pt, Sr",Trigonal,-3m,Sr4PtO6,(0001),3
Sr4RhO6 (0001),9.728574922844729,"O, Rh, Sr",Trigonal,-3m,Sr4RhO6,(0001),3
Sr4Ru2O9 (0001),9.679445841064258,"O, Ru, Sr",Trigonal,32,Sr4Ru2O9,(0001),3
Sr4Ta2O9 (0001),5.893319288623708,"O, Sr, Ta",Hexagonal,6/m,Sr4Ta2O9,(0001),3
Sr5(IO6)2 (0001),10.170133498814405,"I, O, Sr",Trigonal,-3m,Sr5(IO6)2,(0001),3
Sr5(ReO6)2 (0001),10.088766398579601,"O, Re, Sr",Trigonal,-3m,Sr5(ReO6)2,(0001),3
Sr5Al9 (0001),5.853838096448638,"Al, Sr",Trigonal,-3m,Sr5Al9,(0001),2
Sr5As3 (0001),9.00956516216323,"As, Sr",Hexagonal,6/mmm,Sr5As3,(0001),2
Sr5As3H (0001),8.969907225246839,"As, H, Sr",Hexagonal,6/mmm,Sr5As3H,(0001),3
Sr5As3O13 (0001),10.078362046640818,"As, O, Sr",Hexagonal,6/m,Sr5As3O13,(0001),3
Sr5Mg19Ge12 (0001),14.697220099585364,"Ge, Mg, Sr",Hexagonal,-6m2,Sr5Mg19Ge12,(0001),3
Sr5Nb4O15 (0001),5.707980383050893,"Nb, O, Sr",Trigonal,-3m,Sr5Nb4O15,(0001),3
Sr5P3O13 (0001),9.78633402054372,"O, P, Sr",Hexagonal,6/m,Sr5P3O13,(0001),3
Sr5Sb3 (0001),9.572068152977486,"Sb, Sr",Hexagonal,6/mmm,Sr5Sb3,(0001),2
Sr5Ta4O15 (0001),5.670534790385362,"O, Sr, Ta",Trigonal,-3m,Sr5Ta4O15,(0001),3
Sr5V3O13 (0001),10.08508878399449,"O, Sr, V",Hexagonal,6,Sr5V3O13,(0001),3
Sr6(CoO3)5 (0001),9.511306964533203,"Co, O, Sr",Trigonal,32,Sr6(CoO3)5,(0001),3
Sr6Ga5N (0001),7.5716120686472195,"Ga, N, Sr",Trigonal,-3m,Sr6Ga5N,(0001),3
Sr7Au3 (0001),11.117584986577572,"Au, Sr",Hexagonal,6mm,Sr7Au3,(0001),2
Sr7Nb6O21 (0001),5.717762629539427,"Nb, O, Sr",Trigonal,-3,Sr7Nb6O21,(0001),3
Sr8(TiS3)7 (0001),11.659879753115122,"S, Sr, Ti",Trigonal,3,Sr8(TiS3)7,(0001),3
SrAcCd2 (111),11.471608215082298,"Ac, Cd, Sr",Cubic,m-3m,SrAcCd2,(111),3
SrAcHg2 (111),11.31415174179948,"Ac, Hg, Sr",Cubic,m-3m,SrAcHg2,(111),3
SrAcIn2 (111),11.57663144774793,"Ac, In, Sr",Cubic,m-3m,SrAcIn2,(111),3
SrAcTl2 (111),11.592573424688222,"Ac, Sr, Tl",Cubic,m-3m,SrAcTl2,(111),3
SrAcZn2 (111),11.006009738643499,"Ac, Sr, Zn",Cubic,m-3m,SrAcZn2,(111),3
SrAg3Pd2 (0001),5.548575314102725,"Ag, Pd, Sr",Hexagonal,6/mmm,SrAg3Pd2,(0001),3
SrAg5 (0001),5.710445710868307,"Ag, Sr",Hexagonal,6/mmm,SrAg5,(0001),2
SrAgAs (0001),4.537695880843144,"Ag, As, Sr",Hexagonal,6/mmm,SrAgAs,(0001),3
SrAgBi (0001),4.903550161256229,"Ag, Bi, Sr",Hexagonal,6/mmm,SrAgBi,(0001),3
SrAgP (0001),4.405348390269145,"Ag, P, Sr",Hexagonal,6/mmm,SrAgP,(0001),3
SrAl9Co2 (0001),7.842984688299176,"Al, Co, Sr",Hexagonal,6/mmm,SrAl9Co2,(0001),3
SrAlGa (0001),4.368486930829537,"Al, Ga, Sr",Hexagonal,-6m2,SrAlGa,(0001),3
SrAlGe (0001),4.296519481916894,"Al, Ge, Sr",Hexagonal,-6m2,SrAlGe,(0001),3
SrAlSi (0001),4.2497802178112485,"Al, Si, Sr",Hexagonal,-6m2,SrAlSi,(0001),3
SrAs (0001),8.304323567951345,"As, Sr",Hexagonal,-6m2,SrAs,(0001),2
SrAsAu (0001),4.487612624930333,"As, Au, Sr",Hexagonal,6/mmm,SrAsAu,(0001),3
SrAsPd (0001),4.293790346719746,"As, Pd, Sr",Hexagonal,6/mmm,SrAsPd,(0001),3
SrAsPt (0001),4.257514408850042,"As, Pt, Sr",Hexagonal,6/mmm,SrAsPt,(0001),3
SrAu5 (0001),5.6618475986812165,"Au, Sr",Hexagonal,6/mmm,SrAu5,(0001),2
SrB6 (111),5.925846225047794,"B, Sr",Cubic,m-3m,SrB6,(111),2
SrBe13 (111),14.73397232948187,"Be, Sr",Cubic,m-3m,SrBe13,(111),2
SrBe3O4 (0001),4.591698786122447,"Be, O, Sr",Hexagonal,-6m2,SrBe3O4,(0001),3
SrC6 (0001),4.323638352598864,"C, Sr",Hexagonal,6/mmm,SrC6,(0001),2
SrCd (111),5.707242636293326,"Cd, Sr",Cubic,m-3m,SrCd,(111),2
SrCeN2 (0001),3.639646607613101,"Ce, N, Sr",Trigonal,-3m,SrCeN2,(0001),3
SrCl2 (111),9.898780257640993,"Cl, Sr",Cubic,m-3m,SrCl2,(111),2
SrCo6O11 (0001),5.585137893936785,"Co, O, Sr",Hexagonal,6/mmm,SrCo6O11,(0001),3
SrCrF6 (0001),7.106706329140906,"Cr, F, Sr",Trigonal,-3m,SrCrF6,(0001),3
SrCu (0001),4.279193310847502,"Cu, Sr",Hexagonal,6/mmm,SrCu,(0001),2
SrCu5 (0001),5.229162089454109,"Cu, Sr",Hexagonal,6/mmm,SrCu5,(0001),2
SrCuAs (0001),4.252500969624734,"As, Cu, Sr",Hexagonal,6/mmm,SrCuAs,(0001),3
SrCuP (0001),4.100572377594334,"Cu, P, Sr",Hexagonal,6/mmm,SrCuP,(0001),3
SrCuSb (0001),4.510643078628618,"Cu, Sb, Sr",Hexagonal,6/mmm,SrCuSb,(0001),3
SrCuSi (0001),4.088843594818401,"Cu, Si, Sr",Hexagonal,6/mmm,SrCuSi,(0001),3
SrEuTl2 (111),11.371401510967399,"Eu, Sr, Tl",Cubic,m-3m,SrEuTl2,(111),3
SrF2 (111),8.200417192670729,"F, Sr",Cubic,m-3m,SrF2,(111),2
SrFeO3 (111),5.414760394333177,"Fe, O, Sr",Cubic,m-3m,SrFeO3,(111),3
SrGa2 (0001),4.307858709377088,"Ga, Sr",Hexagonal,6/mmm,SrGa2,(0001),2
SrGaCu2 (0001),4.227953495313918,"Cu, Ga, Sr",Trigonal,-3m,SrGaCu2,(0001),3
SrGaGe (0001),4.253697782386441,"Ga, Ge, Sr",Hexagonal,6/mmm,SrGaGe,(0001),3
SrGaSi (0001),4.17957723293081,"Ga, Si, Sr",Hexagonal,-6m2,SrGaSi,(0001),3
SrGaSn (0001),4.565511639931195,"Ga, Sn, Sr",Hexagonal,6/mmm,SrGaSn,(0001),3
SrGe2 (0001),4.131909194753283,"Ge, Sr",Trigonal,-3m,SrGe2,(0001),2
SrGePt (111),9.378076107363116,"Ge, Pt, Sr",Cubic,23,SrGePt,(111),3
SrH3Pd (111),5.413882516550289,"H, Pd, Sr",Cubic,m-3m,SrH3Pd,(111),3
SrHg (111),5.604524006048939,"Hg, Sr",Cubic,m-3m,SrHg,(111),2
SrHg2Pb (111),10.854138503835374,"Hg, Pb, Sr",Cubic,m-3m,SrHg2Pb,(111),3
SrHg3 (0001),6.953660085934608,"Hg, Sr",Hexagonal,6/mmm,SrHg3,(0001),2
SrHgO2 (0001),3.8480521808727124,"Hg, O, Sr",Trigonal,-3m,SrHgO2,(0001),3
SrHgPb (0001),5.055720874149695,"Hg, Pb, Sr",Hexagonal,6mm,SrHgPb,(0001),3
SrIn2 (0001),5.044449887464565,"In, Sr",Hexagonal,6/mmm,SrIn2,(0001),2
SrInHg2 (111),10.644863237443946,"Hg, In, Sr",Cubic,m-3m,SrInHg2,(111),3
SrIr2 (111),10.90504608770918,"Ir, Sr",Cubic,m-3m,SrIr2,(111),2
SrLaHg2 (111),11.091677195966355,"Hg, La, Sr",Cubic,m-3m,SrLaHg2,(111),3
SrLi2Pb (111),10.222304455729798,"Li, Pb, Sr",Cubic,m-3m,SrLi2Pb,(111),3
SrLi2Sn (111),10.12373215822893,"Li, Sn, Sr",Cubic,m-3m,SrLi2Sn,(111),3
SrLiP (0001),4.371296412853743,"Li, P, Sr",Hexagonal,6/mmm,SrLiP,(0001),3
SrMg2 (0001),6.506770310202521,"Mg, Sr",Hexagonal,6/mmm,SrMg2,(0001),2
SrMg2N2 (0001),3.643606278262022,"Mg, N, Sr",Trigonal,-3m,SrMg2N2,(0001),3
SrMgTl2 (111),10.871414225586339,"Mg, Sr, Tl",Cubic,m-3m,SrMgTl2,(111),3
SrNi2Ge (0001),4.087772780765009,"Ge, Ni, Sr",Hexagonal,6/mmm,SrNi2Ge,(0001),3
SrNi3Ge2 (0001),4.018952912151999,"Ge, Ni, Sr",Hexagonal,6/mmm,SrNi3Ge2,(0001),3
SrNi9P5 (0001),6.453817779024408,"Ni, P, Sr",Hexagonal,6/mmm,SrNi9P5,(0001),3
SrNiF6 (0001),7.104261856923836,"F, Ni, Sr",Trigonal,-3m,SrNiF6,(0001),3
SrO (111),7.308046698272298,"O, Sr",Cubic,m-3m,SrO,(111),2
SrP (0001),8.085539876375353,"P, Sr",Hexagonal,-6m2,SrP,(0001),2
SrPAu (0001),4.344321735099167,"Au, P, Sr",Hexagonal,6/mmm,SrPAu,(0001),3
SrPIr (111),8.978162971859756,"Ir, P, Sr",Cubic,23,SrPIr,(111),3
SrPPt (0001),4.105179843748311,"P, Pt, Sr",Hexagonal,-6m2,SrPPt,(0001),3
SrPb3 (111),7.07788752207281,"Pb, Sr",Cubic,m-3m,SrPb3,(111),2
SrPd2 (111),11.131628113728885,"Pd, Sr",Cubic,m-3m,SrPd2,(111),2
SrPd3O4 (111),8.27267484294816,"O, Pd, Sr",Cubic,m-3m,SrPd3O4,(111),3
SrPd5 (0001),5.427307114435475,"Pd, Sr",Hexagonal,6/mmm,SrPd5,(0001),2
SrPmPt2 (111),10.180871760160342,"Pm, Pt, Sr",Cubic,m-3m,SrPmPt2,(111),3
SrPt2 (111),11.074067678049923,"Pt, Sr",Cubic,m-3m,SrPt2,(111),2
SrPt3O4 (111),8.319410749812079,"O, Pt, Sr",Cubic,m-3m,SrPt3O4,(111),3
SrPt5 (0001),5.453203710983601,"Pt, Sr",Hexagonal,6/mmm,SrPt5,(0001),2
SrPuO4 (0001),3.9382590978888774,"O, Pu, Sr",Trigonal,-3m,SrPuO4,(0001),3
SrRh2 (111),10.895087920164077,"Rh, Sr",Cubic,m-3m,SrRh2,(111),2
SrRhF6 (0001),7.20796824700092,"F, Rh, Sr",Trigonal,-3m,SrRhF6,(0001),3
SrS (111),8.553210969316412,"S, Sr",Cubic,m-3m,SrS,(111),2
SrSbPt (0001),4.5071737147191175,"Pt, Sb, Sr",Hexagonal,-6m2,SrSbPt,(0001),3
SrSe (111),8.88044340045062,"Se, Sr",Cubic,m-3m,SrSe,(111),2
SrSi2 (111),9.253786124098461,"Si, Sr",Cubic,432,SrSi2,(111),2
SrSiPd (111),9.236476249089964,"Pd, Si, Sr",Cubic,23,SrSiPd,(111),3
SrSiPt (111),9.210496085289,"Pt, Si, Sr",Cubic,23,SrSiPt,(111),3
SrSnHg (0001),4.943759026644145,"Hg, Sn, Sr",Hexagonal,6mm,SrSnHg,(0001),3
SrTa4O11 (0001),6.270848526402292,"O, Sr, Ta",Hexagonal,622,SrTa4O11,(0001),3
SrTe (111),9.491735618171885,"Sr, Te",Cubic,m-3m,SrTe,(111),2
SrTl (111),5.745741800386081,"Sr, Tl",Cubic,m-3m,SrTl,(111),2
SrTl2 (0001),5.119625373847593,"Sr, Tl",Hexagonal,6/mmm,SrTl2,(0001),2
SrTlHg2 (111),10.802808151806937,"Hg, Sr, Tl",Cubic,m-3m,SrTlHg2,(111),3
SrUO4 (0001),3.916659890683856,"O, Sr, U",Trigonal,-3m,SrUO4,(0001),3
SrZnGe (0001),4.289207258922261,"Ge, Sr, Zn",Hexagonal,-6m2,SrZnGe,(0001),3
SrZnSi (0001),4.280054122185211,"Si, Sr, Zn",Hexagonal,6/mmm,SrZnSi,(0001),3
SrZnSn (0001),4.60772754,"Sn, Sr, Zn",Hexagonal,6/mmm,SrZnSn,(0001),3
Ta2(Co7B2)3 (111),14.84556544965533,"B, Co, Ta",Cubic,m-3m,Ta2(Co7B2)3,(111),3
Ta2(Ni7B2)3 (111),14.74104469346457,"B, Ni, Ta",Cubic,m-3m,Ta2(Ni7B2)3,(111),3
Ta2Be17 (0001),7.354865935994288,"Be, Ta",Trigonal,-3m,Ta2Be17,(0001),2
Ta2C (0001),3.1148899159000267,"C, Ta",Trigonal,-3m,Ta2C,(0001),2
Ta2CS2 (0001),3.28676451849355,"C, S, Ta",Trigonal,-3m,Ta2CS2,(0001),3
Ta2Cd2O7 (111),14.721198943294814,"Cd, O, Ta",Cubic,m-3m,Ta2Cd2O7,(111),3
Ta2Co3Si (0001),4.8055733398926455,"Co, Si, Ta",Hexagonal,6/mmm,Ta2Co3Si,(0001),3
Ta2CrOs (111),8.864263088358637,"Cr, Os, Ta",Cubic,m-3m,Ta2CrOs,(111),3
Ta2CrRu (111),8.831498673398391,"Cr, Ru, Ta",Cubic,m-3m,Ta2CrRu,(111),3
Ta2FeMo (111),8.856113576703073,"Fe, Mo, Ta",Cubic,m-3m,Ta2FeMo,(111),3
Ta2GaC (0001),3.1113494521001708,"C, Ga, Ta",Hexagonal,6/mmm,Ta2GaC,(0001),3
Ta2Mn4O9 (0001),5.294096911844402,"Mn, O, Ta",Trigonal,-3m,Ta2Mn4O9,(0001),3
Ta2MnRe (111),8.852935973115082,"Mn, Re, Ta",Cubic,m-3m,Ta2MnRe,(111),3
Ta2MnV3 (0001),5.022377303736729,"Mn, Ta, V",Trigonal,-3m,Ta2MnV3,(0001),3
Ta2Mo2O11 (0001),5.648506916009504,"Mo, O, Ta",Trigonal,-3m,Ta2Mo2O11,(0001),3
Ta2MoIr (111),9.041114991532522,"Ir, Mo, Ta",Cubic,m-3m,Ta2MoIr,(111),3
Ta2MoOs (111),9.032814236743901,"Mo, Os, Ta",Cubic,m-3m,Ta2MoOs,(111),3
Ta2MoRu (111),9.012080508274492,"Mo, Ru, Ta",Cubic,m-3m,Ta2MoRu,(111),3
Ta2MoW (111),9.121862371587607,"Mo, Ta, W",Cubic,m-3m,Ta2MoW,(111),3
Ta2N (0001),5.296572051428474,"N, Ta",Trigonal,-3m,Ta2N,(0001),2
Ta2NbIr (111),9.122388543885625,"Ir, Nb, Ta",Cubic,m-3m,Ta2NbIr,(111),3
Ta2NbOs (111),9.120885234868823,"Nb, Os, Ta",Cubic,m-3m,Ta2NbOs,(111),3
Ta2NbRe (111),9.161621260553181,"Nb, Re, Ta",Cubic,m-3m,Ta2NbRe,(111),3
Ta2NbRh (111),9.118465854336451,"Nb, Rh, Ta",Cubic,m-3m,Ta2NbRh,(111),3
Ta2NbRu (111),9.10593996736302,"Nb, Ru, Ta",Cubic,m-3m,Ta2NbRu,(111),3
Ta2OsW (111),9.050787080928302,"Os, Ta, W",Cubic,m-3m,Ta2OsW,(111),3
Ta2ReMo (111),9.067389495602225,"Mo, Re, Ta",Cubic,m-3m,Ta2ReMo,(111),3
Ta2ReOs (111),8.998699870085556,"Os, Re, Ta",Cubic,m-3m,Ta2ReOs,(111),3
Ta2ReRu (111),8.980948196964333,"Re, Ru, Ta",Cubic,m-3m,Ta2ReRu,(111),3
Ta2ReTc (111),9.004284033757942,"Re, Ta, Tc",Cubic,m-3m,Ta2ReTc,(111),3
Ta2ReW (111),9.081584437960371,"Re, Ta, W",Cubic,m-3m,Ta2ReW,(111),3
Ta2RuW (111),9.035400380801141,"Ru, Ta, W",Cubic,m-3m,Ta2RuW,(111),3
Ta2TcMo (111),9.04236702308356,"Mo, Ta, Tc",Cubic,m-3m,Ta2TcMo,(111),3
Ta2TcOs (111),8.972646944996805,"Os, Ta, Tc",Cubic,m-3m,Ta2TcOs,(111),3
Ta2V3Ge (0001),4.9688943750563155,"Ge, Ta, V",Hexagonal,6/mmm,Ta2V3Ge,(0001),3
Ta2VOs (111),8.928333156989542,"Os, Ta, V",Cubic,m-3m,Ta2VOs,(111),3
Ta2VRu (111),8.911517427056546,"Ru, Ta, V",Cubic,m-3m,Ta2VRu,(111),3
Ta3(BiS3)2 (0001),5.750189302449142,"Bi, S, Ta",Hexagonal,6/mmm,Ta3(BiS3)2,(0001),3
Ta3(InS3)2 (0001),5.806663300378625,"In, S, Ta",Trigonal,32,Ta3(InS3)2,(0001),3
Ta3(Ni10B3)2 (111),14.838528181547606,"B, Ni, Ta",Cubic,m-3m,Ta3(Ni10B3)2,(111),3
Ta3AlC2 (0001),3.088698855048868,"Al, C, Ta",Hexagonal,6/mmm,Ta3AlC2,(0001),3
Ta3Au (111),7.375104815026693,"Au, Ta",Cubic,m-3m,Ta3Au,(111),2
Ta3CoS6 (0001),5.784063777761516,"Co, S, Ta",Hexagonal,622,Ta3CoS6,(0001),3
Ta3CrS6 (0001),5.754667618258932,"Cr, S, Ta",Hexagonal,622,Ta3CrS6,(0001),3
Ta3FeS6 (0001),5.744369690160616,"Fe, S, Ta",Hexagonal,622,Ta3FeS6,(0001),3
Ta3Ir (111),9.124425661953682,"Ir, Ta",Cubic,m-3m,Ta3Ir,(111),2
Ta3Mn8Al (0001),4.863839820134872,"Al, Mn, Ta",Trigonal,3m,Ta3Mn8Al,(0001),3
Ta3Os (111),9.11550706554393,"Os, Ta",Cubic,m-3m,Ta3Os,(111),2
Ta3PbS6 (0001),5.812549659816571,"Pb, S, Ta",Hexagonal,6/mmm,Ta3PbS6,(0001),3
Ta3RhS6 (0001),5.760510755693128,"Rh, S, Ta",Hexagonal,622,Ta3RhS6,(0001),3
Ta3Ru (111),9.102689142932073,"Ru, Ta",Cubic,m-3m,Ta3Ru,(111),2
Ta3Sb (111),7.460115063736511,"Sb, Ta",Cubic,m-3m,Ta3Sb,(111),2
Ta3Sn (111),7.493887982672357,"Sn, Ta",Cubic,m-3m,Ta3Sn,(111),2
Ta3SnS6 (0001),5.7959480089726565,"S, Sn, Ta",Hexagonal,6/mmm,Ta3SnS6,(0001),3
Ta3VS6 (0001),5.769166658858417,"S, Ta, V",Hexagonal,622,Ta3VS6,(0001),3
Ta3VSe6 (0001),6.021290422730567,"Se, Ta, V",Hexagonal,622,Ta3VSe6,(0001),3
Ta3W (111),9.24096130012381,"Ta, W",Cubic,m-3m,Ta3W,(111),2
Ta4CrSe8 (0001),6.9380834635381134,"Cr, Se, Ta",Hexagonal,6/mmm,Ta4CrSe8,(0001),3
Ta4FeS8 (0001),6.665993658958629,"Fe, S, Ta",Hexagonal,6/mmm,Ta4FeS8,(0001),3
Ta4MnS8 (0001),6.681755069804688,"Mn, S, Ta",Hexagonal,6/mmm,Ta4MnS8,(0001),3
Ta5Ga3B (0001),7.7378548068425115,"B, Ga, Ta",Hexagonal,6/mmm,Ta5Ga3B,(0001),3
Ta6Be15Cu8 (111),15.231673814969183,"Be, Cu, Ta",Cubic,m-3m,Ta6Be15Cu8,(111),3
Ta6Be15Ni8 (111),15.037813957122088,"Be, Ni, Ta",Cubic,m-3m,Ta6Be15Ni8,(111),3
Ta6Co16Ge7 (111),15.951634510433665,"Co, Ge, Ta",Cubic,m-3m,Ta6Co16Ge7,(111),3
Ta6Co16Si7 (111),15.65481986307013,"Co, Si, Ta",Cubic,m-3m,Ta6Co16Si7,(111),3
Ta6Fe16Si7 (111),15.70686043772635,"Fe, Si, Ta",Cubic,m-3m,Ta6Fe16Si7,(111),3
Ta6Fe7 (0001),4.862341199537673,"Fe, Ta",Trigonal,-3m,Ta6Fe7,(0001),2
Ta6Si7Ni16 (111),15.763154753792458,"Ni, Si, Ta",Cubic,m-3m,Ta6Si7Ni16,(111),3
Ta6Zn7 (0001),5.0225995284081275,"Ta, Zn",Trigonal,-3m,Ta6Zn7,(0001),2
Ta7(B4Ru3)2 (0001),9.539337248974599,"B, Ru, Ta",Hexagonal,6/m,Ta7(B4Ru3)2,(0001),3
Ta7Fe6 (0001),4.9386588080438365,"Fe, Ta",Trigonal,-3m,Ta7Fe6,(0001),2
Ta9(CoS3)2 (0001),10.314256752657837,"Co, S, Ta",Hexagonal,-6m2,Ta9(CoS3)2,(0001),3
Ta9(FeS3)2 (0001),10.383145653740067,"Fe, S, Ta",Hexagonal,-6m2,Ta9(FeS3)2,(0001),3
Ta9(NiS3)2 (0001),10.149808402953107,"Ni, S, Ta",Hexagonal,-6m2,Ta9(NiS3)2,(0001),3
TaAlCo2 (111),8.37374135788968,"Al, Co, Ta",Cubic,m-3m,TaAlCo2,(111),3
TaAlFe2 (111),8.294876129115515,"Al, Fe, Ta",Cubic,m-3m,TaAlFe2,(111),3
TaAlNi6 (0001),5.072351664431524,"Al, Ni, Ta",Hexagonal,6/mmm,TaAlNi6,(0001),3
TaAlOs2 (111),8.760328630430406,"Al, Os, Ta",Cubic,m-3m,TaAlOs2,(111),3
TaAlRu2 (111),8.701401547408969,"Al, Ru, Ta",Cubic,m-3m,TaAlRu2,(111),3
TaB2 (0001),3.0943055713927965,"B, Ta",Hexagonal,6/mmm,TaB2,(0001),2
TaBe3 (0001),4.5497198442266935,"Be, Ta",Trigonal,-3m,TaBe3,(0001),2
TaBeB (0001),3.249904203647754,"B, Be, Ta",Hexagonal,-6m2,TaBeB,(0001),3
TaBeRu2 (111),8.502459486969462,"Be, Ru, Ta",Cubic,m-3m,TaBeRu2,(111),3
TaC (111),6.318416831720254,"C, Ta",Cubic,m-3m,TaC,(111),2
TaCo3 (111),5.123303773046776,"Co, Ta",Cubic,m-3m,TaCo3,(111),2
TaCu3S4 (111),7.759163928244876,"Cu, S, Ta",Cubic,-43m,TaCu3S4,(111),3
TaCu3Se4 (111),8.015166224950672,"Cu, Se, Ta",Cubic,-43m,TaCu3Se4,(111),3
TaCu3Te4 (111),8.428447892974871,"Cu, Ta, Te",Cubic,-43m,TaCu3Te4,(111),3
TaCuRh2 (111),8.629103607842962,"Cu, Rh, Ta",Cubic,m-3m,TaCuRh2,(111),3
TaFe (0001),4.847253661970996,"Fe, Ta",Trigonal,-3m,TaFe,(0001),2
TaFe2 (0001),4.864792067075884,"Fe, Ta",Hexagonal,6/mmm,TaFe2,(0001),2
TaFe4W (0001),4.770488624121879,"Fe, Ta, W",Trigonal,-3m,TaFe4W,(0001),3
TaFeB (0001),5.9785774316352684,"B, Fe, Ta",Hexagonal,-6m2,TaFeB,(0001),3
TaFeRu2 (111),8.707171081486957,"Fe, Ru, Ta",Cubic,m-3m,TaFeRu2,(111),3
TaGaCo2 (111),8.362388454023533,"Co, Ga, Ta",Cubic,m-3m,TaGaCo2,(111),3
TaGaFe2 (111),8.291262625334388,"Fe, Ga, Ta",Cubic,m-3m,TaGaFe2,(111),3
TaGaOs2 (111),8.779155621896443,"Ga, Os, Ta",Cubic,m-3m,TaGaOs2,(111),3
TaGaRu2 (111),8.707842979058595,"Ga, Ru, Ta",Cubic,m-3m,TaGaRu2,(111),3
TaH2 (111),6.386551346399693,"H, Ta",Cubic,m-3m,TaH2,(111),2
TaHg3F6 (0001),5.1306401114900435,"F, Hg, Ta",Trigonal,-3m,TaHg3F6,(0001),3
TaInRu2 (111),8.964648407646465,"In, Ru, Ta",Cubic,m-3m,TaInRu2,(111),3
TaInS2 (0001),3.3157507390767402,"In, S, Ta",Hexagonal,-6m2,TaInS2,(0001),3
TaInSe2 (0001),3.440979206850838,"In, Se, Ta",Hexagonal,-6m2,TaInSe2,(0001),3
TaIr3 (111),5.522939906539674,"Ir, Ta",Cubic,m-3m,TaIr3,(111),2
TaMn2 (0001),4.951691887279866,"Mn, Ta",Hexagonal,6/mmm,TaMn2,(0001),2
TaMn2Al (111),8.434682764591578,"Al, Mn, Ta",Cubic,m-3m,TaMn2Al,(111),3
TaMnGe (0001),6.562764907042385,"Ge, Mn, Ta",Hexagonal,-6m2,TaMnGe,(0001),3
TaMnRu2 (111),8.743875669845757,"Mn, Ru, Ta",Cubic,m-3m,TaMnRu2,(111),3
TaN (0001),5.208495496009835,"N, Ta",Hexagonal,-6m2,TaN,(0001),2
TaNbRe2 (111),9.046790060852697,"Nb, Re, Ta",Cubic,m-3m,TaNbRe2,(111),3
TaNbTc2 (111),8.996748198800939,"Nb, Ta, Tc",Cubic,m-3m,TaNbTc2,(111),3
TaOs3 (111),5.536607177533431,"Os, Ta",Cubic,m-3m,TaOs3,(111),2
TaPbS2 (0001),3.3637068887015653,"Pb, S, Ta",Hexagonal,6/mmm,TaPbS2,(0001),3
TaPbSe2 (0001),3.4685513006057866,"Pb, Se, Ta",Hexagonal,-6m2,TaPbSe2,(0001),3
TaRh3 (111),5.47270032328976,"Rh, Ta",Cubic,m-3m,TaRh3,(111),2
TaS2 (0001),3.3376260316726056,"S, Ta",Trigonal,3m,TaS2,(0001),2
TaSbRu (111),8.709437981418073,"Ru, Sb, Ta",Cubic,-43m,TaSbRu,(111),3
TaSe2 (0001),3.4741009291914224,"Se, Ta",Hexagonal,6/mmm,TaSe2,(0001),2
TaSi2 (0001),4.783790772325036,"Si, Ta",Hexagonal,622,TaSi2,(0001),2
TaSnRh (111),8.714331871715375,"Rh, Sn, Ta",Cubic,-43m,TaSnRh,(111),3
TaTc (111),4.490061154090942,"Ta, Tc",Cubic,m-3m,TaTc,(111),2
TaTiB4 (0001),3.06250805477143,"B, Ta, Ti",Hexagonal,6/mmm,TaTiB4,(0001),3
TaTiC2 (0001),3.118172797287457,"C, Ta, Ti",Trigonal,-3m,TaTiC2,(0001),3
TaTiMn2 (111),8.517408459714797,"Mn, Ta, Ti",Cubic,m-3m,TaTiMn2,(111),3
TaTiOs2 (111),8.859226508177601,"Os, Ta, Ti",Cubic,m-3m,TaTiOs2,(111),3
TaTiRe2 (111),8.920606544622974,"Re, Ta, Ti",Cubic,m-3m,TaTiRe2,(111),3
TaTiRu2 (111),8.815572869527326,"Ru, Ta, Ti",Cubic,m-3m,TaTiRu2,(111),3
TaTiTc2 (111),8.871738800383929,"Ta, Tc, Ti",Cubic,m-3m,TaTiTc2,(111),3
TaTl3S4 (111),10.968356180488488,"S, Ta, Tl",Cubic,-43m,TaTl3S4,(111),3
TaTl3Se4 (111),11.267126095140222,"Se, Ta, Tl",Cubic,-43m,TaTl3Se4,(111),3
TaV2 (111),10.051924344071237,"Ta, V",Cubic,m-3m,TaV2,(111),2
TaW3 (111),9.047852700923462,"Ta, W",Cubic,m-3m,TaW3,(111),2
TaZn2 (0001),5.00042187222199,"Ta, Zn",Hexagonal,6/mmm,TaZn2,(0001),2
TaZnCo2 (111),8.309600213620163,"Co, Ta, Zn",Cubic,m-3m,TaZnCo2,(111),3
TaZnRh2 (111),8.718270569623668,"Rh, Ta, Zn",Cubic,m-3m,TaZnRh2,(111),3
TaZnRu2 (111),8.699679445540388,"Ru, Ta, Zn",Cubic,m-3m,TaZnRu2,(111),3
Tb (0001),3.6724759417033273,Tb,Hexagonal,6/mmm,Tb,(0001),1
Tb(AlC)3 (0001),3.4230726552887853,"Al, C, Tb",Hexagonal,6/mmm,Tb(AlC)3,(0001),3
Tb(AlCl4)3 (0001),10.622140157853316,"Al, Cl, Tb",Trigonal,32,Tb(AlCl4)3,(0001),3
Tb(AlGe)2 (0001),4.229129761580017,"Al, Ge, Tb",Trigonal,-3m,Tb(AlGe)2,(0001),3
Tb(AlSi)2 (0001),4.178789523825217,"Al, Si, Tb",Trigonal,-3m,Tb(AlSi)2,(0001),3
Tb(ClO4)3 (0001),9.408412520972924,"Cl, O, Tb",Hexagonal,6/m,Tb(ClO4)3,(0001),3
Tb(Co2B)6 (0001),9.343252926420858,"B, Co, Tb",Trigonal,-3m,Tb(Co2B)6,(0001),3
Tb(CuS)3 (0001),6.658894574848888,"Cu, S, Tb",Trigonal,-3,Tb(CuS)3,(0001),3
Tb(FeP3)4 (111),10.955801963358194,"Fe, P, Tb",Cubic,m-3,Tb(FeP3)4,(111),3
Tb(MnGe)6 (0001),5.167834295791062,"Ge, Mn, Tb",Hexagonal,6/mmm,Tb(MnGe)6,(0001),3
Tb(Mo3S4)2 (0001),9.125313184949192,"Mo, S, Tb",Trigonal,-3,Tb(Mo3S4)2,(0001),3
Tb(NbSn)6 (0001),5.8025139187885175,"Nb, Sn, Tb",Hexagonal,6/mmm,Tb(NbSn)6,(0001),3
Tb(ZnP)3 (0001),3.9752551381922516,"P, Tb, Zn",Hexagonal,6/mmm,Tb(ZnP)3,(0001),3
Tb10Mn13C18 (111),14.266761779701518,"C, Mn, Tb",Cubic,-43m,Tb10Mn13C18,(111),3
Tb12(MnC3)5 (0001),10.503393948133827,"C, Mn, Tb",Hexagonal,-6m2,Tb12(MnC3)5,(0001),3
Tb12(OsC3)5 (0001),10.720824830519124,"C, Os, Tb",Hexagonal,-6m2,Tb12(OsC3)5,(0001),3
Tb12Ni6Pb (111),13.745214271160929,"Ni, Pb, Tb",Cubic,m-3,Tb12Ni6Pb,(111),3
Tb14Ag51 (0001),12.55946801587821,"Ag, Tb",Hexagonal,-6,Tb14Ag51,(0001),2
Tb14Au51 (0001),12.578146283625237,"Au, Tb",Hexagonal,-6,Tb14Au51,(0001),2
Tb2(B2Rh3)3 (0001),5.571828391778174,"B, Rh, Tb",Hexagonal,6/mmm,Tb2(B2Rh3)3,(0001),3
Tb2C (0001),3.612727683879069,"C, Tb",Trigonal,-3m,Tb2C,(0001),2
Tb2CBr (0001),3.694833702380925,"Br, C, Tb",Hexagonal,6/mmm,Tb2CBr,(0001),3
Tb2CI (0001),3.7797850131988806,"C, I, Tb",Hexagonal,6/mmm,Tb2CI,(0001),3
Tb2Co12P7 (0001),8.931111482681938,"Co, P, Tb",Hexagonal,-6,Tb2Co12P7,(0001),3
Tb2Co17 (0001),8.304871944930277,"Co, Tb",Trigonal,-3m,Tb2Co17,(0001),2
Tb2Co2I (0001),3.987346913440638,"Co, I, Tb",Hexagonal,6/mmm,Tb2Co2I,(0001),3
Tb2Fe12P7 (0001),8.965811159834061,"Fe, P, Tb",Hexagonal,-6,Tb2Fe12P7,(0001),3
Tb2FeCo3 (0001),5.212633180204192,"Co, Fe, Tb",Trigonal,-3m,Tb2FeCo3,(0001),3
Tb2Ga3Cu (0001),4.342192295804811,"Cu, Ga, Tb",Trigonal,3m,Tb2Ga3Cu,(0001),3
Tb2In (0001),5.39563186052282,"In, Tb",Hexagonal,6/mmm,Tb2In,(0001),2
Tb2InHg (111),10.57637406255761,"Hg, In, Tb",Cubic,m-3m,Tb2InHg,(111),3
Tb2IrPd (111),9.774278968732776,"Ir, Pd, Tb",Cubic,m-3m,Tb2IrPd,(111),3
Tb2IrRh (111),9.678993925804832,"Ir, Rh, Tb",Cubic,m-3m,Tb2IrRh,(111),3
Tb2Mn12P7 (0001),9.314687622130544,"Mn, P, Tb",Hexagonal,-6,Tb2Mn12P7,(0001),3
Tb2Mn2O7 (111),14.041421867485397,"Mn, O, Tb",Cubic,m-3m,Tb2Mn2O7,(111),3
Tb2MnGa6 (111),12.329486614035595,"Ga, Mn, Tb",Cubic,m-3m,Tb2MnGa6,(111),3
Tb2Ni12As7 (0001),9.291915367423517,"As, Ni, Tb",Hexagonal,-6,Tb2Ni12As7,(0001),3
Tb2Ni12P7 (0001),9.042686178015082,"Ni, P, Tb",Hexagonal,-6,Tb2Ni12P7,(0001),3
Tb2Ni7 (0001),4.929111748941581,"Ni, Tb",Trigonal,-3m,Tb2Ni7,(0001),2
Tb2NiAs2 (0001),4.088591582690407,"As, Ni, Tb",Hexagonal,6/mmm,Tb2NiAs2,(0001),3
Tb2O3 (111),15.081998041004299,"O, Tb",Cubic,m-3,Tb2O3,(111),2
Tb2P7Rh12 (0001),9.521430116285178,"P, Rh, Tb",Trigonal,-3,Tb2P7Rh12,(0001),3
Tb2Pb2O7 (111),15.11857134513842,"O, Pb, Tb",Cubic,m-3m,Tb2Pb2O7,(111),3
Tb2PdRu (111),9.741426533120407,"Pd, Ru, Tb",Cubic,m-3m,Tb2PdRu,(111),3
Tb2Pt2O7 (111),14.455187380395692,"O, Pt, Tb",Cubic,m-3m,Tb2Pt2O7,(111),3
Tb2RuRh (111),9.627099217712196,"Rh, Ru, Tb",Cubic,m-3m,Tb2RuRh,(111),3
Tb2SO2 (0001),3.80964158775367,"O, S, Tb",Trigonal,-3m,Tb2SO2,(0001),3
Tb2SeO2 (0001),3.847156414512454,"O, Se, Tb",Trigonal,-3m,Tb2SeO2,(0001),3
Tb2Si3Pd (0001),8.229760334697596,"Pd, Si, Tb",Hexagonal,6/mmm,Tb2Si3Pd,(0001),3
Tb2Si3Pd (0001),8.13119612528671,"Pd, Si, Tb",Hexagonal,6/mmm,Tb2Si3Pd,(0001),3
Tb2Si3Rh (0001),8.143189329956709,"Rh, Si, Tb",Hexagonal,6/mmm,Tb2Si3Rh,(0001),3
Tb2Sn2O7 (111),14.73933128248478,"O, Sn, Tb",Cubic,m-3m,Tb2Sn2O7,(111),3
Tb2TlHg (111),10.584968068670523,"Hg, Tb, Tl",Cubic,m-3m,Tb2TlHg,(111),3
Tb2Zn17 (0001),8.870746466607834,"Tb, Zn",Trigonal,-3m,Tb2Zn17,(0001),2
Tb3(Al3Os)4 (0001),8.78758255470218,"Al, Os, Tb",Hexagonal,6/mmm,Tb3(Al3Os)4,(0001),3
Tb3(Al3Ru)4 (0001),8.771435251319566,"Al, Ru, Tb",Hexagonal,6/mmm,Tb3(Al3Ru)4,(0001),3
Tb3(AlNi3)2 (111),12.539388725874499,"Al, Ni, Tb",Cubic,m-3m,Tb3(AlNi3)2,(111),3
Tb3(GaNi3)2 (111),12.625108735373333,"Ga, Ni, Tb",Cubic,m-3m,Tb3(GaNi3)2,(111),3
Tb3(MnC3)2 (0001),8.111416411798963,"C, Mn, Tb",Hexagonal,6/m,Tb3(MnC3)2,(0001),3
Tb3AlC (111),6.933790964036191,"Al, C, Tb",Cubic,m-3m,Tb3AlC,(111),3
Tb3AlN (111),6.764046601241947,"Al, N, Tb",Cubic,m-3m,Tb3AlN,(111),3
Tb3BBr3 (111),15.910193141252648,"B, Br, Tb",Cubic,432,Tb3BBr3,(111),3
Tb3BCl3 (111),15.420335443140536,"B, Cl, Tb",Cubic,432,Tb3BCl3,(111),3
Tb3Co4Sn13 (111),13.434486873495594,"Co, Sn, Tb",Cubic,m-3m,Tb3Co4Sn13,(111),3
Tb3Cu3Sb4 (111),13.526090704363847,"Cu, Sb, Tb",Cubic,-43m,Tb3Cu3Sb4,(111),3
Tb3DyAl8 (0001),5.547299170122041,"Al, Dy, Tb",Trigonal,3m,Tb3DyAl8,(0001),3
Tb3GaC (111),6.8892232256995305,"C, Ga, Tb",Cubic,m-3m,Tb3GaC,(111),3
Tb3InN (111),6.824690044553358,"In, N, Tb",Cubic,m-3m,Tb3InN,(111),3
Tb3Ni7B2 (0001),5.058172580768922,"B, Ni, Tb",Hexagonal,6/mmm,Tb3Ni7B2,(0001),3
Tb3Pd4 (0001),5.723844569021723,"Pd, Tb",Trigonal,-3,Tb3Pd4,(0001),2
Tb3Pm (0001),7.308372839202902,"Pm, Tb",Hexagonal,6/mmm,Tb3Pm,(0001),2
Tb3Sb5O12 (111),15.25878704292878,"O, Sb, Tb",Cubic,-43m,Tb3Sb5O12,(111),3
Tb3Sm (0001),7.293535054009197,"Sm, Tb",Hexagonal,6/mmm,Tb3Sm,(0001),2
Tb3TlF10 (0001),8.224527068255142,"F, Tb, Tl",Hexagonal,6mm,Tb3TlF10,(0001),3
Tb4Ga12Pd (111),12.133033231401706,"Ga, Pd, Tb",Cubic,m-3m,Tb4Ga12Pd,(111),3
Tb4Ga12Pt (111),12.117699576215486,"Ga, Pt, Tb",Cubic,m-3m,Tb4Ga12Pt,(111),3
Tb4Ge6Ir7 (111),11.841728155893552,"Ge, Ir, Tb",Cubic,m-3m,Tb4Ge6Ir7,(111),3
Tb4Sb6Rh7 (111),12.379759256884554,"Rh, Sb, Tb",Cubic,m-3m,Tb4Sb6Rh7,(111),3
Tb5Bi3 (0001),9.182739010092146,"Bi, Tb",Hexagonal,6/mmm,Tb5Bi3,(0001),2
Tb5CuPb3 (0001),9.174696170209291,"Cu, Pb, Tb",Hexagonal,6/mmm,Tb5CuPb3,(0001),3
Tb5Ge3 (0001),8.510813527117108,"Ge, Tb",Hexagonal,6/mmm,Tb5Ge3,(0001),2
Tb5NiPb3 (0001),9.142498475824643,"Ni, Pb, Tb",Hexagonal,6/mmm,Tb5NiPb3,(0001),3
Tb5P12Ru19 (0001),12.55729886807081,"P, Ru, Tb",Hexagonal,-6m2,Tb5P12Ru19,(0001),3
Tb5Pb3 (0001),9.047994338446598,"Pb, Tb",Hexagonal,6/mmm,Tb5Pb3,(0001),2
Tb5Sb3 (0001),9.002200698384677,"Sb, Tb",Hexagonal,6/mmm,Tb5Sb3,(0001),2
Tb5Si3 (0001),8.47189300325011,"Si, Tb",Hexagonal,6/mmm,Tb5Si3,(0001),2
Tb5Sn3 (0001),8.972654749474493,"Sn, Tb",Hexagonal,6/mmm,Tb5Sn3,(0001),2
Tb6Al39Cr8 (0001),10.913282237869709,"Al, Cr, Tb",Hexagonal,6/mmm,Tb6Al39Cr8,(0001),3
Tb6Al43Cr4 (0001),10.961228041277675,"Al, Cr, Tb",Hexagonal,6/mmm,Tb6Al43Cr4,(0001),3
Tb6Al43V4 (0001),11.004887751536218,"Al, Tb, V",Hexagonal,6/mmm,Tb6Al43V4,(0001),3
Tb6CoTe2 (0001),8.369063403082421,"Co, Tb, Te",Hexagonal,-6m2,Tb6CoTe2,(0001),3
Tb6Ta4Al43 (0001),11.0321162749548,"Al, Ta, Tb",Hexagonal,6/mmm,Tb6Ta4Al43,(0001),3
Tb6Ti4Al43 (0001),11.097470459973941,"Al, Tb, Ti",Hexagonal,6/mmm,Tb6Ti4Al43,(0001),3
Tb7Co6Sn23 (0001),9.68647325480509,"Co, Sn, Tb",Trigonal,-3m,Tb7Co6Sn23,(0001),3
Tb7CoI12 (0001),15.557721837456006,"Co, I, Tb",Trigonal,-3,Tb7CoI12,(0001),3
Tb7FeI12 (0001),15.606934747564269,"Fe, I, Tb",Trigonal,-3,Tb7FeI12,(0001),3
Tb7MnBr12 (0001),14.650739440250005,"Br, Mn, Tb",Trigonal,-3,Tb7MnBr12,(0001),3
Tb7MnI12 (0001),9.68593102071374,"I, Mn, Tb",Trigonal,-3,Tb7MnI12,(0001),3
Tb7NiI12 (0001),15.605395451966347,"I, Ni, Tb",Trigonal,-3,Tb7NiI12,(0001),3
Tb7PtI12 (0001),15.684893434199257,"I, Pt, Tb",Trigonal,-3,Tb7PtI12,(0001),3
Tb7Rh3 (0001),9.798987075124817,"Rh, Tb",Hexagonal,6mm,Tb7Rh3,(0001),2
Tb7RhBr12 (0001),14.752331650303264,"Br, Rh, Tb",Trigonal,-3,Tb7RhBr12,(0001),3
Tb7RhI12 (0001),15.646251286477577,"I, Rh, Tb",Trigonal,-3,Tb7RhI12,(0001),3
Tb7RuI12 (0001),15.697170948055806,"I, Ru, Tb",Trigonal,-3,Tb7RuI12,(0001),3
Tb8Ga3Co (0001),10.082373993740486,"Co, Ga, Tb",Hexagonal,6mm,Tb8Ga3Co,(0001),3
TbAg (111),5.124643726254988,"Ag, Tb",Cubic,m-3m,TbAg,(111),2
TbAgHg2 (111),9.967144337343992,"Ag, Hg, Tb",Cubic,m-3m,TbAgHg2,(111),3
TbAgPb (0001),4.777682728026216,"Ag, Pb, Tb",Hexagonal,6mm,TbAgPb,(0001),3
TbAgSn (0001),4.70786161040396,"Ag, Sn, Tb",Hexagonal,6mm,TbAgSn,(0001),3
TbAl2 (111),11.102927520955998,"Al, Tb",Cubic,m-3m,TbAl2,(111),2
TbAl3 (0001),6.275890413647593,"Al, Tb",Hexagonal,6/mmm,TbAl3,(0001),2
TbAl3Cu2 (0001),5.31329320012868,"Al, Cu, Tb",Hexagonal,6/mmm,TbAl3Cu2,(0001),3
TbAl3Ni2 (0001),8.978945503055474,"Al, Ni, Tb",Hexagonal,6/mmm,TbAl3Ni2,(0001),3
TbAl7Au3 (0001),8.10874644682449,"Al, Au, Tb",Trigonal,-3m,TbAl7Au3,(0001),3
TbAlCu (0001),7.020321415844591,"Al, Cu, Tb",Hexagonal,-6m2,TbAlCu,(0001),3
TbAlNi (0001),6.9369014029501,"Al, Ni, Tb",Hexagonal,-6m2,TbAlNi,(0001),3
TbAs (111),8.257815605184526,"As, Tb",Cubic,m-3m,TbAs,(111),2
TbB12 (111),10.603601803136893,"B, Tb",Cubic,m-3m,TbB12,(111),2
TbB2Ir3 (0001),5.438884104331385,"B, Ir, Tb",Hexagonal,6/mmm,TbB2Ir3,(0001),3
TbB2Ru3 (0001),5.481132603736179,"B, Ru, Tb",Hexagonal,6/mmm,TbB2Ru3,(0001),3
TbBRh3 (111),5.910318004569447,"B, Rh, Tb",Cubic,m-3m,TbBRh3,(111),3
TbBe13 (111),14.444887997649115,"Be, Tb",Cubic,m-3m,TbBe13,(111),2
TbBi (111),8.958819345314806,"Bi, Tb",Cubic,m-3m,TbBi,(111),2
TbBiPd (111),9.469516794569511,"Bi, Pd, Tb",Cubic,-43m,TbBiPd,(111),3
TbBiPt (111),9.489899600085554,"Bi, Pt, Tb",Cubic,-43m,TbBiPt,(111),3
TbBiRh (0001),7.62266592558859,"Bi, Rh, Tb",Hexagonal,-6m2,TbBiRh,(0001),3
TbBr3 (0001),9.98231902633605,"Br, Tb",Hexagonal,6/mmm,TbBr3,(0001),2
TbCd (111),5.291260923451572,"Cd, Tb",Cubic,m-3m,TbCd,(111),2
TbCd2 (0001),4.92794314745558,"Cd, Tb",Hexagonal,6/mmm,TbCd2,(0001),2
TbCdAg2 (111),9.823838781949663,"Ag, Cd, Tb",Cubic,m-3m,TbCdAg2,(111),3
TbCdAu (0001),7.699604912736031,"Au, Cd, Tb",Hexagonal,-6m2,TbCdAu,(0001),3
TbCdAu2 (111),9.80915194783025,"Au, Cd, Tb",Cubic,m-3m,TbCdAu2,(111),3
TbCdHg2 (111),10.120751561724875,"Cd, Hg, Tb",Cubic,m-3m,TbCdHg2,(111),3
TbCdNi4 (111),9.859462535773284,"Cd, Ni, Tb",Cubic,-43m,TbCdNi4,(111),3
TbCdPd (0001),7.5628636377472045,"Cd, Pd, Tb",Hexagonal,-6m2,TbCdPd,(0001),3
TbCdPd2 (111),9.545352045237053,"Cd, Pd, Tb",Cubic,m-3m,TbCdPd2,(111),3
TbCo2 (111),10.13405667574364,"Co, Tb",Cubic,m-3m,TbCo2,(111),2
TbCo3 (0001),4.974715347832175,"Co, Tb",Trigonal,-3m,TbCo3,(0001),2
TbCo3B2 (0001),5.036894084513901,"B, Co, Tb",Hexagonal,6/mmm,TbCo3B2,(0001),3
TbCu (111),4.886824114741978,"Cu, Tb",Cubic,m-3m,TbCu,(111),2
TbCu2Ni3 (0001),4.9008362663625755,"Cu, Ni, Tb",Hexagonal,6/mmm,TbCu2Ni3,(0001),3
TbCu4Ag (111),10.01481491680358,"Ag, Cu, Tb",Cubic,-43m,TbCu4Ag,(111),3
TbCu4Au (111),9.98915197524679,"Au, Cu, Tb",Cubic,-43m,TbCu4Au,(111),3
TbCu4Pd (111),9.906875490919521,"Cu, Pd, Tb",Cubic,-43m,TbCu4Pd,(111),3
TbCu5 (0001),4.985646226553334,"Cu, Tb",Hexagonal,6/mmm,TbCu5,(0001),2
TbCuGe (0001),4.219695125427505,"Cu, Ge, Tb",Hexagonal,6mm,TbCuGe,(0001),3
TbCuNi4 (0001),4.872068962900988,"Cu, Ni, Tb",Hexagonal,-6m2,TbCuNi4,(0001),3
TbCuPb (0001),4.580123806093605,"Cu, Pb, Tb",Hexagonal,6mm,TbCuPb,(0001),3
TbCuSi (0001),4.120370080810549,"Cu, Si, Tb",Hexagonal,6/mmm,TbCuSi,(0001),3
TbCuSn (0001),4.515395257031361,"Cu, Sn, Tb",Hexagonal,6mm,TbCuSn,(0001),3
TbDy3Al8 (0001),5.538792812572903,"Al, Dy, Tb",Trigonal,3m,TbDy3Al8,(0001),3
TbDyHg2 (111),10.468106341137183,"Dy, Hg, Tb",Cubic,m-3m,TbDyHg2,(111),3
TbDyIr2 (111),9.663454716887104,"Dy, Ir, Tb",Cubic,m-3m,TbDyIr2,(111),3
TbErHg2 (111),10.417891888462272,"Er, Hg, Tb",Cubic,m-3m,TbErHg2,(111),3
TbErIn2 (111),10.554892299966518,"Er, In, Tb",Cubic,m-3m,TbErIn2,(111),3
TbFe2 (111),10.369354410229624,"Fe, Tb",Cubic,m-3m,TbFe2,(111),2
TbFe3 (0001),5.1738402293974,"Fe, Tb",Trigonal,-3m,TbFe3,(0001),2
TbGa2 (0001),4.1758241068254955,"Ga, Tb",Hexagonal,6/mmm,TbGa2,(0001),2
TbGa2Co3 (0001),5.186030689844734,"Co, Ga, Tb",Hexagonal,6/mmm,TbGa2Co3,(0001),3
TbGa2Ni3 (0001),8.714387222642976,"Ga, Ni, Tb",Hexagonal,-6m2,TbGa2Ni3,(0001),3
TbGa3 (0001),6.280129301694888,"Ga, Tb",Hexagonal,6/mmm,TbGa3,(0001),2
TbGa3Ru (111),9.039373415814728,"Ga, Ru, Tb",Cubic,m-3m,TbGa3Ru,(111),3
TbGaCo4 (0001),8.66924473203569,"Co, Ga, Tb",Hexagonal,6/mmm,TbGaCo4,(0001),3
TbGaI (0001),4.184209197527966,"Ga, I, Tb",Trigonal,-3m,TbGaI,(0001),3
TbGaNi4 (0001),8.514785612057278,"Ga, Ni, Tb",Hexagonal,6/mmm,TbGaNi4,(0001),3
TbGaRh2 (111),9.080940348535528,"Ga, Rh, Tb",Cubic,m-3m,TbGaRh2,(111),3
TbGdAl6 (0001),6.294550425138587,"Al, Gd, Tb",Hexagonal,-6m2,TbGdAl6,(0001),3
TbGdIr2 (111),9.731327634071501,"Gd, Ir, Tb",Cubic,m-3m,TbGdIr2,(111),3
TbGeAu (0001),4.426182063009309,"Au, Ge, Tb",Hexagonal,6mm,TbGeAu,(0001),3
TbH2 (111),7.382910204201057,"H, Tb",Cubic,m-3m,TbH2,(111),2
TbH3 (0001),6.358322253258451,"H, Tb",Trigonal,-3m,TbH3,(0001),2
TbHSe (0001),3.8510133634044723,"H, Se, Tb",Hexagonal,-6m2,TbHSe,(0001),3
TbHg (111),5.248583295683159,"Hg, Tb",Cubic,m-3m,TbHg,(111),2
TbHg3 (0001),6.624773002495452,"Hg, Tb",Hexagonal,6/mmm,TbHg3,(0001),2
TbHo (0001),3.604023260778501,"Ho, Tb",Hexagonal,-6m2,TbHo,(0001),2
TbHoHg2 (111),10.443807719688285,"Hg, Ho, Tb",Cubic,m-3m,TbHoHg2,(111),3
TbHoIn2 (111),10.576739947890466,"Ho, In, Tb",Cubic,m-3m,TbHoIn2,(111),3
TbI3 (0001),11.230115388603998,"I, Tb",Hexagonal,6/mmm,TbI3,(0001),2
TbIn3 (111),6.534792598433519,"In, Tb",Cubic,m-3m,TbIn3,(111),2
TbInAg2 (111),9.837790268870894,"Ag, In, Tb",Cubic,m-3m,TbInAg2,(111),3
TbInAu (0001),7.6842803244615805,"Au, In, Tb",Hexagonal,-6m2,TbInAu,(0001),3
TbInAu2 (111),9.8355588968411,"Au, In, Tb",Cubic,m-3m,TbInAu2,(111),3
TbInCu (0001),7.434843802543308,"Cu, In, Tb",Hexagonal,-6m2,TbInCu,(0001),3
TbInCu4 (111),10.151603083136385,"Cu, In, Tb",Cubic,-43m,TbInCu4,(111),3
TbInIr (0001),7.455411736806144,"In, Ir, Tb",Hexagonal,-6m2,TbInIr,(0001),3
TbInNi (0001),7.42324608269693,"In, Ni, Tb",Hexagonal,-6m2,TbInNi,(0001),3
TbInPd (0001),7.706095971063382,"In, Pd, Tb",Hexagonal,-6m2,TbInPd,(0001),3
TbInPd2 (111),9.568970345109635,"In, Pd, Tb",Cubic,m-3m,TbInPd2,(111),3
TbInPt (0001),7.645414954681675,"In, Pt, Tb",Hexagonal,-6m2,TbInPt,(0001),3
TbInPt2 (0001),4.552328811519315,"In, Pt, Tb",Hexagonal,6/mmm,TbInPt2,(0001),3
TbInRh (0001),7.472385415139415,"In, Rh, Tb",Hexagonal,-6m2,TbInRh,(0001),3
TbInRh2 (111),9.348000098242805,"In, Rh, Tb",Cubic,m-3m,TbInRh2,(111),3
TbIr2 (111),10.680188976726672,"Ir, Tb",Cubic,m-3m,TbIr2,(111),2
TbLuHg2 (111),10.35739723455976,"Hg, Lu, Tb",Cubic,m-3m,TbLuHg2,(111),3
TbMg (111),5.37240759256386,"Mg, Tb",Cubic,m-3m,TbMg,(111),2
TbMg2Cu9 (0001),4.956245626735472,"Cu, Mg, Tb",Hexagonal,6/mmm,TbMg2Cu9,(0001),3
TbMg3 (111),10.309008066047523,"Mg, Tb",Cubic,m-3m,TbMg3,(111),2
TbMgAg (0001),7.692032901509699,"Ag, Mg, Tb",Hexagonal,-6m2,TbMgAg,(0001),3
TbMgAu (0001),7.589295492759012,"Au, Mg, Tb",Hexagonal,-6m2,TbMgAu,(0001),3
TbMgAu2 (111),9.758409210971543,"Au, Mg, Tb",Cubic,m-3m,TbMgAu2,(111),3
TbMgCd2 (111),10.138870748728714,"Cd, Mg, Tb",Cubic,m-3m,TbMgCd2,(111),3
TbMgCo4 (111),9.912019296897324,"Co, Mg, Tb",Cubic,-43m,TbMgCo4,(111),3
TbMgGa (0001),7.26212599890768,"Ga, Mg, Tb",Hexagonal,-6m2,TbMgGa,(0001),3
TbMgHg2 (111),10.089223197702415,"Hg, Mg, Tb",Cubic,m-3m,TbMgHg2,(111),3
TbMgIn (0001),7.51864074973045,"In, Mg, Tb",Hexagonal,-6m2,TbMgIn,(0001),3
TbMgPd (0001),7.434476043811186,"Mg, Pd, Tb",Hexagonal,-6m2,TbMgPd,(0001),3
TbMgRh2 (111),9.241473160580574,"Mg, Rh, Tb",Cubic,m-3m,TbMgRh2,(111),3
TbMgTl (0001),7.528845060435297,"Mg, Tb, Tl",Hexagonal,-6m2,TbMgTl,(0001),3
TbMgZn2 (111),9.60049019556645,"Mg, Tb, Zn",Cubic,m-3m,TbMgZn2,(111),3
TbN (111),6.965496785638252,"N, Tb",Cubic,m-3m,TbN,(111),2
TbNi2 (111),10.053198595510171,"Ni, Tb",Cubic,m-3m,TbNi2,(111),2
TbNi3 (0001),4.9567578491332895,"Ni, Tb",Trigonal,-3m,TbNi3,(0001),2
TbNi4Au (111),9.773303195232181,"Au, Ni, Tb",Cubic,-43m,TbNi4Au,(111),3
TbNi4B (0001),4.941183491165889,"B, Ni, Tb",Hexagonal,6/mmm,TbNi4B,(0001),3
TbNi5 (0001),4.837043152620716,"Ni, Tb",Hexagonal,6/mmm,TbNi5,(0001),2
TbNiAs (0001),4.015084540278253,"As, Ni, Tb",Hexagonal,-6m2,TbNiAs,(0001),3
TbNiBi (111),9.1277155752481,"Bi, Ni, Tb",Cubic,-43m,TbNiBi,(111),3
TbNiP (0001),3.8854160489854035,"Ni, P, Tb",Hexagonal,6/mmm,TbNiP,(0001),3
TbNiSb (111),8.957179753063162,"Ni, Sb, Tb",Cubic,-43m,TbNiSb,(111),3
TbOF (0001),3.810936651096411,"F, O, Tb",Trigonal,-3m,TbOF,(0001),3
TbOs2 (0001),5.276549223649125,"Os, Tb",Hexagonal,6/mmm,TbOs2,(0001),2
TbP (111),8.056086761321453,"P, Tb",Cubic,m-3m,TbP,(111),2
TbPPt (0001),4.115613476574753,"P, Pt, Tb",Hexagonal,-6m2,TbPPt,(0001),3
TbPb3 (111),6.865752937418389,"Pb, Tb",Cubic,m-3m,TbPb3,(111),2
TbPbAu (111),9.61413785984566,"Au, Pb, Tb",Cubic,-43m,TbPbAu,(111),3
TbPd3 (111),5.7976771954029065,"Pd, Tb",Cubic,m-3m,TbPd3,(111),2
TbPmIr2 (111),9.811323727313715,"Ir, Pm, Tb",Cubic,m-3m,TbPmIr2,(111),3
TbPmRh2 (111),9.791282030108917,"Pm, Rh, Tb",Cubic,m-3m,TbPmRh2,(111),3
TbPt3 (111),5.8053441562414125,"Pt, Tb",Cubic,m-3m,TbPt3,(111),2
TbRe2 (0001),5.416559225594177,"Re, Tb",Hexagonal,6/mmm,TbRe2,(0001),2
TbRh (111),4.836773145154879,"Rh, Tb",Cubic,m-3m,TbRh,(111),2
TbRh2 (111),10.611440960893937,"Rh, Tb",Cubic,m-3m,TbRh2,(111),2
TbRh3C (111),5.876572917356508,"C, Rh, Tb",Cubic,m-3m,TbRh3C,(111),3
TbRu2 (0001),5.229765841064269,"Ru, Tb",Hexagonal,6/mmm,TbRu2,(0001),2
TbS (111),7.830382847730829,"S, Tb",Cubic,m-3m,TbS,(111),2
TbSb (111),8.792674723777996,"Sb, Tb",Cubic,m-3m,TbSb,(111),2
TbSbPd (0001),4.580211276901978,"Pd, Sb, Tb",Hexagonal,6mm,TbSbPd,(0001),3
TbSbPt (111),9.320369998003478,"Pt, Sb, Tb",Cubic,-43m,TbSbPt,(111),3
TbSe (111),8.156182093156737,"Se, Tb",Cubic,m-3m,TbSe,(111),2
TbSi2Rh3 (0001),5.494152130081053,"Rh, Si, Tb",Hexagonal,6/mmm,TbSi2Rh3,(0001),3
TbSi3Rh5 (0001),15.65696798517363,"Rh, Si, Tb",Hexagonal,6/m,TbSi3Rh5,(0001),3
TbSmHg2 (111),10.58883663572828,"Hg, Sm, Tb",Cubic,m-3m,TbSmHg2,(111),3
TbSnAu (0001),4.676311622603317,"Au, Sn, Tb",Hexagonal,6mm,TbSnAu,(0001),3
TbSnAu2 (111),9.896840174912379,"Au, Sn, Tb",Cubic,m-3m,TbSnAu2,(111),3
TbSnIr (0001),7.429991877456861,"Ir, Sn, Tb",Hexagonal,-6m2,TbSnIr,(0001),3
TbSnPd2 (111),9.569225474513614,"Pd, Sn, Tb",Cubic,m-3m,TbSnPd2,(111),3
TbSnPt (0001),7.486421453980857,"Pt, Sn, Tb",Hexagonal,-6m2,TbSnPt,(0001),3
TbSnPt2 (0001),4.530749684848338,"Pt, Sn, Tb",Hexagonal,6/mmm,TbSnPt2,(0001),3
TbSnRh (0001),7.58380556325217,"Rh, Sn, Tb",Hexagonal,-6m2,TbSnRh,(0001),3
TbSnRh2 (111),9.362279186307916,"Rh, Sn, Tb",Cubic,m-3m,TbSnRh2,(111),3
TbTaRu2 (111),9.280239101919735,"Ru, Ta, Tb",Cubic,m-3m,TbTaRu2,(111),3
TbTc2 (0001),5.3532669361380965,"Tb, Tc",Hexagonal,6/mmm,TbTc2,(0001),2
TbTe (0001),4.110125495756664,"Tb, Te",Hexagonal,-6m2,TbTe,(0001),2
TbTl (111),5.343575949957081,"Tb, Tl",Cubic,m-3m,TbTl,(111),2
TbTl3 (111),6.678093105083967,"Tb, Tl",Cubic,m-3m,TbTl3,(111),2
TbTlPd (0001),7.807194725703319,"Pd, Tb, Tl",Hexagonal,-6m2,TbTlPd,(0001),3
TbTlS2 (0001),4.031738795473204,"S, Tb, Tl",Trigonal,-3m,TbTlS2,(0001),3
TbTlSe2 (0001),4.182593271577808,"Se, Tb, Tl",Trigonal,-3m,TbTlSe2,(0001),3
TbTlTe2 (0001),4.464251603224401,"Tb, Te, Tl",Trigonal,-3m,TbTlTe2,(0001),3
TbTmHg2 (111),10.395674649965935,"Hg, Tb, Tm",Cubic,m-3m,TbTmHg2,(111),3
TbYHg2 (111),10.485062337485967,"Hg, Tb, Y",Cubic,m-3m,TbYHg2,(111),3
TbYTl2 (111),10.704226492212289,"Tb, Tl, Y",Cubic,m-3m,TbYTl2,(111),3
TbYb3 (0001),7.135977316312878,"Tb, Yb",Hexagonal,6/mmm,TbYb3,(0001),2
TbYbHg2 (111),10.373766475029363,"Hg, Tb, Yb",Cubic,m-3m,TbYbHg2,(111),3
TbZn (111),5.0382285035110295,"Tb, Zn",Cubic,m-3m,TbZn,(111),2
TbZnGe (0001),4.194489152497637,"Ge, Tb, Zn",Hexagonal,6/mmm,TbZnGe,(0001),3
TbZnNi (0001),6.975196030525794,"Ni, Tb, Zn",Hexagonal,-6m2,TbZnNi,(0001),3
TbZnPd (0001),7.253224789403095,"Pd, Tb, Zn",Hexagonal,-6m2,TbZnPd,(0001),3
TbZnSi (0001),4.085700952314577,"Si, Tb, Zn",Hexagonal,-6m2,TbZnSi,(0001),3
TbZnSn (0001),4.460889949303825,"Sn, Tb, Zn",Hexagonal,6/mmm,TbZnSn,(0001),3
Tc (0001),2.736580404192687,Tc,Hexagonal,6/mmm,Tc,(0001),1
Tc2N (0001),2.8247000293528264,"N, Tc",Hexagonal,6/mmm,Tc2N,(0001),2
Tc3Ir (0001),5.495727000028607,"Ir, Tc",Hexagonal,6/mmm,Tc3Ir,(0001),2
Tc3N (0001),2.7977934511972395,"N, Tc",Hexagonal,-6m2,Tc3N,(0001),2
Tc3Ni (0001),5.3262328593539205,"Ni, Tc",Hexagonal,6/mmm,Tc3Ni,(0001),2
Tc3Os (0001),5.487695642289635,"Os, Tc",Hexagonal,6/mmm,Tc3Os,(0001),2
Tc3Pd (0001),5.499543612143005,"Pd, Tc",Hexagonal,6/mmm,Tc3Pd,(0001),2
Tc3Pt (0001),5.513878041856514,"Pt, Tc",Hexagonal,6/mmm,Tc3Pt,(0001),2
Tc3Rh (0001),5.483424457102908,"Rh, Tc",Hexagonal,6/mmm,Tc3Rh,(0001),2
Tc3Ru (0001),5.4755241484367625,"Ru, Tc",Hexagonal,6/mmm,Tc3Ru,(0001),2
Tc7B3 (0001),7.466547382728931,"B, Tc",Hexagonal,6mm,Tc7B3,(0001),2
TcB2 (0001),2.8907181364303045,"B, Tc",Hexagonal,6/mmm,TcB2,(0001),2
TcCl3 (0001),10.203702856648475,"Cl, Tc",Trigonal,-3m,TcCl3,(0001),2
TcIr3 (0001),5.482487114609924,"Ir, Tc",Hexagonal,6/mmm,TcIr3,(0001),2
TcOF4 (0001),8.903898963800199,"F, O, Tc",Hexagonal,6/m,TcOF4,(0001),3
TcOs3 (0001),5.49493994755826,"Os, Tc",Hexagonal,6/mmm,TcOs3,(0001),2
TcRh3 (0001),5.43462967142373,"Rh, Tc",Hexagonal,6/mmm,TcRh3,(0001),2
TcRu (0001),2.72486252559738,"Ru, Tc",Hexagonal,-6m2,TcRu,(0001),2
TcRu3 (0001),5.439443043137628,"Ru, Tc",Hexagonal,6/mmm,TcRu3,(0001),2
Te (0001),4.601352515923068,Te,Trigonal,32,Te,(0001),1
Te2(PO4)3 (0001),8.589166753121868,"O, P, Te",Trigonal,-3,Te2(PO4)3,(0001),3
Te2Mo (0001),3.565654559308449,"Mo, Te",Hexagonal,6/mmm,Te2Mo,(0001),2
Te2Os (111),9.106128496173021,"Os, Te",Cubic,m-3,Te2Os,(111),2
Te2Pd (0001),4.070087840828432,"Pd, Te",Trigonal,-3m,Te2Pd,(0001),2
Te2Pt (0001),4.046966021928213,"Pt, Te",Trigonal,-3m,Te2Pt,(0001),2
Te2Rh (0001),3.937639838306527,"Rh, Te",Trigonal,-3m,Te2Rh,(0001),2
Te3Pt2 (0001),6.957917872030395,"Pt, Te",Trigonal,-3m,Te3Pt2,(0001),2
Te4Mo3 (0001),10.358355834213565,"Mo, Te",Trigonal,-3,Te4Mo3,(0001),2
Te4Pt3 (0001),4.004545220745347,"Pt, Te",Trigonal,-3m,Te4Pt3,(0001),2
Te6IrBr3 (0001),15.058971240818432,"Br, Ir, Te",Trigonal,-3m,Te6IrBr3,(0001),3
Te6IrCl3 (0001),14.664799685470395,"Cl, Ir, Te",Trigonal,-3m,Te6IrCl3,(0001),3
Te6RhBr3 (0001),15.086157762215455,"Br, Rh, Te",Trigonal,-3m,Te6RhBr3,(0001),3
Te6RhCl3 (0001),14.657396981582462,"Cl, Rh, Te",Trigonal,-3m,Te6RhCl3,(0001),3
Te7Pd20 (0001),11.949766312941387,"Pd, Te",Trigonal,-3,Te7Pd20,(0001),2
Te8Ir3 (0001),9.266650149537735,"Ir, Te",Trigonal,-3,Te8Ir3,(0001),2
Te8Rh3 (0001),9.268063167969654,"Rh, Te",Trigonal,-3,Te8Rh3,(0001),2
TeAsIr (111),8.778271974119896,"As, Ir, Te",Cubic,23,TeAsIr,(111),3
TeAsRh (111),8.820171388449205,"As, Rh, Te",Cubic,23,TeAsRh,(111),3
TePb (111),9.251493245676992,"Pb, Te",Cubic,m-3m,TePb,(111),2
TePd (0001),4.1820076164208535,"Pd, Te",Hexagonal,6/mmm,TePd,(0001),2
TePt (0001),3.97380548952076,"Pt, Te",Trigonal,-3m,TePt,(0001),2
TePtPb (111),9.435632789158342,"Pb, Pt, Te",Cubic,23,TePtPb,(111),3
Th (111),7.137896189629485,Th,Cubic,m-3m,Th,(111),1
Th(As3Os)4 (111),12.10858903888969,"As, Os, Th",Cubic,m-3,Th(As3Os)4,(111),3
Th(CuP)2 (0001),4.0103892058041275,"Cu, P, Th",Trigonal,-3m,Th(CuP)2,(0001),3
Th(FeP3)4 (111),10.992480821757612,"Fe, P, Th",Cubic,m-3,Th(FeP3)4,(111),3
Th(P3Ru)4 (111),11.409504666978417,"P, Ru, Th",Cubic,m-3,Th(P3Ru)4,(111),3
Th11(Ru2C3)6 (111),15.278888376478124,"C, Ru, Th",Cubic,-43m,Th11(Ru2C3)6,(111),3
Th14Ag51 (0001),13.00067181097346,"Ag, Th",Hexagonal,-6,Th14Ag51,(0001),2
Th14Au51 (0001),12.825206946101424,"Au, Th",Hexagonal,-6,Th14Au51,(0001),2
Th14Cu51 (0001),11.8512414471319,"Cu, Th",Hexagonal,-6,Th14Cu51,(0001),2
Th2BiTe (111),11.038342026507628,"Bi, Te, Th",Cubic,m-3m,Th2BiTe,(111),3
Th2CN (0001),3.7446592831462477,"C, N, Th",Trigonal,-3m,Th2CN,(0001),3
Th2CuSi3 (0001),4.1387476878323355,"Cu, Si, Th",Hexagonal,-6m2,Th2CuSi3,(0001),3
Th2Fe7 (0001),5.122795794576479,"Fe, Th",Hexagonal,6/mmm,Th2Fe7,(0001),2
Th2Ni7 (0001),4.9742656877193845,"Ni, Th",Hexagonal,6/mmm,Th2Ni7,(0001),2
Th2SN2 (0001),4.018100426768371,"N, S, Th",Trigonal,-3m,Th2SN2,(0001),3
Th2SeN2 (0001),4.040422289686903,"N, Se, Th",Trigonal,-3m,Th2SeN2,(0001),3
Th2Si3Ni (0001),4.100761136393346,"Ni, Si, Th",Hexagonal,-6m2,Th2Si3Ni,(0001),3
Th2Zn17 (0001),8.958549128421591,"Th, Zn",Trigonal,-3m,Th2Zn17,(0001),2
Th3As4 (111),12.591311742020766,"As, Th",Cubic,-43m,Th3As4,(111),2
Th3Au4 (0001),13.807373599648226,"Au, Th",Trigonal,-3,Th3Au4,(0001),2
Th3Bi4 (111),13.676942998300282,"Bi, Th",Cubic,-43m,Th3Bi4,(111),2
Th3In (111),7.007275438209679,"In, Th",Cubic,m-3m,Th3In,(111),2
Th3N4 (0001),3.8754424082805907,"N, Th",Trigonal,-3m,Th3N4,(0001),2
Th3Ni3Sn4 (111),13.660553479336043,"Ni, Sn, Th",Cubic,-43m,Th3Ni3Sn4,(111),3
Th3P4 (111),12.264800964116386,"P, Th",Cubic,-43m,Th3P4,(111),2
Th3Pd4 (0001),13.837663478441396,"Pd, Th",Trigonal,-3,Th3Pd4,(0001),2
Th3Sb4 (111),13.383106302110988,"Sb, Th",Cubic,-43m,Th3Sb4,(111),2
Th3Sn13Rh4 (111),13.788295628617465,"Rh, Sn, Th",Cubic,m-3m,Th3Sn13Rh4,(111),3
Th4C3 (0001),6.5145525949001755,"C, Th",Trigonal,-3m,Th4C3,(0001),2
Th4H15 (111),12.906643131950108,"H, Th",Cubic,-43m,Th4H15,(111),2
Th5Bi3 (0001),9.539268700048813,"Bi, Th",Hexagonal,6/mmm,Th5Bi3,(0001),2
Th5Pb4 (0001),9.84132563130366,"Pb, Th",Hexagonal,6/mmm,Th5Pb4,(0001),2
Th5Sn4 (0001),9.726932977052304,"Sn, Th",Hexagonal,6/mmm,Th5Sn4,(0001),2
Th7Co3 (0001),9.70534800358938,"Co, Th",Hexagonal,6mm,Th7Co3,(0001),2
Th7Fe3 (0001),9.62204930536633,"Fe, Th",Hexagonal,6mm,Th7Fe3,(0001),2
Th7Ir3 (0001),10.065983574536405,"Ir, Th",Hexagonal,6mm,Th7Ir3,(0001),2
Th7Ni3 (0001),9.812599479114333,"Ni, Th",Hexagonal,6mm,Th7Ni3,(0001),2
Th7Os3 (0001),10.004616091302154,"Os, Th",Hexagonal,6mm,Th7Os3,(0001),2
Th7Pt3 (0001),10.119192465787474,"Pt, Th",Hexagonal,6mm,Th7Pt3,(0001),2
Th7Rh3 (0001),10.00437273797776,"Rh, Th",Hexagonal,6mm,Th7Rh3,(0001),2
Th7Ru3 (0001),9.920407385661235,"Ru, Th",Hexagonal,6mm,Th7Ru3,(0001),2
Th7S12 (0001),11.151200829876757,"S, Th",Hexagonal,-6,Th7S12,(0001),2
Th7Se12 (0001),11.687914093790878,"Se, Th",Hexagonal,-6,Th7Se12,(0001),2
Th7Te12 (0001),12.566706453528951,"Te, Th",Hexagonal,-6,Th7Te12,(0001),2
ThAg2 (0001),4.883816038690506,"Ag, Th",Hexagonal,6/mmm,ThAg2,(0001),2
ThAl2 (0001),4.3974054771234785,"Al, Th",Hexagonal,6/mmm,ThAl2,(0001),2
ThAl3 (0001),6.537982793018476,"Al, Th",Hexagonal,6/mmm,ThAl3,(0001),2
ThAl3Ni2 (0001),5.291074508751021,"Al, Ni, Th",Hexagonal,6/mmm,ThAl3Ni2,(0001),3
ThAlCo (0001),6.956203740053071,"Al, Co, Th",Hexagonal,-6m2,ThAlCo,(0001),3
ThAlIr (0001),7.186645071223443,"Al, Ir, Th",Hexagonal,-6m2,ThAlIr,(0001),3
ThAlNi (0001),7.013921156909388,"Al, Ni, Th",Hexagonal,-6m2,ThAlNi,(0001),3
ThAlPd (0001),7.260755169958445,"Al, Pd, Th",Hexagonal,-6m2,ThAlPd,(0001),3
ThAlPt (0001),7.298659890555268,"Al, Pt, Th",Hexagonal,-6m2,ThAlPt,(0001),3
ThAlRh (0001),7.173146509253191,"Al, Rh, Th",Hexagonal,-6m2,ThAlRh,(0001),3
ThAs (111),8.50466281446373,"As, Th",Cubic,m-3m,ThAs,(111),2
ThAu2 (0001),4.784495222691707,"Au, Th",Hexagonal,6/mmm,ThAu2,(0001),2
ThB2C (0001),6.701114159306241,"B, C, Th",Trigonal,-3m,ThB2C,(0001),3
ThB2Ir3 (0001),5.462292007607659,"B, Ir, Th",Hexagonal,6/mmm,ThB2Ir3,(0001),3
ThB2Ru3 (0001),5.521006487258648,"B, Ru, Th",Hexagonal,6/mmm,ThB2Ru3,(0001),3
ThB6 (111),5.810980306404353,"B, Th",Cubic,m-3m,ThB6,(111),2
ThBRh3 (111),6.019030015322628,"B, Rh, Th",Cubic,m-3m,ThBRh3,(111),3
ThBe13 (111),14.634534670529444,"Be, Th",Cubic,m-3m,ThBe13,(111),2
ThC (111),7.584973563473922,"C, Th",Cubic,m-3m,ThC,(111),2
ThCd11 (111),13.185408674799517,"Cd, Th",Cubic,m-3m,ThCd11,(111),2
ThCd2 (0001),5.089460649760539,"Cd, Th",Hexagonal,6/mmm,ThCd2,(0001),2
ThCd3 (0001),6.8285482931555,"Cd, Th",Hexagonal,6/mmm,ThCd3,(0001),2
ThCdAg2 (111),10.072208799051026,"Ag, Cd, Th",Cubic,m-3m,ThCdAg2,(111),3
ThCdAu2 (111),10.066698254619174,"Au, Cd, Th",Cubic,m-3m,ThCdAu2,(111),3
ThCdHg2 (111),10.368634745232004,"Cd, Hg, Th",Cubic,m-3m,ThCdHg2,(111),3
ThCdRh2 (111),9.586904213568259,"Cd, Rh, Th",Cubic,m-3m,ThCdRh2,(111),3
ThCoSn (0001),7.343552739310151,"Co, Sn, Th",Hexagonal,-6m2,ThCoSn,(0001),3
ThCu2 (0001),4.351724809207223,"Cu, Th",Hexagonal,6/mmm,ThCu2,(0001),2
ThFe5 (0001),5.087561237066332,"Fe, Th",Hexagonal,6/mmm,ThFe5,(0001),2
ThGa3 (0001),6.501581356272571,"Ga, Th",Hexagonal,6/mmm,ThGa3,(0001),2
ThGaIr (0001),7.23211436270831,"Ga, Ir, Th",Hexagonal,-6m2,ThGaIr,(0001),3
ThGaNi (0001),6.998915865710261,"Ga, Ni, Th",Hexagonal,-6m2,ThGaNi,(0001),3
ThGaPt (0001),7.335569806510307,"Ga, Pt, Th",Hexagonal,-6m2,ThGaPt,(0001),3
ThGaRh (0001),7.201175086962379,"Ga, Rh, Th",Hexagonal,-6m2,ThGaRh,(0001),3
ThGe (111),8.615678283045488,"Ge, Th",Cubic,m-3m,ThGe,(111),2
ThHg2 (0001),4.8784996976725346,"Hg, Th",Hexagonal,6/mmm,ThHg2,(0001),2
ThHg3 (0001),6.8152913547762815,"Hg, Th",Hexagonal,6/mmm,ThHg3,(0001),2
ThIn3 (111),6.685712887758033,"In, Th",Cubic,m-3m,ThIn3,(111),2
ThInAg2 (111),10.106697673027435,"Ag, In, Th",Cubic,m-3m,ThInAg2,(111),3
ThInAu2 (111),10.105758154389411,"Au, In, Th",Cubic,m-3m,ThInAu2,(111),3
ThInCu2 (111),9.615213629532859,"Cu, In, Th",Cubic,m-3m,ThInCu2,(111),3
ThInNi (0001),7.336984687726117,"In, Ni, Th",Hexagonal,-6m2,ThInNi,(0001),3
ThIr2 (111),10.870627641069726,"Ir, Th",Cubic,m-3m,ThIr2,(111),2
ThIr5 (0001),5.304912416906407,"Ir, Th",Hexagonal,6/mmm,ThIr5,(0001),2
ThMgAu2 (111),10.046022339200196,"Au, Mg, Th",Cubic,m-3m,ThMgAu2,(111),3
ThMgHg2 (111),10.375818695570418,"Hg, Mg, Th",Cubic,m-3m,ThMgHg2,(111),3
ThN (111),7.3110393328345955,"N, Th",Cubic,m-3m,ThN,(111),2
ThNF (0001),4.008795930883139,"F, N, Th",Trigonal,-3m,ThNF,(0001),3
ThNi2 (0001),4.085374630344706,"Ni, Th",Hexagonal,6/mmm,ThNi2,(0001),2
ThNi5 (0001),4.900281695073559,"Ni, Th",Hexagonal,6/mmm,ThNi5,(0001),2
ThNiSn (111),9.278709325182358,"Ni, Sn, Th",Cubic,-43m,ThNiSn,(111),3
ThO2 (111),7.92095249223342,"O, Th",Cubic,m-3m,ThO2,(111),2
ThOs2 (111),10.899331335710341,"Os, Th",Cubic,m-3m,ThOs2,(111),2
ThP (111),8.297800114793302,"P, Th",Cubic,m-3m,ThP,(111),2
ThP2O7 (111),12.68180252062134,"O, P, Th",Cubic,m-3,ThP2O7,(111),3
ThPb3 (111),6.922747837018097,"Pb, Th",Cubic,m-3m,ThPb3,(111),2
ThPd3 (0001),5.8876276810961805,"Pd, Th",Hexagonal,6/mmm,ThPd3,(0001),2
ThPt3 (0001),5.8963252622283715,"Pt, Th",Hexagonal,6/mmm,ThPt3,(0001),2
ThRe2 (0001),5.372769193390638,"Re, Th",Hexagonal,6/mmm,ThRe2,(0001),2
ThRh2 (0001),4.71583274099527,"Rh, Th",Hexagonal,6/mmm,ThRh2,(0001),2
ThRh3 (111),5.81084585712098,"Rh, Th",Cubic,m-3m,ThRh3,(111),2
ThRu3C (111),5.957826826283233,"C, Ru, Th",Cubic,m-3m,ThRu3C,(111),3
ThS (111),8.093057655002992,"S, Th",Cubic,m-3m,ThS,(111),2
ThSb (111),9.020361690362535,"Sb, Th",Cubic,m-3m,ThSb,(111),2
ThSbRh (111),9.48542020324033,"Rh, Sb, Th",Cubic,-43m,ThSbRh,(111),3
ThScFe6 (0001),5.076943360889753,"Fe, Sc, Th",Trigonal,3m,ThScFe6,(0001),3
ThSe (111),8.399260868537237,"Se, Th",Cubic,m-3m,ThSe,(111),2
ThSi2 (0001),4.102489602410127,"Si, Th",Hexagonal,6/mmm,ThSi2,(0001),2
ThSiAu (0001),4.2840391911252,"Au, Si, Th",Hexagonal,-6m2,ThSiAu,(0001),3
ThSnAu2 (111),10.141177302764671,"Au, Sn, Th",Cubic,m-3m,ThSnAu2,(111),3
ThSnPt (111),9.615086191964807,"Pt, Sn, Th",Cubic,-43m,ThSnPt,(111),3
ThSnRh (0001),7.559652072586475,"Rh, Sn, Th",Hexagonal,-6m2,ThSnRh,(0001),3
ThTc2 (0001),5.227726272587107,"Tc, Th",Hexagonal,6/mmm,ThTc2,(0001),2
ThTe (111),5.468664907315936,"Te, Th",Cubic,m-3m,ThTe,(111),2
ThTl3 (111),6.793138770271186,"Th, Tl",Cubic,m-3m,ThTl3,(111),2
ThUC2 (0001),3.6249439726031727,"C, Th, U",Trigonal,-3m,ThUC2,(0001),3
ThUS2 (0001),4.031245592983829,"S, Th, U",Trigonal,-3m,ThUS2,(0001),3
ThZn2 (0001),4.519278510485204,"Th, Zn",Hexagonal,6/mmm,ThZn2,(0001),2
Ti (0001),4.567374830566715,Ti,Hexagonal,6/mmm,Ti,(0001),1
Ti(NbS2)3 (0001),5.813932950633774,"Nb, S, Ti",Hexagonal,622,Ti(NbS2)3,(0001),3
Ti(NbS2)4 (0001),6.701054471103753,"Nb, S, Ti",Hexagonal,6/mmm,Ti(NbS2)4,(0001),3
Ti(NbSe2)3 (0001),6.062789953752167,"Nb, Se, Ti",Hexagonal,622,Ti(NbSe2)3,(0001),3
Ti(SO4)2 (0001),8.321387257411935,"O, S, Ti",Trigonal,3,Ti(SO4)2,(0001),3
Ti10(GaSb)3 (0001),7.816720182186732,"Ga, Sb, Ti",Hexagonal,-6m2,Ti10(GaSb)3,(0001),3
Ti13Al9Co8 (0001),8.41136590583686,"Al, Co, Ti",Trigonal,3m,Ti13Al9Co8,(0001),3
Ti2(Co7B2)3 (111),14.79931500931148,"B, Co, Ti",Cubic,m-3m,Ti2(Co7B2)3,(111),3
Ti2(Ni7B2)3 (111),14.686089665181807,"B, Ni, Ti",Cubic,m-3m,Ti2(Ni7B2)3,(111),3
Ti2AlC (0001),3.0574483752786086,"Al, C, Ti",Hexagonal,6/mmm,Ti2AlC,(0001),3
Ti2AlMo (111),8.963326513945443,"Al, Mo, Ti",Cubic,m-3m,Ti2AlMo,(111),3
Ti2AlN (0001),2.9800311063948683,"Al, N, Ti",Hexagonal,6/mmm,Ti2AlN,(0001),3
Ti2AlRe (111),8.86798325744017,"Al, Re, Ti",Cubic,m-3m,Ti2AlRe,(111),3
Ti2AlTc (111),8.85809864458856,"Al, Tc, Ti",Cubic,m-3m,Ti2AlTc,(111),3
Ti2BRh6 (111),11.092630415522194,"B, Rh, Ti",Cubic,m-3m,Ti2BRh6,(111),3
Ti2Be17 (0001),7.343779333595465,"Be, Ti",Hexagonal,6/mmm,Ti2Be17,(0001),2
Ti2C (111),12.197585250819479,"C, Ti",Cubic,m-3m,Ti2C,(111),2
Ti2CCl2 (0001),3.2337955392715827,"C, Cl, Ti",Trigonal,-3m,Ti2CCl2,(0001),3
Ti2CN (0001),3.027248035776542,"C, N, Ti",Trigonal,-3m,Ti2CN,(0001),3
Ti2CS (0001),3.2054281630895045,"C, S, Ti",Hexagonal,6/mmm,Ti2CS,(0001),3
Ti2CdC (0001),3.090372774508361,"C, Cd, Ti",Hexagonal,6/mmm,Ti2CdC,(0001),3
Ti2Co12P7 (0001),8.784183664141217,"Co, P, Ti",Hexagonal,-6,Ti2Co12P7,(0001),3
Ti2Co3Sn2 (0001),4.23335226339563,"Co, Sn, Ti",Trigonal,3m,Ti2Co3Sn2,(0001),3
Ti2CoIr (111),8.644170643849973,"Co, Ir, Ti",Cubic,m-3m,Ti2CoIr,(111),3
Ti2CoOs (111),8.617744111822317,"Co, Os, Ti",Cubic,m-3m,Ti2CoOs,(111),3
Ti2CoRe (111),8.62037906935971,"Co, Re, Ti",Cubic,m-3m,Ti2CoRe,(111),3
Ti2CoTc (111),8.576240253026484,"Co, Tc, Ti",Cubic,m-3m,Ti2CoTc,(111),3
Ti2CrIr (111),8.686342718554108,"Cr, Ir, Ti",Cubic,m-3m,Ti2CrIr,(111),3
Ti2CuS4 (111),14.108936139896592,"Cu, S, Ti",Cubic,m-3m,Ti2CuS4,(111),3
Ti2FeIr (111),8.642839048643912,"Fe, Ir, Ti",Cubic,m-3m,Ti2FeIr,(111),3
Ti2FeOs (111),8.552066365213706,"Fe, Os, Ti",Cubic,m-3m,Ti2FeOs,(111),3
Ti2Ga (0001),4.505297995607181,"Ga, Ti",Hexagonal,6/mmm,Ti2Ga,(0001),2
Ti2GaC (0001),3.07045543929801,"C, Ga, Ti",Hexagonal,6/mmm,Ti2GaC,(0001),3
Ti2GaN (0001),3.0009193713996587,"Ga, N, Ti",Hexagonal,6/mmm,Ti2GaN,(0001),3
Ti2GeC (0001),3.0872933697767144,"C, Ge, Ti",Hexagonal,6/mmm,Ti2GeC,(0001),3
Ti2HC (0001),3.0965594936767635,"C, H, Ti",Trigonal,-3m,Ti2HC,(0001),3
Ti2InC (0001),3.1355898062926997,"C, In, Ti",Hexagonal,6/mmm,Ti2InC,(0001),3
Ti2InN (0001),3.074416640737393,"In, N, Ti",Hexagonal,6/mmm,Ti2InN,(0001),3
Ti2IrW (111),8.825890892359514,"Ir, Ti, W",Cubic,m-3m,Ti2IrW,(111),3
Ti2MnBe (111),8.366478695324442,"Be, Mn, Ti",Cubic,m-3m,Ti2MnBe,(111),3
Ti2MnCo (111),8.360109558107098,"Co, Mn, Ti",Cubic,m-3m,Ti2MnCo,(111),3
Ti2MnFe (111),8.646006496125423,"Fe, Mn, Ti",Cubic,m-3m,Ti2MnFe,(111),3
Ti2MnIr (111),8.58221407968101,"Ir, Mn, Ti",Cubic,m-3m,Ti2MnIr,(111),3
Ti2MnNi (111),8.415673217013142,"Mn, Ni, Ti",Cubic,m-3m,Ti2MnNi,(111),3
Ti2MnOs (111),8.624034793022402,"Mn, Os, Ti",Cubic,m-3m,Ti2MnOs,(111),3
Ti2MnRh (111),8.559863758971026,"Mn, Rh, Ti",Cubic,m-3m,Ti2MnRh,(111),3
Ti2MnRu (111),8.608013219426608,"Mn, Ru, Ti",Cubic,m-3m,Ti2MnRu,(111),3
Ti2MoIr (111),8.805316861603044,"Ir, Mo, Ti",Cubic,m-3m,Ti2MoIr,(111),3
Ti2MoPd (111),8.873089874023917,"Mo, Pd, Ti",Cubic,m-3m,Ti2MoPd,(111),3
Ti2MoPt (111),8.855778782796342,"Mo, Pt, Ti",Cubic,m-3m,Ti2MoPt,(111),3
Ti2Ni (111),15.901045876382405,"Ni, Ti",Cubic,m-3m,Ti2Ni,(111),2
Ti2NiIr (111),8.630015341898135,"Ir, Ni, Ti",Cubic,m-3m,Ti2NiIr,(111),3
Ti2NiMo (111),8.670955740299483,"Mo, Ni, Ti",Cubic,m-3m,Ti2NiMo,(111),3
Ti2O (0001),2.9540793156442176,"O, Ti",Trigonal,-3m,Ti2O,(0001),2
Ti2O3 (0001),5.106830641775212,"O, Ti",Trigonal,-3m,Ti2O3,(0001),2
Ti2OsRu (111),8.70471954698474,"Os, Ru, Ti",Cubic,m-3m,Ti2OsRu,(111),3
Ti2P (0001),6.604965357211531,"P, Ti",Hexagonal,-6m2,Ti2P,(0001),2
Ti2PbC (0001),3.2188532699443,"C, Pb, Ti",Hexagonal,6/mmm,Ti2PbC,(0001),3
Ti2Re (0001),4.372832642262383,"Re, Ti",Trigonal,-3m,Ti2Re,(0001),2
Ti2ReIr (111),8.761649109917863,"Ir, Re, Ti",Cubic,m-3m,Ti2ReIr,(111),3
Ti2ReNi (111),8.643149440236582,"Ni, Re, Ti",Cubic,m-3m,Ti2ReNi,(111),3
Ti2RePd (111),8.828857261875132,"Pd, Re, Ti",Cubic,m-3m,Ti2RePd,(111),3
Ti2ReRh (111),8.754058743581911,"Re, Rh, Ti",Cubic,m-3m,Ti2ReRh,(111),3
Ti2ReTc (111),8.768235583310448,"Re, Tc, Ti",Cubic,m-3m,Ti2ReTc,(111),3
Ti2SbP (0001),3.6366003323054743,"P, Sb, Ti",Hexagonal,6/mmm,Ti2SbP,(0001),3
Ti2Sn (0001),4.735353545060542,"Sn, Ti",Hexagonal,6/mmm,Ti2Sn,(0001),2
Ti2SnC (0001),3.1701730170381266,"C, Sn, Ti",Hexagonal,6/mmm,Ti2SnC,(0001),3
Ti2TcIr (111),8.736719155250453,"Ir, Tc, Ti",Cubic,m-3m,Ti2TcIr,(111),3
Ti2TcNi (111),8.599869414059143,"Ni, Tc, Ti",Cubic,m-3m,Ti2TcNi,(111),3
Ti2TcOs (111),8.733232779407947,"Os, Tc, Ti",Cubic,m-3m,Ti2TcOs,(111),3
Ti2TcPd (111),8.807966301141857,"Pd, Tc, Ti",Cubic,m-3m,Ti2TcPd,(111),3
Ti2TcPt (111),8.803259854974822,"Pt, Tc, Ti",Cubic,m-3m,Ti2TcPt,(111),3
Ti2TcRh (111),8.725232460148518,"Rh, Tc, Ti",Cubic,m-3m,Ti2TcRh,(111),3
Ti2TcRu (111),8.70956897014293,"Ru, Tc, Ti",Cubic,m-3m,Ti2TcRu,(111),3
Ti2Te2P (0001),3.650358862724466,"P, Te, Ti",Trigonal,-3m,Ti2Te2P,(0001),3
Ti2TlC (0001),3.164509856145516,"C, Ti, Tl",Hexagonal,6/mmm,Ti2TlC,(0001),3
Ti2VIr (111),8.791916125948676,"Ir, Ti, V",Cubic,m-3m,Ti2VIr,(111),3
Ti2VOs (111),8.833768245814921,"Os, Ti, V",Cubic,-3m,Ti2VOs,(111),3
Ti2ZnRe (111),8.816346591301228,"Re, Ti, Zn",Cubic,m-3m,Ti2ZnRe,(111),3
Ti2ZnTc (111),8.799271150474963,"Tc, Ti, Zn",Cubic,m-3m,Ti2ZnTc,(111),3
Ti3(Ni10B3)2 (111),14.751599718324643,"B, Ni, Ti",Cubic,m-3m,Ti3(Ni10B3)2,(111),3
Ti3Al (0001),5.747697906353489,"Al, Ti",Hexagonal,6/mmm,Ti3Al,(0001),2
Ti3AlC (111),5.897181926331853,"Al, C, Ti",Cubic,m-3m,Ti3AlC,(111),3
Ti3AlC2 (0001),3.071588212438092,"Al, C, Ti",Hexagonal,6/mmm,Ti3AlC2,(0001),3
Ti3Au (111),7.192699243338497,"Au, Ti",Cubic,m-3m,Ti3Au,(111),2
Ti3Cu3O (111),15.803402827962502,"Cu, O, Ti",Cubic,m-3m,Ti3Cu3O,(111),3
Ti3Ga (0001),5.6868687979058254,"Ga, Ti",Hexagonal,6/mmm,Ti3Ga,(0001),2
Ti3GeC2 (0001),3.0923223034299157,"C, Ge, Ti",Hexagonal,6/mmm,Ti3GeC2,(0001),3
Ti3Hg (111),7.321494401895989,"Hg, Ti",Cubic,m-3m,Ti3Hg,(111),2
Ti3In (0001),5.902936503589977,"In, Ti",Hexagonal,6/mmm,Ti3In,(0001),2
Ti3In3Rh2 (0001),7.281480072995227,"In, Rh, Ti",Hexagonal,-6m2,Ti3In3Rh2,(0001),3
Ti3InC (111),5.989987923595634,"C, In, Ti",Cubic,m-3m,Ti3InC,(111),3
Ti3Ir (111),7.0706816325679975,"Ir, Ti",Cubic,m-3m,Ti3Ir,(111),2
Ti3Nb3Sn2 (0001),7.470249428450399,"Nb, Sn, Ti",Trigonal,32,Ti3Nb3Sn2,(0001),3
Ti3NbAl2 (0001),4.5845397640938685,"Al, Nb, Ti",Trigonal,-3m,Ti3NbAl2,(0001),3
Ti3NiS6 (0001),5.896452116976543,"Ni, S, Ti",Trigonal,-3,Ti3NiS6,(0001),3
Ti3O (0001),5.137338163006535,"O, Ti",Trigonal,-3m,Ti3O,(0001),2
Ti3Os (111),8.93491360111855,"Os, Ti",Cubic,m-3m,Ti3Os,(111),2
Ti3Pb (0001),5.9549829696864816,"Pb, Ti",Hexagonal,6/mmm,Ti3Pb,(0001),2
Ti3Pt (111),7.107503044401032,"Pt, Ti",Cubic,m-3m,Ti3Pt,(111),2
Ti3Sb (111),7.397693053594563,"Sb, Ti",Cubic,m-3m,Ti3Sb,(111),2
Ti3Se4 (0001),9.901155537040584,"Se, Ti",Hexagonal,6/m,Ti3Se4,(0001),2
Ti3SiC2 (0001),3.0695226177624617,"C, Si, Ti",Hexagonal,6/mmm,Ti3SiC2,(0001),3
Ti3SnC2 (0001),3.139749826209096,"C, Sn, Ti",Hexagonal,6/mmm,Ti3SnC2,(0001),3
Ti3SnH (111),5.891521838247348,"H, Sn, Ti",Cubic,m-3m,Ti3SnH,(111),3
Ti3V2Si3 (0001),7.312290314938359,"Si, Ti, V",Hexagonal,6/mmm,Ti3V2Si3,(0001),3
Ti4(Ni5O8)3 (0001),5.889874871435941,"Ni, O, Ti",Trigonal,-3m,Ti4(Ni5O8)3,(0001),3
Ti4AlN3 (0001),2.984646784443119,"Al, N, Ti",Hexagonal,6/mmm,Ti4AlN3,(0001),3
Ti4C3N (0001),3.0468541911775264,"C, N, Ti",Trigonal,-3m,Ti4C3N,(0001),3
Ti4Co7Ge6 (111),10.832692040014802,"Co, Ge, Ti",Cubic,m-3m,Ti4Co7Ge6,(111),3
Ti4CoNi (111),15.854715391078098,"Co, Ni, Ti",Cubic,-43m,Ti4CoNi,(111),3
Ti4GaC3 (0001),3.083213005602922,"C, Ga, Ti",Hexagonal,6/mmm,Ti4GaC3,(0001),3
Ti5Al2C3 (0001),3.0731362984072814,"Al, C, Ti",Trigonal,-3m,Ti5Al2C3,(0001),3
Ti5CoSn3 (0001),8.208491272094282,"Co, Sn, Ti",Hexagonal,6/mmm,Ti5CoSn3,(0001),3
Ti5CuBi3 (0001),8.349066147915895,"Bi, Cu, Ti",Hexagonal,6/mmm,Ti5CuBi3,(0001),3
Ti5CuSb3 (0001),8.153480100492084,"Cu, Sb, Ti",Hexagonal,6/mmm,Ti5CuSb3,(0001),3
Ti5CuSn3 (0001),8.169323087521546,"Cu, Sn, Ti",Hexagonal,6/mmm,Ti5CuSn3,(0001),3
Ti5Ge3 (0001),7.549588011661998,"Ge, Ti",Hexagonal,6/mmm,Ti5Ge3,(0001),2
Ti5Re24 (111),13.600315757743024,"Re, Ti",Cubic,-43m,Ti5Re24,(111),2
Ti5Si3 (0001),7.4470755812939435,"Si, Ti",Hexagonal,6/mmm,Ti5Si3,(0001),2
Ti5Si3C (0001),7.453730702405111,"C, Si, Ti",Hexagonal,6/mmm,Ti5Si3C,(0001),3
Ti5Sn3 (0001),8.044030834309496,"Sn, Ti",Hexagonal,6/mmm,Ti5Sn3,(0001),2
Ti6Be15Cu8 (111),15.138147980745783,"Be, Cu, Ti",Cubic,m-3m,Ti6Be15Cu8,(111),3
Ti6Ge2B (0001),6.814803428460492,"B, Ge, Ti",Hexagonal,-6m2,Ti6Ge2B,(0001),3
Ti6O (0001),5.105300459046816,"O, Ti",Trigonal,-3m,Ti6O,(0001),2
Ti6Si2B (0001),6.777590538851152,"B, Si, Ti",Hexagonal,-6m2,Ti6Si2B,(0001),3
Ti6Si7Ni16 (111),15.682580208858182,"Ni, Si, Ti",Cubic,m-3m,Ti6Si7Ni16,(111),3
Ti6Sn5 (0001),9.280484035478526,"Sn, Ti",Hexagonal,6/mmm,Ti6Sn5,(0001),2
Ti8C5 (0001),6.1284042230061635,"C, Ti",Trigonal,-3m,Ti8C5,(0001),2
TiAlAu (0001),4.399930625854434,"Al, Au, Ti",Hexagonal,6/mmm,TiAlAu,(0001),3
TiAlCo2 (111),8.200688778939673,"Al, Co, Ti",Cubic,m-3m,TiAlCo2,(111),3
TiAlCu2 (111),8.455407713123904,"Al, Cu, Ti",Cubic,m-3m,TiAlCu2,(111),3
TiAlFe2 (111),8.189618348350104,"Al, Fe, Ti",Cubic,m-3m,TiAlFe2,(111),3
TiAlNi2 (111),8.266647933354372,"Al, Ni, Ti",Cubic,m-3m,TiAlNi2,(111),3
TiAlPd2 (111),8.788096459169159,"Al, Pd, Ti",Cubic,m-3m,TiAlPd2,(111),3
TiAlPt (0001),4.416847252033355,"Al, Pt, Ti",Hexagonal,6/mmm,TiAlPt,(0001),3
TiAlRh2 (111),8.600392371380444,"Al, Rh, Ti",Cubic,m-3m,TiAlRh2,(111),3
TiAlRu2 (111),8.567360594632433,"Al, Ru, Ti",Cubic,m-3m,TiAlRu2,(111),3
TiAs (0001),3.644453502409,"As, Ti",Hexagonal,6/mmm,TiAs,(0001),2
TiB2 (0001),3.025927311885093,"B, Ti",Hexagonal,6/mmm,TiB2,(0001),2
TiBe2 (111),9.104309611829613,"Be, Ti",Cubic,m-3m,TiBe2,(111),2
TiBe2Ir (111),8.01178665578102,"Be, Ir, Ti",Cubic,m-3m,TiBe2Ir,(111),3
TiBe3 (0001),4.486690545986599,"Be, Ti",Trigonal,-3m,TiBe3,(0001),2
TiBeCo2 (111),7.842796610387778,"Be, Co, Ti",Cubic,m-3m,TiBeCo2,(111),3
TiBeIr2 (111),8.381591235845375,"Be, Ir, Ti",Cubic,m-3m,TiBeIr2,(111),3
TiBeRh2 (111),8.326746506558704,"Be, Rh, Ti",Cubic,m-3m,TiBeRh2,(111),3
TiC (111),6.125577922181468,"C, Ti",Cubic,m-3m,TiC,(111),2
TiCdF6 (0001),5.252976672040431,"Cd, F, Ti",Trigonal,-3,TiCdF6,(0001),3
TiCdO3 (0001),5.259894221567586,"Cd, O, Ti",Trigonal,-3,TiCdO3,(0001),3
TiCo (111),4.22299866080935,"Co, Ti",Cubic,m-3m,TiCo,(111),2
TiCo2Ge (111),8.209294287683024,"Co, Ge, Ti",Cubic,m-3m,TiCo2Ge,(111),3
TiCo2Si (111),8.08386812424806,"Co, Si, Ti",Cubic,m-3m,TiCo2Si,(111),3
TiCo2Sn (111),8.57145772786414,"Co, Sn, Ti",Cubic,m-3m,TiCo2Sn,(111),3
TiCoGe (0001),6.1674525393064235,"Co, Ge, Ti",Hexagonal,-6m2,TiCoGe,(0001),3
TiCoSb (111),8.282617454674421,"Co, Sb, Ti",Cubic,-43m,TiCoSb,(111),3
TiCrP (0001),6.377223766769218,"Cr, P, Ti",Hexagonal,-6m2,TiCrP,(0001),3
TiF3 (111),7.862116900173705,"F, Ti",Cubic,m-3m,TiF3,(111),2
TiFe (111),4.155922115566196,"Fe, Ti",Cubic,m-3m,TiFe,(111),2
TiFe2 (0001),4.845563233449918,"Fe, Ti",Hexagonal,6/mmm,TiFe2,(0001),2
TiFe2Ge (111),8.112250524430046,"Fe, Ge, Ti",Cubic,m-3m,TiFe2Ge,(111),3
TiFe2Si (111),7.9853203261316645,"Fe, Si, Ti",Cubic,m-3m,TiFe2Si,(111),3
TiFe2Sn (111),8.475327825644598,"Fe, Sn, Ti",Cubic,m-3m,TiFe2Sn,(111),3
TiFeAs (0001),6.440462893413428,"As, Fe, Ti",Hexagonal,-6m2,TiFeAs,(0001),3
TiFeSb (111),8.481205432874194,"Fe, Sb, Ti",Cubic,-43m,TiFeSb,(111),3
TiFeSi (0001),6.4042599309127,"Fe, Si, Ti",Hexagonal,mm2,TiFeSi,(0001),3
TiFeTe (111),8.270111648430264,"Fe, Te, Ti",Cubic,-43m,TiFeTe,(111),3
TiGaCo2 (111),8.191970020368338,"Co, Ga, Ti",Cubic,m-3m,TiGaCo2,(111),3
TiGaCu2 (111),8.434319085431879,"Cu, Ga, Ti",Cubic,m-3m,TiGaCu2,(111),3
TiGaFe2 (111),8.183479402544636,"Fe, Ga, Ti",Cubic,m-3m,TiGaFe2,(111),3
TiGaNi (0001),6.761166079147495,"Ga, Ni, Ti",Hexagonal,-6m2,TiGaNi,(0001),3
TiGaNi2 (111),8.24839359363751,"Ga, Ni, Ti",Cubic,m-3m,TiGaNi2,(111),3
TiGaPd (0001),4.410269226875734,"Ga, Pd, Ti",Hexagonal,6/mmm,TiGaPd,(0001),3
TiGaPd2 (111),8.783896810574337,"Ga, Pd, Ti",Cubic,m-3m,TiGaPd2,(111),3
TiGaPt (0001),4.384501343756789,"Ga, Pt, Ti",Hexagonal,6/mmm,TiGaPt,(0001),3
TiGaRh2 (111),8.606792055454548,"Ga, Rh, Ti",Cubic,m-3m,TiGaRh2,(111),3
TiGaRu2 (111),8.578806513240954,"Ga, Ru, Ti",Cubic,m-3m,TiGaRu2,(111),3
TiGePt (111),8.412228843313441,"Ge, Pt, Ti",Cubic,-43m,TiGePt,(111),3
TiGeRu2 (111),8.549832209882746,"Ge, Ru, Ti",Cubic,m-3m,TiGeRu2,(111),3
TiInCo2 (111),8.567226221093113,"Co, In, Ti",Cubic,m-3m,TiInCo2,(111),3
TiInCu2 (111),8.770836576610092,"Cu, In, Ti",Cubic,m-3m,TiInCu2,(111),3
TiInPd2 (111),6.427097141056662,"In, Pd, Ti",Cubic,m-3m,TiInPd2,(111),3
TiInRh2 (111),8.90102002619536,"In, Rh, Ti",Cubic,m-3m,TiInRh2,(111),3
TiIr3 (111),5.455585779458498,"Ir, Ti",Cubic,m-3m,TiIr3,(111),2
TiMn2 (0001),5.085817011047564,"Mn, Ti",Hexagonal,6/mmm,TiMn2,(0001),2
TiMn2Al (111),8.628186975893863,"Al, Mn, Ti",Cubic,m-3m,TiMn2Al,(111),3
TiMn2Si (111),8.138172719858787,"Mn, Si, Ti",Cubic,m-3m,TiMn2Si,(111),3
TiMn2V (111),8.414140433005905,"Mn, Ti, V",Cubic,m-3m,TiMn2V,(111),3
TiMn2W (111),8.388743111820196,"Mn, Ti, W",Cubic,m-3m,TiMn2W,(111),3
TiMnAs (0001),6.525421495593506,"As, Mn, Ti",Hexagonal,-6m2,TiMnAs,(0001),3
TiMnCo2 (111),8.275672438302271,"Co, Mn, Ti",Cubic,m-3m,TiMnCo2,(111),3
TiMnO3 (0001),5.135213729266858,"Mn, O, Ti",Trigonal,-3,TiMnO3,(0001),3
TiMnP (0001),6.176401009000725,"Mn, P, Ti",Hexagonal,-6m2,TiMnP,(0001),3
TiMnRh2 (111),8.665403420001274,"Mn, Rh, Ti",Cubic,m-3m,TiMnRh2,(111),3
TiN (111),5.998028889891923,"N, Ti",Cubic,m-3m,TiN,(111),2
TiNb3O6 (0001),7.972388231132344,"Nb, O, Ti",Trigonal,-3,TiNb3O6,(0001),3
TiNbB4 (0001),3.07106092257253,"B, Nb, Ti",Hexagonal,6/mmm,TiNbB4,(0001),3
TiNbC2 (0001),3.130435729571149,"C, Nb, Ti",Trigonal,-3m,TiNbC2,(0001),3
TiNbRe2 (111),8.939847683814383,"Nb, Re, Ti",Cubic,m-3m,TiNbRe2,(111),3
TiNbTc2 (111),8.886772192249978,"Nb, Tc, Ti",Cubic,m-3m,TiNbTc2,(111),3
TiNi3 (0001),5.053601298508332,"Ni, Ti",Hexagonal,6/mmm,TiNi3,(0001),2
TiNiO3 (0001),5.02856672147189,"Ni, O, Ti",Trigonal,-3,TiNiO3,(0001),3
TiNiSb (111),8.360702495873058,"Ni, Sb, Ti",Cubic,-43m,TiNiSb,(111),3
TiNiSn (111),8.353592694522028,"Ni, Sn, Ti",Cubic,-43m,TiNiSn,(111),3
TiO (0001),4.989087772014567,"O, Ti",Hexagonal,-6m2,TiO,(0001),2
TiOs (111),4.36233033266049,"Os, Ti",Cubic,m-3m,TiOs,(111),2
TiP (0001),3.4991435374390187,"P, Ti",Hexagonal,6/mmm,TiP,(0001),2
TiPOs (0001),6.232251019566701,"Os, P, Ti",Hexagonal,-6m2,TiPOs,(0001),3
TiPRu (0001),6.2333413114053275,"P, Ru, Ti",Hexagonal,-6m2,TiPRu,(0001),3
TiPd3 (0001),5.514466397725529,"Pd, Ti",Hexagonal,6/mmm,TiPd3,(0001),2
TiPt3 (0001),5.551102648766333,"Pt, Ti",Trigonal,-3m,TiPt3,(0001),2
TiRe (111),4.395490119306369,"Re, Ti",Cubic,m-3m,TiRe,(111),2
TiRe2Mo (111),8.813479245019243,"Mo, Re, Ti",Cubic,m-3m,TiRe2Mo,(111),3
TiRe2W (111),8.830154491691626,"Re, Ti, W",Cubic,m-3m,TiRe2W,(111),3
TiReSi (0001),6.77787632898974,"Re, Si, Ti",Hexagonal,-6m2,TiReSi,(0001),3
TiRh3 (111),5.410739101638796,"Rh, Ti",Cubic,m-3m,TiRh3,(111),2
TiRu (111),4.341027538795718,"Ru, Ti",Cubic,m-3m,TiRu,(111),2
TiS (0001),3.2671707815244133,"S, Ti",Hexagonal,-6m2,TiS,(0001),2
TiS2 (0001),3.4257416927926174,"S, Ti",Trigonal,-3m,TiS2,(0001),2
TiSb (0001),4.062980564000911,"Sb, Ti",Hexagonal,6/mmm,TiSb,(0001),2
TiSe2 (0001),3.5565669337451,"Se, Ti",Trigonal,-3m,TiSe2,(0001),2
TiSiOs2 (111),8.500808024939865,"Os, Si, Ti",Cubic,m-3m,TiSiOs2,(111),3
TiSiRu2 (111),8.439546556159561,"Ru, Si, Ti",Cubic,m-3m,TiSiRu2,(111),3
TiSiTc2 (111),8.538620248936834,"Si, Tc, Ti",Cubic,m-3m,TiSiTc2,(111),3
TiSnPd (111),8.73355781574832,"Pd, Sn, Ti",Cubic,-43m,TiSnPd,(111),3
TiSnPt (111),8.75774469675308,"Pt, Sn, Ti",Cubic,-43m,TiSnPt,(111),3
TiSnRh2 (111),8.929791380877973,"Rh, Sn, Ti",Cubic,m-3m,TiSnRh2,(111),3
TiSnRu2 (111),8.853881842919526,"Ru, Sn, Ti",Cubic,m-3m,TiSnRu2,(111),3
TiTc (111),4.376244893037764,"Tc, Ti",Cubic,m-3m,TiTc,(111),2
TiTc2Ge (111),8.65005413996497,"Ge, Tc, Ti",Cubic,m-3m,TiTc2Ge,(111),3
TiTc2Mo (111),8.770356781089626,"Mo, Tc, Ti",Cubic,m-3m,TiTc2Mo,(111),3
TiTc2Sb (111),8.913475570724605,"Sb, Tc, Ti",Cubic,m-3m,TiTc2Sb,(111),3
TiTc2Sn (111),8.95715019077022,"Sn, Tc, Ti",Cubic,m-3m,TiTc2Sn,(111),3
TiTc2W (111),8.780610347961009,"Tc, Ti, W",Cubic,m-3m,TiTc2W,(111),3
TiTe2 (0001),3.8242092349718946,"Te, Ti",Trigonal,-3m,TiTe2,(0001),2
TiTl2F6 (0001),5.919080258390827,"F, Ti, Tl",Trigonal,-3m,TiTl2F6,(0001),3
TiV2O7 (111),12.138917216430306,"O, Ti, V",Cubic,m-3,TiV2O7,(111),3
TiVO3 (0001),5.043599679913189,"O, Ti, V",Trigonal,3m,TiVO3,(0001),3
TiVRe2 (111),8.670950050445715,"Re, Ti, V",Cubic,m-3m,TiVRe2,(111),3
TiVTc2 (111),8.627615624188815,"Tc, Ti, V",Cubic,m-3m,TiVTc2,(111),3
TiZn (111),4.417646178923999,"Ti, Zn",Cubic,m-3m,TiZn,(111),2
TiZn3 (0001),5.571461287937707,"Ti, Zn",Hexagonal,6/mmm,TiZn3,(0001),2
TiZnAu2 (111),9.022057247555882,"Au, Ti, Zn",Cubic,m-3m,TiZnAu2,(111),3
TiZnCo2 (111),8.129819382055803,"Co, Ti, Zn",Cubic,m-3m,TiZnCo2,(111),3
TiZnCu2 (111),8.393303639431865,"Cu, Ti, Zn",Cubic,m-3m,TiZnCu2,(111),3
TiZnF6 (0001),5.085406930239939,"F, Ti, Zn",Trigonal,-3,TiZnF6,(0001),3
TiZnIr2 (111),8.611482384290381,"Ir, Ti, Zn",Cubic,m-3m,TiZnIr2,(111),3
TiZnNi2 (111),8.222554605180775,"Ni, Ti, Zn",Cubic,m-3m,TiZnNi2,(111),3
TiZnPd2 (111),8.740961937358929,"Pd, Ti, Zn",Cubic,m-3m,TiZnPd2,(111),3
TiZnRh2 (111),8.561181232041253,"Rh, Ti, Zn",Cubic,m-3m,TiZnRh2,(111),3
Tl (0001),3.497339519759081,Tl,Hexagonal,6/mmm,Tl,(0001),1
Tl(BH)6 (111),15.079533563668301,"B, H, Tl",Cubic,m-3,Tl(BH)6,(111),3
Tl(IO3)3 (0001),9.87115992495563,"I, O, Tl",Trigonal,-3,Tl(IO3)3,(0001),3
Tl(MoSe)3 (0001),9.151644903812558,"Mo, Se, Tl",Hexagonal,6/m,Tl(MoSe)3,(0001),3
Tl(TeMo)3 (0001),9.680441117650044,"Mo, Te, Tl",Hexagonal,6/m,Tl(TeMo)3,(0001),3
Tl(WO3)3 (0001),7.409113322229293,"O, Tl, W",Hexagonal,6mm,Tl(WO3)3,(0001),3
Tl(WO3)6 (0001),7.409271512421347,"O, Tl, W",Hexagonal,6/mmm,Tl(WO3)6,(0001),3
Tl2GeF6 (0001),5.825515017043676,"F, Ge, Tl",Trigonal,-3m,Tl2GeF6,(0001),3
Tl2MoCl6 (111),13.939268664478508,"Cl, Mo, Tl",Cubic,m-3m,Tl2MoCl6,(111),3
Tl2O (0001),3.541266932753009,"O, Tl",Trigonal,-3m,Tl2O,(0001),2
Tl2O3 (111),15.01509770461155,"O, Tl",Cubic,m-3,Tl2O3,(111),2
Tl2Pd3S2 (0001),5.8953801001313995,"Pd, S, Tl",Trigonal,-3m,Tl2Pd3S2,(0001),3
Tl2Pd3Se2 (0001),5.85992528896054,"Pd, Se, Tl",Trigonal,-3m,Tl2Pd3Se2,(0001),3
Tl2Pt2O7 (111),14.432463344327141,"O, Pt, Tl",Cubic,m-3m,Tl2Pt2O7,(111),3
Tl2Pt3 (0001),5.692372124109637,"Pt, Tl",Hexagonal,6/mmm,Tl2Pt3,(0001),2
Tl2PtCl6 (111),13.898038234115084,"Cl, Pt, Tl",Cubic,m-3m,Tl2PtCl6,(111),3
Tl2Rh3S2 (0001),5.69576956038056,"Rh, S, Tl",Trigonal,-3m,Tl2Rh3S2,(0001),3
Tl2Ru2O7 (111),14.484023438753727,"O, Ru, Tl",Cubic,m-3m,Tl2Ru2O7,(111),3
Tl2S (0001),12.61540045740039,"S, Tl",Trigonal,3,Tl2S,(0001),2
Tl2SiF6 (111),11.867221513905625,"F, Si, Tl",Cubic,m-3m,Tl2SiF6,(111),3
Tl2SnCl6 (111),14.167295973740346,"Cl, Sn, Tl",Cubic,m-3m,Tl2SnCl6,(111),3
Tl2SnF6 (0001),6.006421216027281,"F, Sn, Tl",Trigonal,-3m,Tl2SnF6,(0001),3
Tl2TeCl6 (111),14.330876998746863,"Cl, Te, Tl",Cubic,m-3m,Tl2TeCl6,(111),3
Tl2TeO6 (0001),9.137592809667364,"O, Te, Tl",Trigonal,32,Tl2TeO6,(0001),3
Tl2VF6 (111),12.008256356630657,"F, Tl, V",Cubic,m-3m,Tl2VF6,(111),3
Tl2WCl6 (111),13.959742594139371,"Cl, Tl, W",Cubic,m-3m,Tl2WCl6,(111),3
Tl2WO4 (0001),6.225356225278171,"O, Tl, W",Trigonal,-3m,Tl2WO4,(0001),3
Tl3AsO4 (0001),8.676948890120187,"As, O, Tl",Hexagonal,6,Tl3AsO4,(0001),3
Tl3AsSe3 (0001),10.10985085332032,"As, Se, Tl",Trigonal,3m,Tl3AsSe3,(0001),3
Tl3BO3 (0001),9.283456755516351,"B, O, Tl",Hexagonal,6/m,Tl3BO3,(0001),3
Tl3Bi (0001),7.470706711898252,"Bi, Tl",Hexagonal,6/mmm,Tl3Bi,(0001),2
Tl3CrF6 (111),12.699800811221774,"Cr, F, Tl",Cubic,m-3m,Tl3CrF6,(111),3
Tl3FeF6 (111),12.779753337258175,"F, Fe, Tl",Cubic,m-3m,Tl3FeF6,(111),3
Tl3GaF6 (111),12.69891009237974,"F, Ga, Tl",Cubic,m-3m,Tl3GaF6,(111),3
Tl3PO4 (0001),8.464577480158335,"O, P, Tl",Hexagonal,6,Tl3PO4,(0001),3
Tl3SbS3 (0001),9.668525231747664,"S, Sb, Tl",Trigonal,3m,Tl3SbS3,(0001),3
Tl3SbSe3 (111),13.56095543859625,"Sb, Se, Tl",Cubic,23,Tl3SbSe3,(111),3
Tl3V5O14 (0001),8.70873088615582,"O, Tl, V",Trigonal,3m,Tl3V5O14,(0001),3
Tl3VS4 (111),10.728212079445486,"S, Tl, V",Cubic,-43m,Tl3VS4,(111),3
Tl3VSe4 (111),11.085647922717348,"Se, Tl, V",Cubic,-43m,Tl3VSe4,(111),3
Tl4V2O7 (0001),5.958863065127623,"O, Tl, V",Trigonal,-3m,Tl4V2O7,(0001),3
Tl6Si2O7 (0001),9.707382021937669,"O, Si, Tl",Trigonal,-3,Tl6Si2O7,(0001),3
Tl6TeO12 (0001),9.713579082366191,"O, Te, Tl",Trigonal,-3,Tl6TeO12,(0001),3
Tl6TeO6 (0001),9.686116483808465,"O, Te, Tl",Trigonal,-3,Tl6TeO6,(0001),3
Tl8Ge5O14 (0001),9.575443867499178,"Ge, O, Tl",Trigonal,-3m,Tl8Ge5O14,(0001),3
Tl9Pd13 (0001),9.070167274210236,"Pd, Tl",Trigonal,-3m,Tl9Pd13,(0001),2
TlAgO2 (0001),3.4284770701055067,"Ag, O, Tl",Hexagonal,6/mmm,TlAgO2,(0001),3
TlAsF6 (0001),7.4414477975632085,"As, F, Tl",Trigonal,-3,TlAsF6,(0001),3
TlBS2 (0001),10.007296672278327,"B, S, Tl",Trigonal,-3m,TlBS2,(0001),3
TlBiS2 (0001),4.123046531532323,"Bi, S, Tl",Trigonal,-3m,TlBiS2,(0001),3
TlBiSe2 (0001),4.282328402602161,"Bi, Se, Tl",Trigonal,-3m,TlBiSe2,(0001),3
TlBiTe2 (0001),4.552892133481584,"Bi, Te, Tl",Trigonal,-3m,TlBiTe2,(0001),3
TlCdRh2 (111),9.150425554033841,"Cd, Rh, Tl",Cubic,m-3m,TlCdRh2,(111),3
TlClO4 (111),10.650074635031032,"Cl, O, Tl",Cubic,-43m,TlClO4,(111),3
TlCrTe2 (0001),4.109832992357682,"Cr, Te, Tl",Trigonal,-3m,TlCrTe2,(0001),3
TlGaF6 (0001),5.0968048706907885,"F, Ga, Tl",Trigonal,-3,TlGaF6,(0001),3
TlHPd3 (111),5.795384161248604,"H, Pd, Tl",Cubic,m-3m,TlHPd3,(111),3
TlHg3 (111),6.795999978866309,"Hg, Tl",Cubic,m-3m,TlHg3,(111),2
TlI (111),9.958980142946395,"I, Tl",Cubic,m-3m,TlI,(111),2
TlIO3 (0001),6.301585160929237,"I, O, Tl",Trigonal,3m,TlIO3,(0001),3
TlInF6 (0001),5.272820787207634,"F, In, Tl",Trigonal,-3,TlInF6,(0001),3
TlInS2 (0001),3.867240984333313,"In, S, Tl",Hexagonal,6/mmm,TlInS2,(0001),3
TlPF6 (111),10.942476180211752,"F, P, Tl",Cubic,m-3,TlPF6,(111),3
TlPd2Se3 (0001),7.4188394179639205,"Pd, Se, Tl",Trigonal,-3m,TlPd2Se3,(0001),3
TlPd3O4 (111),13.614784822807733,"O, Pd, Tl",Cubic,m-3m,TlPd3O4,(111),3
TlPdF3 (111),6.0405721787763,"F, Pd, Tl",Cubic,m-3m,TlPdF3,(111),3
TlPt2S3 (0001),7.143748967957477,"Pt, S, Tl",Trigonal,-3m,TlPt2S3,(0001),3
TlPt2Se3 (0001),7.465688450404372,"Pt, Se, Tl",Trigonal,-3m,TlPt2Se3,(0001),3
TlPt3O4 (111),13.721352613418533,"O, Pt, Tl",Cubic,m-3m,TlPt3O4,(111),3
TlSO4 (0001),4.877359569387643,"O, S, Tl",Trigonal,32,TlSO4,(0001),3
TlSb3F18 (0001),9.7304281405599,"F, Sb, Tl",Trigonal,-3,TlSb3F18,(0001),3
TlSbF6 (0001),7.691566867726074,"F, Sb, Tl",Trigonal,-3m,TlSbF6,(0001),3
TlSbO3 (0001),5.3307067878815575,"O, Sb, Tl",Trigonal,-3m,TlSbO3,(0001),3
TlSbTe2 (0001),4.465215877076306,"Sb, Te, Tl",Trigonal,-3m,TlSbTe2,(0001),3
TlTe3Pt2 (0001),7.976488819251124,"Pt, Te, Tl",Trigonal,-3m,TlTe3Pt2,(0001),3
TlZnF3 (111),5.822800429809243,"F, Tl, Zn",Cubic,m-3m,TlZnF3,(111),3
Tm (0001),3.5643198425929437,Tm,Hexagonal,6/mmm,Tm,(0001),1
Tm(AlC)3 (0001),3.3955797600235114,"Al, C, Tm",Hexagonal,6/mmm,Tm(AlC)3,(0001),3
Tm(AlGe)2 (0001),4.220165801290915,"Al, Ge, Tm",Trigonal,-3m,Tm(AlGe)2,(0001),3
Tm(ClO4)3 (0001),8.088959454071937,"Cl, O, Tm",Trigonal,3m,Tm(ClO4)3,(0001),3
Tm(Co2B)6 (0001),9.32508187908209,"B, Co, Tm",Trigonal,-3m,Tm(Co2B)6,(0001),3
Tm(CuS)3 (0001),6.620692761518403,"Cu, S, Tm",Trigonal,-3,Tm(CuS)3,(0001),3
Tm(MnGe)6 (0001),5.1418825863234945,"Ge, Mn, Tm",Hexagonal,6/mmm,Tm(MnGe)6,(0001),3
Tm(MnSn)6 (0001),5.670402956798766,"Mn, Sn, Tm",Hexagonal,6/mmm,Tm(MnSn)6,(0001),3
Tm10Mn13C18 (111),14.12888161422439,"C, Mn, Tm",Cubic,-43m,Tm10Mn13C18,(111),3
Tm12(MnC3)5 (0001),10.32949369001651,"C, Mn, Tm",Hexagonal,-6m2,Tm12(MnC3)5,(0001),3
Tm2(Ni7B2)3 (111),14.906973678274761,"B, Ni, Tm",Cubic,m-3m,Tm2(Ni7B2)3,(111),3
Tm2AgHg (111),10.187356155617994,"Ag, Hg, Tm",Cubic,m-3m,Tm2AgHg,(111),3
Tm2AgOs (111),9.701065160892991,"Ag, Os, Tm",Cubic,m-3m,Tm2AgOs,(111),3
Tm2AgRu (111),9.713170970408262,"Ag, Ru, Tm",Cubic,m-3m,Tm2AgRu,(111),3
Tm2C (0001),3.5331664841450543,"C, Tm",Trigonal,-3m,Tm2C,(0001),2
Tm2CdIn (111),10.407824865787061,"Cd, In, Tm",Cubic,m-3m,Tm2CdIn,(111),3
Tm2CdS4 (111),15.719004503041377,"Cd, S, Tm",Cubic,m-3m,Tm2CdS4,(111),3
Tm2Co12P7 (0001),8.902602642329827,"Co, P, Tm",Hexagonal,-6,Tm2Co12P7,(0001),3
Tm2Co17 (0001),8.160186436411816,"Co, Tm",Hexagonal,6/mmm,Tm2Co17,(0001),2
Tm2CuOs (111),9.500796511563436,"Cu, Os, Tm",Cubic,m-3m,Tm2CuOs,(111),3
Tm2CuRu (111),9.495524747666979,"Cu, Ru, Tm",Cubic,m-3m,Tm2CuRu,(111),3
Tm2Fe12P7 (0001),9.132407748324674,"Fe, P, Tm",Hexagonal,-6,Tm2Fe12P7,(0001),3
Tm2Fe17C3 (0001),8.599203516617209,"C, Fe, Tm",Hexagonal,6/mmm,Tm2Fe17C3,(0001),3
Tm2Ga3Cu (0001),4.300497058337097,"Cu, Ga, Tm",Trigonal,3m,Tm2Ga3Cu,(0001),3
Tm2In (0001),5.284499600013007,"In, Tm",Hexagonal,6/mmm,Tm2In,(0001),2
Tm2IrPd (111),9.591144082396795,"Ir, Pd, Tm",Cubic,m-3m,Tm2IrPd,(111),3
Tm2IrRh (111),9.489713484866758,"Ir, Rh, Tm",Cubic,m-3m,Tm2IrRh,(111),3
Tm2IrRu (111),9.454023717298188,"Ir, Ru, Tm",Cubic,m-3m,Tm2IrRu,(111),3
Tm2MgAl (111),10.211433565781464,"Al, Mg, Tm",Cubic,m-3m,Tm2MgAl,(111),3
Tm2MgIn (111),10.439379166486257,"In, Mg, Tm",Cubic,m-3m,Tm2MgIn,(111),3
Tm2MgS4 (111),15.565080309863175,"Mg, S, Tm",Cubic,m-3m,Tm2MgS4,(111),3
Tm2Mn12P7 (0001),9.255947909840028,"Mn, P, Tm",Hexagonal,-6,Tm2Mn12P7,(0001),3
Tm2Mn2O7 (111),13.860377641342945,"Mn, O, Tm",Cubic,m-3m,Tm2Mn2O7,(111),3
Tm2Ni12As7 (0001),9.275467509779324,"As, Ni, Tm",Hexagonal,-6,Tm2Ni12As7,(0001),3
Tm2Ni12P7 (0001),8.95020715930736,"Ni, P, Tm",Hexagonal,-6,Tm2Ni12P7,(0001),3
Tm2NiRu (111),9.38012279965699,"Ni, Ru, Tm",Cubic,m-3m,Tm2NiRu,(111),3
Tm2O3 (111),14.687969406335531,"O, Tm",Cubic,m-3,Tm2O3,(111),2
Tm2PdRu (111),9.551397242530772,"Pd, Ru, Tm",Cubic,m-3m,Tm2PdRu,(111),3
Tm2Pt2O7 (111),14.270271094088006,"O, Pt, Tm",Cubic,m-3m,Tm2Pt2O7,(111),3
Tm2RuAu (111),9.68835848031934,"Au, Ru, Tm",Cubic,m-3m,Tm2RuAu,(111),3
Tm2RuPt (111),9.537282344660253,"Pt, Ru, Tm",Cubic,m-3m,Tm2RuPt,(111),3
Tm2RuRh (111),9.442578571790717,"Rh, Ru, Tm",Cubic,m-3m,Tm2RuRh,(111),3
Tm2SO2 (0001),3.713912299927428,"O, S, Tm",Trigonal,-3m,Tm2SO2,(0001),3
Tm2Si3Pd (0001),8.163717923212863,"Pd, Si, Tm",Hexagonal,6/mmm,Tm2Si3Pd,(0001),3
Tm2Si3Pd (0001),8.070285533521208,"Pd, Si, Tm",Hexagonal,6/mmm,Tm2Si3Pd,(0001),3
Tm2Sn2O7 (111),14.580086507868069,"O, Sn, Tm",Cubic,m-3m,Tm2Sn2O7,(111),3
Tm2TlAg (111),10.308872851944699,"Ag, Tl, Tm",Cubic,m-3m,Tm2TlAg,(111),3
Tm2TlCd (111),10.453784402401132,"Cd, Tl, Tm",Cubic,m-3m,Tm2TlCd,(111),3
Tm2TlHg (111),10.423379235074178,"Hg, Tl, Tm",Cubic,m-3m,Tm2TlHg,(111),3
Tm2Zn17 (0001),8.823644781098228,"Tm, Zn",Trigonal,-3m,Tm2Zn17,(0001),2
Tm2ZnRu (111),9.626820773204992,"Ru, Tm, Zn",Cubic,m-3m,Tm2ZnRu,(111),3
Tm3(Al3Os)4 (0001),8.741437909358133,"Al, Os, Tm",Hexagonal,6/mmm,Tm3(Al3Os)4,(0001),3
Tm3(Al3Ru)4 (0001),8.727748805546359,"Al, Ru, Tm",Hexagonal,6/mmm,Tm3(Al3Ru)4,(0001),3
Tm3(AlNi3)2 (111),12.529946304761248,"Al, Ni, Tm",Cubic,m-3m,Tm3(AlNi3)2,(111),3
Tm3(GaNi3)2 (111),12.464482358958996,"Ga, Ni, Tm",Cubic,m-3m,Tm3(GaNi3)2,(111),3
Tm3(In2Co)2 (0001),7.805957459041663,"Co, In, Tm",Hexagonal,-6,Tm3(In2Co)2,(0001),3
Tm3(SiNi3)2 (111),12.297172409248883,"Ni, Si, Tm",Cubic,m-3m,Tm3(SiNi3)2,(111),3
Tm3AlN (111),6.586484338595682,"Al, N, Tm",Cubic,m-3m,Tm3AlN,(111),3
Tm3Ga5Ni (0001),6.759148144760674,"Ga, Ni, Tm",Hexagonal,-6m2,Tm3Ga5Ni,(0001),3
Tm3InN (111),6.648676331615756,"In, N, Tm",Cubic,m-3m,Tm3InN,(111),3
Tm3Ni7B2 (0001),5.028270191786879,"B, Ni, Tm",Hexagonal,6/mmm,Tm3Ni7B2,(0001),3
Tm3PbC (111),6.79507335785597,"C, Pb, Tm",Cubic,m-3m,Tm3PbC,(111),3
Tm3Pd4 (0001),12.954960643656035,"Pd, Tm",Trigonal,-3,Tm3Pd4,(0001),2
Tm3Sb4Au3 (111),13.872899540772535,"Au, Sb, Tm",Cubic,-43m,Tm3Sb4Au3,(111),3
Tm3Sb5O12 (111),15.061888317931357,"O, Sb, Tm",Cubic,-43m,Tm3Sb5O12,(111),3
Tm4Co3 (0001),11.0069488747192,"Co, Tm",Trigonal,-3,Tm4Co3,(0001),2
Tm4Ga12Pd (111),12.004815857876114,"Ga, Pd, Tm",Cubic,m-3m,Tm4Ga12Pd,(111),3
Tm4Ge6Ir7 (111),11.732938759374237,"Ge, Ir, Tm",Cubic,m-3m,Tm4Ge6Ir7,(111),3
Tm5Co19P12 (0001),11.82618813952853,"Co, P, Tm",Hexagonal,-6m2,Tm5Co19P12,(0001),3
Tm5Ge3 (0001),8.317857610345092,"Ge, Tm",Hexagonal,6/mmm,Tm5Ge3,(0001),2
Tm5Ge3C (0001),8.420190740455553,"C, Ge, Tm",Hexagonal,6/mmm,Tm5Ge3C,(0001),3
Tm5In4 (0001),9.124314976404897,"In, Tm",Hexagonal,6/mmm,Tm5In4,(0001),2
Tm5Mg24 (111),15.775155073395306,"Mg, Tm",Cubic,-43m,Tm5Mg24,(111),2
Tm5P12Ir19 (0001),12.622417033836438,"Ir, P, Tm",Hexagonal,-6m2,Tm5P12Ir19,(0001),3
Tm5Pb3 (0001),8.866533536652064,"Pb, Tm",Hexagonal,6/mmm,Tm5Pb3,(0001),2
Tm5Rh3 (0001),8.196161281097933,"Rh, Tm",Hexagonal,6/mmm,Tm5Rh3,(0001),2
Tm5Si3 (0001),8.279904271726252,"Si, Tm",Hexagonal,6/mmm,Tm5Si3,(0001),2
Tm5Sn3 (0001),8.839901008255975,"Sn, Tm",Hexagonal,6/mmm,Tm5Sn3,(0001),2
Tm5Tl3 (0001),8.82798449825363,"Tl, Tm",Hexagonal,6/mmm,Tm5Tl3,(0001),2
Tm6Al43Cr4 (0001),10.928689926351053,"Al, Cr, Tm",Hexagonal,6/mmm,Tm6Al43Cr4,(0001),3
Tm6Al43V4 (0001),10.967737683878244,"Al, Tm, V",Hexagonal,6/mmm,Tm6Al43V4,(0001),3
Tm6Al43W4 (0001),11.031376495930335,"Al, Tm, W",Hexagonal,6/mmm,Tm6Al43W4,(0001),3
Tm6Co30P19 (0001),14.635641330826948,"Co, P, Tm",Hexagonal,-6,Tm6Co30P19,(0001),3
Tm6FeBi2 (0001),8.192860904559913,"Bi, Fe, Tm",Hexagonal,-6m2,Tm6FeBi2,(0001),3
Tm6FeSb2 (0001),8.070000206893514,"Fe, Sb, Tm",Hexagonal,-6m2,Tm6FeSb2,(0001),3
Tm6Nb4Al43 (0001),11.114154127490874,"Al, Nb, Tm",Hexagonal,6/mmm,Tm6Nb4Al43,(0001),3
Tm6ReO12 (0001),9.615755064288608,"O, Re, Tm",Trigonal,-3,Tm6ReO12,(0001),3
Tm6Ta4Al43 (0001),11.107007961878864,"Al, Ta, Tm",Hexagonal,6/mmm,Tm6Ta4Al43,(0001),3
Tm6Ti4Al43 (0001),11.045708549586223,"Al, Ti, Tm",Hexagonal,6/mmm,Tm6Ti4Al43,(0001),3
Tm6WO12 (0001),9.604361573758794,"O, Tm, W",Trigonal,-3,Tm6WO12,(0001),3
Tm8Ga3Co (0001),9.79192222465616,"Co, Ga, Tm",Hexagonal,6mm,Tm8Ga3Co,(0001),3
Tm8In3Co (0001),10.145649454380143,"Co, In, Tm",Hexagonal,6mm,Tm8In3Co,(0001),3
TmAg (111),5.036336992871354,"Ag, Tm",Cubic,m-3m,TmAg,(111),2
TmAgGe (0001),7.048904994382004,"Ag, Ge, Tm",Hexagonal,-6m2,TmAgGe,(0001),3
TmAgPb (0001),7.4320124183494185,"Ag, Pb, Tm",Hexagonal,-6m2,TmAgPb,(0001),3
TmAgSn (0001),4.665598562931389,"Ag, Sn, Tm",Hexagonal,6mm,TmAgSn,(0001),3
TmAl2 (111),10.962116196807996,"Al, Tm",Cubic,m-3m,TmAl2,(111),2
TmAl3 (0001),6.145258074671817,"Al, Tm",Hexagonal,6/mmm,TmAl3,(0001),2
TmAl3Ni2 (0001),8.89713621301733,"Al, Ni, Tm",Hexagonal,6/mmm,TmAl3Ni2,(0001),3
TmAl7Au3 (0001),8.020980672350992,"Al, Au, Tm",Trigonal,-3m,TmAl7Au3,(0001),3
TmAlAg2 (111),9.50345435624829,"Ag, Al, Tm",Cubic,m-3m,TmAlAg2,(111),3
TmAlCu (0001),6.9025988914584415,"Al, Cu, Tm",Hexagonal,-6m2,TmAlCu,(0001),3
TmAlGa (0001),4.400828718351393,"Al, Ga, Tm",Hexagonal,-6m2,TmAlGa,(0001),3
TmAlNi (0001),6.8276397669193605,"Al, Ni, Tm",Hexagonal,-6m2,TmAlNi,(0001),3
TmAs (111),8.097809306046804,"As, Tm",Cubic,m-3m,TmAs,(111),2
TmB12 (111),10.548889302805499,"B, Tm",Cubic,m-3m,TmB12,(111),2
TmB2 (0001),3.2594620140418815,"B, Tm",Hexagonal,6/mmm,TmB2,(0001),2
TmB2Ir3 (0001),5.4133613107046035,"B, Ir, Tm",Hexagonal,6/mmm,TmB2Ir3,(0001),3
TmB2Ru3 (0001),5.451224739388787,"B, Ru, Tm",Hexagonal,6/mmm,TmB2Ru3,(0001),3
TmBPt2 (0001),5.270867102781892,"B, Pt, Tm",Hexagonal,622,TmBPt2,(0001),3
TmBRh3 (111),5.870398913491528,"B, Rh, Tm",Cubic,m-3m,TmBRh3,(111),3
TmBe13 (111),14.35685686843387,"Be, Tm",Cubic,m-3m,TmBe13,(111),2
TmBi (111),8.824811354371787,"Bi, Tm",Cubic,m-3m,TmBi,(111),2
TmBiPd (111),9.371463768004478,"Bi, Pd, Tm",Cubic,-43m,TmBiPd,(111),3
TmBiPt (111),9.39041793497981,"Bi, Pt, Tm",Cubic,-43m,TmBiPt,(111),3
TmBr3 (0001),9.976380347790881,"Br, Tm",Hexagonal,6/mmm,TmBr3,(0001),2
TmCd (111),5.194240046512902,"Cd, Tm",Cubic,m-3m,TmCd,(111),2
TmCd2 (0001),4.877074806136334,"Cd, Tm",Hexagonal,6/mmm,TmCd2,(0001),2
TmCdAg2 (111),6.876545600000001,"Ag, Cd, Tm",Cubic,m-3m,TmCdAg2,(111),3
TmCdAu (0001),7.631069469719965,"Au, Cd, Tm",Hexagonal,-6m2,TmCdAu,(0001),3
TmCdCu4 (111),10.034112709390296,"Cd, Cu, Tm",Cubic,-43m,TmCdCu4,(111),3
TmCdHg2 (111),10.016214281123547,"Cd, Hg, Tm",Cubic,m-3m,TmCdHg2,(111),3
TmCdNi4 (111),9.783762114494236,"Cd, Ni, Tm",Cubic,-43m,TmCdNi4,(111),3
TmCdPd2 (111),9.435770745691352,"Cd, Pd, Tm",Cubic,m-3m,TmCdPd2,(111),3
TmCdRh2 (111),9.239959301530597,"Cd, Rh, Tm",Cubic,m-3m,TmCdRh2,(111),3
TmCl3 (0001),6.472992506367804,"Cl, Tm",Trigonal,-3m,TmCl3,(0001),2
TmCo2 (111),10.011078506171584,"Co, Tm",Cubic,m-3m,TmCo2,(111),2
TmCo3B2 (0001),4.9396340065953,"B, Co, Tm",Hexagonal,6/mmm,TmCo3B2,(0001),3
TmCo5Si3 (0001),14.713634075350079,"Co, Si, Tm",Hexagonal,6/m,TmCo5Si3,(0001),3
TmCu (111),4.786387176659124,"Cu, Tm",Cubic,m-3m,TmCu,(111),2
TmCu4Ag (111),9.938706326941182,"Ag, Cu, Tm",Cubic,-43m,TmCu4Ag,(111),3
TmCu5 (111),9.777176736758477,"Cu, Tm",Cubic,-43m,TmCu5,(111),2
TmCuGe (0001),4.161500616790269,"Cu, Ge, Tm",Hexagonal,6/mmm,TmCuGe,(0001),3
TmCuPb (0001),4.534706304916204,"Cu, Pb, Tm",Hexagonal,6mm,TmCuPb,(0001),3
TmCuSi (0001),4.085152147002129,"Cu, Si, Tm",Hexagonal,6/mmm,TmCuSi,(0001),3
TmCuSn (0001),4.457443392260365,"Cu, Sn, Tm",Hexagonal,6/mmm,TmCuSn,(0001),3
TmFe2 (111),10.234822835589865,"Fe, Tm",Cubic,m-3m,TmFe2,(111),2
TmFe3 (0001),5.060521736550731,"Fe, Tm",Trigonal,-3m,TmFe3,(0001),2
TmFe4B (0001),5.030766056003845,"B, Fe, Tm",Hexagonal,6/mmm,TmFe4B,(0001),3
TmGa2Ni3 (0001),8.883290082625637,"Ga, Ni, Tm",Hexagonal,6/mmm,TmGa2Ni3,(0001),3
TmGa3 (0001),6.170914079709288,"Ga, Tm",Hexagonal,6/mmm,TmGa3,(0001),2
TmGa3Os (111),8.967124808731267,"Ga, Os, Tm",Cubic,m-3m,TmGa3Os,(111),3
TmGa3Ru (111),8.957234845594062,"Ga, Ru, Tm",Cubic,m-3m,TmGa3Ru,(111),3
TmGaRh2 (111),8.973522286623373,"Ga, Rh, Tm",Cubic,m-3m,TmGaRh2,(111),3
TmGeAu (0001),4.399421048115142,"Au, Ge, Tm",Hexagonal,6mm,TmGeAu,(0001),3
TmH2 (111),7.153797550192965,"H, Tm",Cubic,m-3m,TmH2,(111),2
TmH3 (0001),6.172245481052741,"H, Tm",Trigonal,-3m,TmH3,(0001),2
TmHfRu2 (111),9.252323714137882,"Hf, Ru, Tm",Cubic,m-3m,TmHfRu2,(111),3
TmHg (111),5.1539351438330305,"Hg, Tm",Cubic,m-3m,TmHg,(111),2
TmHg3 (0001),6.547236737611784,"Hg, Tm",Hexagonal,6/mmm,TmHg3,(0001),2
TmI3 (0001),10.980614356624724,"I, Tm",Hexagonal,6/mmm,TmI3,(0001),2
TmIn (111),5.227882263831313,"In, Tm",Cubic,m-3m,TmIn,(111),2
TmIn3 (111),6.484634572879747,"In, Tm",Cubic,m-3m,TmIn3,(111),2
TmInAg2 (111),9.73267116591429,"Ag, In, Tm",Cubic,m-3m,TmInAg2,(111),3
TmInAu (0001),7.602996621969563,"Au, In, Tm",Hexagonal,-6m2,TmInAu,(0001),3
TmInCu4 (111),10.075131606071404,"Cu, In, Tm",Cubic,-43m,TmInCu4,(111),3
TmInNi (0001),7.479362,"In, Ni, Tm",Hexagonal,-6m2,TmInNi,(0001),3
TmInNi4 (111),9.809838586386983,"In, Ni, Tm",Cubic,-43m,TmInNi4,(111),3
TmInPd (0001),7.654198734680422,"In, Pd, Tm",Hexagonal,-6m2,TmInPd,(0001),3
TmInPd2 (111),9.463834875415943,"In, Pd, Tm",Cubic,m-3m,TmInPd2,(111),3
TmInPt (0001),7.588933684679495,"In, Pt, Tm",Hexagonal,-6m2,TmInPt,(0001),3
TmInRh (0001),7.410934584647981,"In, Rh, Tm",Hexagonal,-6m2,TmInRh,(0001),3
TmInRh2 (111),9.251444723840326,"In, Rh, Tm",Cubic,m-3m,TmInRh2,(111),3
TmIr (111),4.746918102478887,"Ir, Tm",Cubic,m-3m,TmIr,(111),2
TmIr2 (111),10.595015829841039,"Ir, Tm",Cubic,m-3m,TmIr2,(111),2
TmLuAg2 (111),10.022702042409476,"Ag, Lu, Tm",Cubic,m-3m,TmLuAg2,(111),3
TmLuCo2 (111),9.2805358004678,"Co, Lu, Tm",Cubic,m-3m,TmLuCo2,(111),3
TmLuCu2 (111),9.534406541381166,"Cu, Lu, Tm",Cubic,m-3m,TmLuCu2,(111),3
TmLuRu2 (111),9.38594852900912,"Lu, Ru, Tm",Cubic,m-3m,TmLuRu2,(111),3
TmLuTl2 (111),10.502967808536258,"Lu, Tl, Tm",Cubic,m-3m,TmLuTl2,(111),3
TmMg (111),5.29901642820122,"Mg, Tm",Cubic,m-3m,TmMg,(111),2
TmMg2 (111),11.918929786707265,"Mg, Tm",Cubic,m-3m,TmMg2,(111),2
TmMgAg (0001),7.6007075860808255,"Ag, Mg, Tm",Hexagonal,-6m2,TmMgAg,(0001),3
TmMgAg2 (111),9.729439404407291,"Ag, Mg, Tm",Cubic,m-3m,TmMgAg2,(111),3
TmMgAu (0001),7.480812861185184,"Au, Mg, Tm",Hexagonal,-6m2,TmMgAu,(0001),3
TmMgAu2 (111),9.642206044975364,"Au, Mg, Tm",Cubic,m-3m,TmMgAu2,(111),3
TmMgCd2 (111),10.028266887924602,"Cd, Mg, Tm",Cubic,m-3m,TmMgCd2,(111),3
TmMgGa (0001),7.155219647513054,"Ga, Mg, Tm",Hexagonal,-6m2,TmMgGa,(0001),3
TmMgHg2 (111),9.973106242592632,"Hg, Mg, Tm",Cubic,m-3m,TmMgHg2,(111),3
TmMgIn (0001),7.414503817901752,"In, Mg, Tm",Hexagonal,-6m2,TmMgIn,(0001),3
TmMgPd (0001),7.29453608723584,"Mg, Pd, Tm",Hexagonal,-6m2,TmMgPd,(0001),3
TmMgPd2 (111),9.385747636111429,"Mg, Pd, Tm",Cubic,m-3m,TmMgPd2,(111),3
TmMgPt2 (111),9.355549877345535,"Mg, Pt, Tm",Cubic,m-3m,TmMgPt2,(111),3
TmMgRh2 (111),9.131968822536937,"Mg, Rh, Tm",Cubic,m-3m,TmMgRh2,(111),3
TmMgTl (0001),7.437843070420766,"Mg, Tl, Tm",Hexagonal,-6m2,TmMgTl,(0001),3
TmMgZn2 (111),9.482023929609511,"Mg, Tm, Zn",Cubic,m-3m,TmMgZn2,(111),3
TmMnO3 (0001),6.053202423557795,"Mn, O, Tm",Hexagonal,6mm,TmMnO3,(0001),3
TmN (111),6.767909199602452,"N, Tm",Cubic,m-3m,TmN,(111),2
TmNbRu2 (111),9.166535772406695,"Nb, Ru, Tm",Cubic,m-3m,TmNbRu2,(111),3
TmNi2 (111),9.938513584804364,"Ni, Tm",Cubic,m-3m,TmNi2,(111),2
TmNi3 (0001),4.879935105671674,"Ni, Tm",Trigonal,-3m,TmNi3,(0001),2
TmNi4Au (111),9.701104965830224,"Au, Ni, Tm",Cubic,-43m,TmNi4Au,(111),3
TmNi4B (0001),4.8965211767314605,"B, Ni, Tm",Hexagonal,6/mmm,TmNi4B,(0001),3
TmNi5 (0001),4.79307388585586,"Ni, Tm",Hexagonal,6/mmm,TmNi5,(0001),2
TmNiAs (0001),4.002568257485819,"As, Ni, Tm",Hexagonal,6/mmm,TmNiAs,(0001),3
TmNiBi (111),9.019644850975427,"Bi, Ni, Tm",Cubic,-43m,TmNiBi,(111),3
TmNiP (0001),3.8439475075170293,"Ni, P, Tm",Hexagonal,6/mmm,TmNiP,(0001),3
TmNiSb (111),8.838267274575362,"Ni, Sb, Tm",Cubic,-43m,TmNiSb,(111),3
TmOs2 (0001),5.248378801410587,"Os, Tm",Hexagonal,6/mmm,TmOs2,(0001),2
TmP (111),7.885188756055955,"P, Tm",Cubic,m-3m,TmP,(111),2
TmPPt (0001),4.084763776852976,"P, Pt, Tm",Hexagonal,-6m2,TmPPt,(0001),3
TmPaOs2 (111),9.640226516974195,"Os, Pa, Tm",Cubic,m-3m,TmPaOs2,(111),3
TmPaRu2 (111),9.58458498817878,"Pa, Ru, Tm",Cubic,m-3m,TmPaRu2,(111),3
TmPaTc2 (111),9.591010524067965,"Pa, Tc, Tm",Cubic,m-3m,TmPaTc2,(111),3
TmPb3 (111),6.833856128336522,"Pb, Tm",Cubic,m-3m,TmPb3,(111),2
TmPd (111),4.864150198402078,"Pd, Tm",Cubic,m-3m,TmPd,(111),2
TmPd3 (111),5.740311573859957,"Pd, Tm",Cubic,m-3m,TmPd3,(111),2
TmPt3 (111),5.747007875077795,"Pt, Tm",Cubic,m-3m,TmPt3,(111),2
TmRe2 (0001),5.40472007779427,"Re, Tm",Hexagonal,6/mmm,TmRe2,(0001),2
TmRh (111),4.741608084105567,"Rh, Tm",Cubic,m-3m,TmRh,(111),2
TmRh2 (111),10.52227379433538,"Rh, Tm",Cubic,m-3m,TmRh2,(111),2
TmRh2Pb (111),9.394400784635522,"Pb, Rh, Tm",Cubic,m-3m,TmRh2Pb,(111),3
TmRh3C (111),5.835089550515113,"C, Rh, Tm",Cubic,m-3m,TmRh3C,(111),3
TmRu2 (0001),5.242139981503431,"Ru, Tm",Hexagonal,6/mmm,TmRu2,(0001),2
TmRu3C (111),5.818430920852089,"C, Ru, Tm",Cubic,m-3m,TmRu3C,(111),3
TmS (111),7.64630578583175,"S, Tm",Cubic,m-3m,TmS,(111),2
TmSb (111),8.654114360742765,"Sb, Tm",Cubic,m-3m,TmSb,(111),2
TmSbPt (111),9.214501282695748,"Pt, Sb, Tm",Cubic,-43m,TmSbPt,(111),3
TmScRu2 (111),9.233549067432158,"Ru, Sc, Tm",Cubic,m-3m,TmScRu2,(111),3
TmSe (111),7.988241989423711,"Se, Tm",Cubic,m-3m,TmSe,(111),2
TmSi3Rh5 (0001),15.615212312860507,"Rh, Si, Tm",Hexagonal,6/m,TmSi3Rh5,(0001),3
TmSiAg (0001),6.939791405094958,"Ag, Si, Tm",Hexagonal,-6m2,TmSiAg,(0001),3
TmSnAu (111),9.36614230929568,"Au, Sn, Tm",Cubic,-43m,TmSnAu,(111),3
TmSnIr (0001),7.494118838037887,"Ir, Sn, Tm",Hexagonal,-6m2,TmSnIr,(0001),3
TmSnPd (0001),7.519418958365463,"Pd, Sn, Tm",Hexagonal,-6m2,TmSnPd,(0001),3
TmSnPd2 (111),9.46587375553993,"Pd, Sn, Tm",Cubic,m-3m,TmSnPd2,(111),3
TmSnPt (0001),7.424712500387713,"Pt, Sn, Tm",Hexagonal,-6m2,TmSnPt,(0001),3
TmSnRh (0001),7.537990530672348,"Rh, Sn, Tm",Hexagonal,-6m2,TmSnRh,(0001),3
TmSnRh2 (111),9.266627674303498,"Rh, Sn, Tm",Cubic,m-3m,TmSnRh2,(111),3
TmSnRu2 (111),9.218971580305386,"Ru, Sn, Tm",Cubic,m-3m,TmSnRu2,(111),3
TmTaOs2 (111),9.17990103623721,"Os, Ta, Tm",Cubic,m-3m,TmTaOs2,(111),3
TmTaRu2 (111),9.139735457147319,"Ru, Ta, Tm",Cubic,m-3m,TmTaRu2,(111),3
TmTc2 (0001),5.308984872036026,"Tc, Tm",Hexagonal,6/mmm,TmTc2,(0001),2
TmTe (0001),4.248724251883683,"Te, Tm",Hexagonal,6/mmm,TmTe,(0001),2
TmThRu2 (111),9.743090072533825,"Ru, Th, Tm",Cubic,m-3m,TmThRu2,(111),3
TmTl (111),5.255475889743453,"Tl, Tm",Cubic,m-3m,TmTl,(111),2
TmTl3 (111),6.639969400549887,"Tl, Tm",Cubic,m-3m,TmTl3,(111),2
TmTlRh2 (111),9.320524776013617,"Rh, Tl, Tm",Cubic,m-3m,TmTlRh2,(111),3
TmTlS2 (0001),3.9530565286393844,"S, Tl, Tm",Trigonal,-3m,TmTlS2,(0001),3
TmTlSe2 (0001),4.1111627445854015,"Se, Tl, Tm",Trigonal,-3m,TmTlSe2,(0001),3
TmTlTe2 (0001),4.405909462826838,"Te, Tl, Tm",Trigonal,-3m,TmTlTe2,(0001),3
TmZn (111),4.940885977839732,"Tm, Zn",Cubic,m-3m,TmZn,(111),2
TmZnGa (0001),4.329639132434361,"Ga, Tm, Zn",Hexagonal,6/mmm,TmZnGa,(0001),3
TmZnGe (0001),4.1578656583208335,"Ge, Tm, Zn",Hexagonal,6/mmm,TmZnGe,(0001),3
TmZnRh2 (111),8.971584983750095,"Rh, Tm, Zn",Cubic,m-3m,TmZnRh2,(111),3
TmZnSn (0001),4.421512909951519,"Sn, Tm, Zn",Hexagonal,6/mmm,TmZnSn,(0001),3
TmZrRu2 (111),9.311695737030314,"Ru, Tm, Zr",Cubic,m-3m,TmZrRu2,(111),3
U(AlC)3 (0001),3.3875680237952417,"Al, C, U",Hexagonal,6mm,U(AlC)3,(0001),3
U(AlC)3 (0001),3.391224929075344,"Al, C, U",Hexagonal,6/mmm,U(AlC)3,(0001),3
U(BiO3)2 (0001),3.8931548593981264,"Bi, O, U",Trigonal,-3m,U(BiO3)2,(0001),3
U(CuP)2 (0001),3.889439124879812,"Cu, P, U",Trigonal,-3m,U(CuP)2,(0001),3
U(FeP3)4 (111),10.937532908294076,"Fe, P, U",Cubic,m-3,U(FeP3)4,(111),3
U(Mo3S4)2 (0001),6.481809954358129,"Mo, S, U",Trigonal,-3,U(Mo3S4)2,(0001),3
U(OF)2 (0001),4.207837996988385,"F, O, U",Trigonal,-3m,U(OF)2,(0001),3
U11Ni16 (0001),11.706624376297054,"Ni, U",Trigonal,-3,U11Ni16,(0001),2
U2(Co7B2)3 (111),14.928755044625536,"B, Co, U",Cubic,m-3m,U2(Co7B2)3,(111),3
U2(Ni7B2)3 (111),14.90909724504257,"B, Ni, U",Cubic,m-3m,U2(Ni7B2)3,(111),3
U2Al3C4 (0001),3.3982179499447938,"Al, C, U",Hexagonal,6mm,U2Al3C4,(0001),3
U2AsN2 (0001),3.836720363924442,"As, N, U",Trigonal,-3m,U2AsN2,(0001),3
U2AsS (0001),4.159122537779998,"As, S, U",Trigonal,-3m,U2AsS,(0001),3
U2C3 (111),11.431854174862007,"C, U",Cubic,-43m,U2C3,(111),2
U2CN (0001),3.51597450022488,"C, N, U",Trigonal,-3m,U2CN,(0001),3
U2CS (0001),3.6446847722215825,"C, S, U",Trigonal,-3m,U2CS,(0001),3
U2Co12P7 (0001),8.94746591957687,"Co, P, U",Hexagonal,-6,U2Co12P7,(0001),3
U2Co3Ge (0001),5.180366,"Co, Ge, U",Hexagonal,6/mmm,U2Co3Ge,(0001),3
U2Co3Si (0001),5.129141882386076,"Co, Si, U",Hexagonal,6/mmm,U2Co3Si,(0001),3
U2Fe12P7 (0001),8.979161848084125,"Fe, P, U",Hexagonal,-6,U2Fe12P7,(0001),3
U2Fe3Ge (0001),5.185977279550657,"Fe, Ge, U",Hexagonal,6/mmm,U2Fe3Ge,(0001),3
U2Fe3Si (0001),5.113896298799392,"Fe, Si, U",Hexagonal,6/mmm,U2Fe3Si,(0001),3
U2Mn12P7 (0001),9.668843022108723,"Mn, P, U",Hexagonal,-6,U2Mn12P7,(0001),3
U2Mn3Si (0001),5.230406011599654,"Mn, Si, U",Hexagonal,6/mmm,U2Mn3Si,(0001),3
U2N3 (111),15.15294929292052,"N, U",Cubic,m-3,U2N3,(111),2
U2Ni12As7 (0001),9.37988414847902,"As, Ni, U",Hexagonal,-6,U2Ni12As7,(0001),3
U2Ni12P7 (0001),9.015875317831302,"Ni, P, U",Hexagonal,-6,U2Ni12P7,(0001),3
U2PN2 (0001),3.8151883070727046,"N, P, U",Trigonal,-3m,U2PN2,(0001),3
U2SN2 (0001),3.82002109506051,"N, S, U",Trigonal,-3m,U2SN2,(0001),3
U2SeN2 (0001),3.8439776775102743,"N, Se, U",Trigonal,-3m,U2SeN2,(0001),3
U2Ti (0001),4.759883995453946,"Ti, U",Hexagonal,6/mmm,U2Ti,(0001),2
U2Zn17 (0001),8.991989666330966,"U, Zn",Hexagonal,6/mmm,U2Zn17,(0001),2
U3(Al3Fe)4 (0001),8.723178163509496,"Al, Fe, U",Hexagonal,6/mmm,U3(Al3Fe)4,(0001),3
U3(Si3Pd10)2 (111),12.268231326753765,"Pd, Si, U",Cubic,m-3m,U3(Si3Pd10)2,(111),3
U3Co3Sb4 (111),13.176999921235183,"Co, Sb, U",Cubic,-43m,U3Co3Sb4,(111),3
U3Co7B2 (0001),4.937674882577049,"B, Co, U",Hexagonal,6/mmm,U3Co7B2,(0001),3
U3CrSb5 (0001),9.063508371219639,"Cr, Sb, U",Hexagonal,6/mmm,U3CrSb5,(0001),3
U3Cu2S7 (0001),9.75997224645797,"Cu, S, U",Hexagonal,6,U3Cu2S7,(0001),3
U3Cu2Se7 (0001),10.19364659825419,"Cu, Se, U",Hexagonal,6,U3Cu2Se7,(0001),3
U3Ge (111),6.064325324110723,"Ge, U",Cubic,m-3m,U3Ge,(111),2
U3NbSb5 (0001),9.280068489800701,"Nb, Sb, U",Hexagonal,6/mmm,U3NbSb5,(0001),3
U3Ni3Bi4 (111),13.565633586349902,"Bi, Ni, U",Cubic,-43m,U3Ni3Bi4,(111),3
U3Ni3Sb4 (111),13.32073340350989,"Ni, Sb, U",Cubic,-43m,U3Ni3Sb4,(111),3
U3P4 (111),11.724239404587339,"P, U",Cubic,-43m,U3P4,(111),2
U3Sb4 (0001),13.155773416324374,"Sb, U",Trigonal,3m,U3Sb4,(0001),2
U3Sb4Pd3 (111),13.76652332999178,"Pd, Sb, U",Cubic,-43m,U3Sb4Pd3,(111),3
U3Sb4Pt3 (111),13.802351016380943,"Pt, Sb, U",Cubic,-43m,U3Sb4Pt3,(111),3
U3Sb4Rh3 (111),13.573191850734004,"Rh, Sb, U",Cubic,-43m,U3Sb4Rh3,(111),3
U3TaSb5 (0001),9.282686503191924,"Sb, Ta, U",Hexagonal,6/mmm,U3TaSb5,(0001),3
U3TiGe5 (0001),8.570508591978335,"Ge, Ti, U",Hexagonal,6/mmm,U3TiGe5,(0001),3
U3TiSb5 (0001),9.257698905695772,"Sb, Ti, U",Hexagonal,6/mmm,U3TiSb5,(0001),3
U3VSb5 (0001),9.113118131772158,"Sb, U, V",Hexagonal,6/mmm,U3VSb5,(0001),3
U4As6Ru7 (111),11.809507645973456,"As, Ru, U",Cubic,m-3m,U4As6Ru7,(111),3
U4Be51B (0001),7.169783127059911,"B, Be, U",Trigonal,-3,U4Be51B,(0001),3
U4Ga12Ni (111),12.13321326886919,"Ga, Ni, U",Cubic,m-3m,U4Ga12Ni,(111),3
U4Ga12Pd (111),12.161990728438205,"Ga, Pd, U",Cubic,m-3m,U4Ga12Pd,(111),3
U4Ga12Rh (111),12.180661251625121,"Ga, Rh, U",Cubic,m-3m,U4Ga12Rh,(111),3
U4Ge6Os7 (111),11.796605861992678,"Ge, Os, U",Cubic,m-3m,U4Ge6Os7,(111),3
U4Re7Si6 (111),11.639001780483543,"Re, Si, U",Cubic,m-3m,U4Re7Si6,(111),3
U4Si6Tc7 (111),11.594258200275112,"Si, Tc, U",Cubic,m-3m,U4Si6Tc7,(111),3
U5PS4 (0001),3.8758041948331137,"P, S, U",Trigonal,-3m,U5PS4,(0001),3
U6Al43Cr4 (0001),10.910882004462472,"Al, Cr, U",Hexagonal,6/mmm,U6Al43Cr4,(0001),3
U6Al43Mo4 (0001),11.018912123813402,"Al, Mo, U",Hexagonal,6/mmm,U6Al43Mo4,(0001),3
U6Al43W4 (0001),11.012713528616949,"Al, U, W",Hexagonal,6/mmm,U6Al43W4,(0001),3
U6Fe30P19 (0001),14.628571,"Fe, P, U",Hexagonal,-6,U6Fe30P19,(0001),3
U6Nb4Al43 (0001),11.132639977835467,"Al, Nb, U",Hexagonal,6/mmm,U6Nb4Al43,(0001),3
U6P13Rh20 (0001),13.403335591704963,"P, Rh, U",Trigonal,-3,U6P13Rh20,(0001),3
U6Ta4Al43 (0001),11.13942181143368,"Al, Ta, U",Hexagonal,6/mmm,U6Ta4Al43,(0001),3
UAl2 (0001),5.582249325287712,"Al, U",Hexagonal,6/mmm,UAl2,(0001),2
UAl3 (111),6.0526411765112105,"Al, U",Cubic,m-3m,UAl3,(111),2
UAlIr (0001),6.911030392901552,"Al, Ir, U",Hexagonal,-6m2,UAlIr,(0001),3
UAlPt (0001),7.061973059271856,"Al, Pt, U",Hexagonal,-6m2,UAlPt,(0001),3
UAs (111),8.380477061913378,"As, U",Cubic,m-3m,UAs,(111),2
UAu2 (0001),4.769232169589763,"Au, U",Hexagonal,6/mmm,UAu2,(0001),2
UB12 (111),10.51955994536531,"B, U",Cubic,m-3m,UB12,(111),2
UB2 (0001),3.0857870628288513,"B, U",Hexagonal,6/mmm,UB2,(0001),2
UB2Ir3 (0001),5.428118571512671,"B, Ir, U",Hexagonal,6/mmm,UB2Ir3,(0001),3
UB2Os3 (0001),5.533246916409966,"B, Os, U",Hexagonal,6/mmm,UB2Os3,(0001),3
UB2Ru3 (0001),5.478122725568181,"B, Ru, U",Hexagonal,6/mmm,UB2Ru3,(0001),3
UBe13 (111),14.479807203096657,"Be, U",Cubic,m-3m,UBe13,(111),2
UBr3 (0001),8.016692797401575,"Br, U",Hexagonal,6/m,UBr3,(0001),2
UC (111),6.981073288154102,"C, U",Cubic,m-3m,UC,(111),2
UCl3 (0001),7.503980594290824,"Cl, U",Hexagonal,6/m,UCl3,(0001),2
UCl6 (0001),11.189720678782564,"Cl, U",Trigonal,-3m,UCl6,(0001),2
UCo (111),8.853287772880856,"Co, U",Cubic,23,UCo,(111),2
UCo2 (111),9.732485732272275,"Co, U",Cubic,m-3m,UCo2,(111),2
UCo3B2 (0001),4.959258077004362,"B, Co, U",Hexagonal,6/mmm,UCo3B2,(0001),3
UF3 (0001),7.122789873426129,"F, U",Hexagonal,6mm,UF3,(0001),2
UFe2 (111),10.06546362548256,"Fe, U",Cubic,m-3m,UFe2,(111),2
UFe3B2 (0001),5.067261620089159,"B, Fe, U",Hexagonal,6/mmm,UFe3B2,(0001),3
UGa3 (111),6.036828255986575,"Ga, U",Cubic,m-3m,UGa3,(111),2
UGaAu (0001),4.825688076851129,"Au, Ga, U",Hexagonal,6/mmm,UGaAu,(0001),3
UGaCo (0001),6.629256606186337,"Co, Ga, U",Hexagonal,-6m2,UGaCo,(0001),3
UGaFe (0001),6.562702303570535,"Fe, Ga, U",Hexagonal,-6m2,UGaFe,(0001),3
UGaNi (0001),6.615011260706602,"Ga, Ni, U",Hexagonal,-6m2,UGaNi,(0001),3
UGaPt (0001),7.051398378209041,"Ga, Pt, U",Hexagonal,-6m2,UGaPt,(0001),3
UGaRh (0001),6.876527333024448,"Ga, Rh, U",Hexagonal,-6m2,UGaRh,(0001),3
UGaRu (0001),6.8531701225565556,"Ga, Ru, U",Hexagonal,-6m2,UGaRu,(0001),3
UGe3 (111),5.963987508256456,"Ge, U",Cubic,m-3m,UGe3,(111),2
UH3 (111),9.429405130030803,"H, U",Cubic,m-3m,UH3,(111),2
UIn3 (111),6.5693173840098,"In, U",Cubic,m-3m,UIn3,(111),2
UIr3 (111),5.705201530143026,"Ir, U",Cubic,m-3m,UIr3,(111),2
UN (111),6.897654878033369,"N, U",Cubic,m-3m,UN,(111),2
UN2 (111),7.441185307173504,"N, U",Cubic,m-3m,UN2,(111),2
UNbC2 (0001),3.2759647625265145,"C, Nb, U",Trigonal,-3m,UNbC2,(0001),3
UNi5 (111),9.460742547096757,"Ni, U",Cubic,-43m,UNi5,(111),2
UNiAs (0001),4.058870587140996,"As, Ni, U",Hexagonal,6/mmm,UNiAs,(0001),3
UO2 (111),7.713134967887028,"O, U",Cubic,m-3m,UO2,(111),2
UO3 (111),5.848361718523814,"O, U",Cubic,m-3m,UO3,(111),2
UOs2 (0001),5.3835825972734295,"Os, U",Hexagonal,6/mmm,UOs2,(0001),2
UP (111),8.077143914727367,"P, U",Cubic,m-3m,UP,(111),2
UPd3 (0001),5.843165885477703,"Pd, U",Hexagonal,6/mmm,UPd3,(0001),2
UPdPt4 (111),10.598250447301146,"Pd, Pt, U",Cubic,-43m,UPdPt4,(111),3
UPt3 (0001),5.798690103235126,"Pt, U",Hexagonal,6/mmm,UPt3,(0001),2
UPt4Au (111),7.525894193650566,"Au, Pt, U",Cubic,-43m,UPt4Au,(111),3
UPt5 (111),10.553625442745048,"Pt, U",Cubic,-43m,UPt5,(111),2
UReB3 (0001),5.05987997432938,"B, Re, U",Hexagonal,6/mmm,UReB3,(0001),3
URh3 (111),5.652215190601594,"Rh, U",Cubic,m-3m,URh3,(111),2
URu3 (111),5.616073817502163,"Ru, U",Cubic,m-3m,URu3,(111),2
US (111),7.936305726802751,"S, U",Cubic,m-3m,US,(111),2
US2 (0001),7.287056373075732,"S, U",Hexagonal,-6m2,US2,(0001),2
USb (111),5.30822052604494,"Sb, U",Cubic,m-3m,USb,(111),2
USbRu (0001),7.380651807194742,"Ru, Sb, U",Hexagonal,-6m2,USbRu,(0001),3
USe (111),8.36231295940582,"Se, U",Cubic,m-3m,USe,(111),2
USi2 (0001),4.050584783591655,"Si, U",Hexagonal,6/mmm,USi2,(0001),2
USi3 (111),5.664028823594876,"Si, U",Cubic,m-3m,USi3,(111),2
USn3 (111),6.61428202138274,"Sn, U",Cubic,m-3m,USn3,(111),2
USnAu (0001),5.0877089236329835,"Au, Sn, U",Hexagonal,6/mmm,USnAu,(0001),3
USnIr (0001),7.390165338337511,"Ir, Sn, U",Hexagonal,-6m2,USnIr,(0001),3
USnPd (0001),4.9571037259173805,"Pd, Sn, U",Hexagonal,6/mmm,USnPd,(0001),3
USnRh (0001),7.390149793048307,"Rh, Sn, U",Hexagonal,-6m2,USnRh,(0001),3
UTaC2 (0001),3.238042233116751,"C, Ta, U",Trigonal,-3m,UTaC2,(0001),3
UTc2Sn (111),9.377301415315785,"Sn, Tc, U",Cubic,m-3m,UTc2Sn,(111),3
UTlO3 (111),6.116850351902155,"O, Tl, U",Cubic,m-3m,UTlO3,(111),3
UZnNi4 (111),11.828471052896516,"Ni, U, Zn",Cubic,-43m,UZnNi4,(111),3
V (111),4.2177493581515435,V,Cubic,m-3m,V,(111),1
V10Si6B (0001),7.113979706652926,"B, Si, V",Trigonal,-3m,V10Si6B,(0001),3
V12P7 (0001),9.275541804790336,"P, V",Hexagonal,-6,V12P7,(0001),2
V2(Co7B2)3 (111),14.723216177520182,"B, Co, V",Cubic,m-3m,V2(Co7B2)3,(111),3
V2AsC (0001),3.114311322972304,"As, C, V",Hexagonal,6/mmm,V2AsC,(0001),3
V2CdO4 (111),15.348488360412304,"Cd, O, V",Cubic,m-3m,V2CdO4,(111),3
V2CoO4 (111),14.8103635576609,"Co, O, V",Cubic,m-3m,V2CoO4,(111),3
V2CrFe (111),8.10959549443995,"Cr, Fe, V",Cubic,m-3m,V2CrFe,(111),3
V2CrOs (111),8.436239955145107,"Cr, Os, V",Cubic,m-3m,V2CrOs,(111),3
V2Cu3Sb4 (0001),8.566567193416574,"Cu, Sb, V",Hexagonal,6/mmm,V2Cu3Sb4,(0001),3
V2GaC (0001),2.9192980558165145,"C, Ga, V",Hexagonal,6/mmm,V2GaC,(0001),3
V2GaN (0001),2.9081484800966106,"Ga, N, V",Hexagonal,6/mmm,V2GaN,(0001),3
V2GeC (0001),3.005290109309714,"C, Ge, V",Hexagonal,6/mmm,V2GeC,(0001),3
V2InC (0001),3.0105919368066845,"C, In, V",Hexagonal,6/mmm,V2InC,(0001),3
V2MoOs (111),8.570236350768761,"Mo, Os, V",Cubic,m-3m,V2MoOs,(111),3
V2MoRu (111),8.550012785699783,"Mo, Ru, V",Cubic,m-3m,V2MoRu,(111),3
V2MoW (111),8.67044820262097,"Mo, V, W",Cubic,m-3m,V2MoW,(111),3
V2N (0001),4.887219080328083,"N, V",Trigonal,-3m,V2N,(0001),2
V2O3 (111),13.539836209651872,"O, V",Cubic,m-3,V2O3,(111),2
V2OF5 (0001),5.090760297039964,"F, O, V",Trigonal,3,V2OF5,(0001),3
V2OsW (111),8.58838913948678,"Os, V, W",Cubic,m-3m,V2OsW,(111),3
V2PC (0001),3.0702551587705558,"C, P, V",Hexagonal,6/mmm,V2PC,(0001),3
V2ReMo (111),8.603977393330853,"Mo, Re, V",Cubic,m-3m,V2ReMo,(111),3
V2ReOs (111),8.531570450896945,"Os, Re, V",Cubic,m-3m,V2ReOs,(111),3
V2ReRu (111),8.516928023083388,"Re, Ru, V",Cubic,m-3m,V2ReRu,(111),3
V2ReTc (111),8.538406730973184,"Re, Tc, V",Cubic,m-3m,V2ReTc,(111),3
V2ReW (111),8.617831997960591,"Re, V, W",Cubic,m-3m,V2ReW,(111),3
V2SnO7 (111),12.434764669128981,"O, Sn, V",Cubic,m-3,V2SnO7,(111),3
V2TcOs (111),8.505592158576714,"Os, Tc, V",Cubic,m-3m,V2TcOs,(111),3
V2TcRu (111),8.48477098456391,"Ru, Tc, V",Cubic,m-3m,V2TcRu,(111),3
V2ZnO4 (0001),6.067066621427937,"O, V, Zn",Trigonal,3m,V2ZnO4,(0001),3
V3(Ni10B3)2 (111),14.731183856730594,"B, Ni, V",Cubic,m-3m,V3(Ni10B3)2,(111),3
V3As (111),6.662155993038329,"As, V",Cubic,m-3m,V3As,(111),2
V3Au (111),6.863448523558955,"Au, V",Cubic,m-3m,V3Au,(111),2
V3Co (111),6.534407847491738,"Co, V",Cubic,m-3m,V3Co,(111),2
V3Fe (111),6.532203159258678,"Fe, V",Cubic,m-3m,V3Fe,(111),2
V3Ga (111),6.7377445294358695,"Ga, V",Cubic,m-3m,V3Ga,(111),2
V3Ge (111),6.703625326167141,"Ge, V",Cubic,m-3m,V3Ge,(111),2
V3Ir (111),6.735497773063373,"Ir, V",Cubic,m-3m,V3Ir,(111),2
V3Mo (111),8.553409952950775,"Mo, V",Cubic,m-3m,V3Mo,(111),2
V3Ni (111),6.561534575510308,"Ni, V",Cubic,m-3m,V3Ni,(111),2
V3Os (111),8.444592385297298,"Os, V",Cubic,m-3m,V3Os,(111),2
V3Pd (111),9.62565148491355,"Pd, V",Cubic,m-3m,V3Pd,(111),2
V3Pt (111),6.771377643932985,"Pt, V",Cubic,m-3m,V3Pt,(111),2
V3Re (111),8.48937888361627,"Re, V",Cubic,m-3m,V3Re,(111),2
V3Rh (111),6.721478645735296,"Rh, V",Cubic,m-3m,V3Rh,(111),2
V3Ru (111),8.419324122461491,"Ru, V",Cubic,m-3m,V3Ru,(111),2
V3Sb (111),6.943259137978417,"Sb, V",Cubic,m-3m,V3Sb,(111),2
V3Si (111),6.623695111706708,"Si, V",Cubic,m-3m,V3Si,(111),2
V3Si2Mo3 (0001),6.761805341446162,"Mo, Si, V",Trigonal,32,V3Si2Mo3,(0001),3
V3Sn (111),6.984218552837088,"Sn, V",Cubic,m-3m,V3Sn,(111),2
V3Zn2N (111),9.302783080317527,"N, V, Zn",Cubic,432,V3Zn2N,(111),3
V4Co2N (111),15.295851047914924,"Co, N, V",Cubic,m-3m,V4Co2N,(111),3
V4GaS8 (111),13.729887102459312,"Ga, S, V",Cubic,-43m,V4GaS8,(111),3
V4GaSe8 (111),14.431449665726264,"Ga, Se, V",Cubic,-43m,V4GaSe8,(111),3
V4Ni2N (111),15.253061819917436,"N, Ni, V",Cubic,m-3m,V4Ni2N,(111),3
V4P2C (0001),9.501210251994785,"C, P, V",Hexagonal,-6m2,V4P2C,(0001),3
V5Ge3B (0001),7.3063640508655014,"B, Ge, V",Hexagonal,6/mmm,V5Ge3B,(0001),3
V5Si3B (0001),7.208738412151107,"B, Si, V",Hexagonal,6/mmm,V5Si3B,(0001),3
V6C5 (0001),5.090430213983273,"C, V",Trigonal,32,V6C5,(0001),2
V6FeNi (111),6.547416632366585,"Fe, Ni, V",Cubic,m-3,V6FeNi,(111),3
V6Ga5 (0001),8.417409654087368,"Ga, V",Hexagonal,6/mmm,V6Ga5,(0001),2
V6SiGe (111),6.661554622291155,"Ge, Si, V",Cubic,m-3,V6SiGe,(111),3
V8Ga41 (0001),13.843509701320642,"Ga, V",Trigonal,-3,V8Ga41,(0001),2
VAuS2 (0001),3.2240909868646668,"Au, S, V",Hexagonal,6/mmm,VAuS2,(0001),3
VB2 (0001),2.9875467056901623,"B, V",Hexagonal,6/mmm,VB2,(0001),2
VBO3 (0001),4.629714681951814,"B, O, V",Trigonal,-3m,VBO3,(0001),3
VBr2 (0001),3.8235560336088374,"Br, V",Trigonal,-3m,VBr2,(0001),2
VBr3 (0001),9.942683599116378,"Br, V",Hexagonal,6/mmm,VBr3,(0001),2
VCl2 (0001),3.6387906923434383,"Cl, V",Trigonal,-3m,VCl2,(0001),2
VCl3 (0001),6.050750254929075,"Cl, V",Trigonal,-3,VCl3,(0001),2
VCo (111),4.087682096825279,"Co, V",Cubic,m-3m,VCo,(111),2
VCo2Ni (0001),5.0127389879337425,"Co, Ni, V",Trigonal,-3m,VCo2Ni,(0001),3
VCoSb (111),8.224054292273882,"Co, Sb, V",Cubic,-43m,VCoSb,(111),3
VCu3S4 (111),7.59416357312988,"Cu, S, V",Cubic,-43m,VCu3S4,(111),3
VCu3Se4 (111),7.884481733642388,"Cu, Se, V",Cubic,-43m,VCu3Se4,(111),3
VCu3Te4 (111),8.337091535323202,"Cu, Te, V",Cubic,-43m,VCu3Te4,(111),3
VCuRh2 (111),8.378600994404824,"Cu, Rh, V",Cubic,m-3m,VCuRh2,(111),3
VF3 (0001),5.051964150945451,"F, V",Trigonal,-3m,VF3,(0001),2
VFe2Si (111),7.903435777958141,"Fe, Si, V",Cubic,m-3m,VFe2Si,(111),3
VFe3 (111),8.18123341133809,"Fe, V",Cubic,m-3m,VFe3,(111),2
VFeSb (111),8.137159194185763,"Fe, Sb, V",Cubic,-43m,VFeSb,(111),3
VGaCo2 (111),8.089115292067925,"Co, Ga, V",Cubic,m-3m,VGaCo2,(111),3
VGaFe2 (111),8.010086414358843,"Fe, Ga, V",Cubic,m-3m,VGaFe2,(111),3
VGaOs2 (111),8.51782590727414,"Ga, Os, V",Cubic,m-3m,VGaOs2,(111),3
VGaRu2 (111),8.45874815661524,"Ga, Ru, V",Cubic,m-3m,VGaRu2,(111),3
VGaTc2 (111),8.54955333599764,"Ga, Tc, V",Cubic,m-3m,VGaTc2,(111),3
VGeRu2 (111),8.471650873740671,"Ge, Ru, V",Cubic,m-3m,VGeRu2,(111),3
VH2 (111),5.932848366539797,"H, V",Cubic,m-3m,VH2,(111),2
VI2 (0001),4.116368138990254,"I, V",Trigonal,-3m,VI2,(0001),2
VI3 (0001),10.631252821287505,"I, V",Hexagonal,6/mmm,VI3,(0001),2
VIr3 (0001),5.434349836272918,"Ir, V",Hexagonal,6/mmm,VIr3,(0001),2
VN (0001),2.7338961659082637,"N, V",Hexagonal,-6m2,VN,(0001),2
VOs (111),4.266079282874496,"Os, V",Cubic,m-3m,VOs,(111),2
VP (0001),3.152502140061806,"P, V",Hexagonal,6/mmm,VP,(0001),2
VPd3 (111),5.502267858994787,"Pd, V",Cubic,m-3m,VPd3,(111),2
VPt3 (111),5.5170998409231755,"Pt, V",Cubic,m-3m,VPt3,(111),2
VRh3 (0001),5.388544628338441,"Rh, V",Hexagonal,6/mmm,VRh3,(0001),2
VRu (111),4.24664526380936,"Ru, V",Cubic,m-3m,VRu,(111),2
VS2 (0001),3.1878180819021256,"S, V",Hexagonal,6/mmm,VS2,(0001),2
VSe2 (0001),3.426309221603821,"Se, V",Trigonal,-3m,VSe2,(0001),2
VSi2 (0001),4.534799579779968,"Si, V",Hexagonal,622,VSi2,(0001),2
VSiOs2 (111),8.414817363249465,"Os, Si, V",Cubic,m-3m,VSiOs2,(111),3
VSiRu2 (111),8.353630310386816,"Ru, Si, V",Cubic,m-3m,VSiRu2,(111),3
VSiTc2 (111),8.420986162808537,"Si, Tc, V",Cubic,m-3m,VSiTc2,(111),3
VSnRu2 (111),8.780842476975137,"Ru, Sn, V",Cubic,m-3m,VSnRu2,(111),3
VTc (111),4.255536221772056,"Tc, V",Cubic,m-3m,VTc,(111),2
VTc2Ge (111),8.530894400245588,"Ge, Tc, V",Cubic,m-3m,VTc2Ge,(111),3
VW3 (111),8.839160175372546,"V, W",Cubic,m-3m,VW3,(111),2
VZn3 (111),5.353478801293881,"V, Zn",Cubic,m-3m,VZn3,(111),2
VZnCo2 (111),8.046540764963954,"Co, V, Zn",Cubic,m-3m,VZnCo2,(111),3
VZnRh2 (111),8.47843628461875,"Rh, V, Zn",Cubic,m-3m,VZnRh2,(111),3
VZnRu2 (111),8.44483622399972,"Ru, V, Zn",Cubic,m-3m,VZnRu2,(111),3
W (111),4.483503262105928,W,Cubic,m-3m,W,(111),1
W6CCl18 (0001),9.105421176311944,"C, Cl, W",Hexagonal,-6m2,W6CCl18,(0001),3
WBr6 (0001),6.560466142204654,"Br, W",Trigonal,-3,WBr6,(0001),2
WC (0001),2.916594433680831,"C, W",Hexagonal,-6m2,WC,(0001),2
WCl6 (0001),6.235553871059807,"Cl, W",Trigonal,-3,WCl6,(0001),2
WS2 (0001),3.1842228922230635,"S, W",Hexagonal,6/mmm,WS2,(0001),2
WSe2 (0001),3.3199329218010147,"Se, W",Hexagonal,6/mmm,WSe2,(0001),2
Xe (0001),5.057318283139685,Xe,Trigonal,-3m,Xe,(0001),1
Y (0001),3.642569392054506,Y,Hexagonal,6/mmm,Y,(0001),1
Y(AlC)3 (0001),3.41735247411701,"Al, C, Y",Hexagonal,6/mmm,Y(AlC)3,(0001),3
Y(AlCl4)3 (0001),10.62051568676048,"Al, Cl, Y",Trigonal,32,Y(AlCl4)3,(0001),3
Y(AlGe)2 (0001),4.290855740208939,"Al, Ge, Y",Trigonal,-3m,Y(AlGe)2,(0001),3
Y(AlSi)2 (0001),4.1773548090591275,"Al, Si, Y",Trigonal,-3m,Y(AlSi)2,(0001),3
Y(BH4)3 (111),15.314286735914019,"B, H, Y",Cubic,m-3,Y(BH4)3,(111),3
Y(ClO4)3 (0001),9.447446330439929,"Cl, O, Y",Hexagonal,6/m,Y(ClO4)3,(0001),3
Y(Co2B)6 (0001),9.34515577675758,"B, Co, Y",Trigonal,-3m,Y(Co2B)6,(0001),3
Y(CuS)3 (0001),6.648537415365856,"Cu, S, Y",Trigonal,-3,Y(CuS)3,(0001),3
Y(MnGe)6 (0001),5.1634150536714785,"Ge, Mn, Y",Hexagonal,6/mmm,Y(MnGe)6,(0001),3
Y(MnSn)6 (0001),5.687639261641968,"Mn, Sn, Y",Hexagonal,6/mmm,Y(MnSn)6,(0001),3
Y(Mo3S4)2 (0001),9.137574351033791,"Mo, S, Y",Trigonal,-3,Y(Mo3S4)2,(0001),3
Y(VSn)6 (0001),5.4788332654026375,"Sn, V, Y",Hexagonal,6/mmm,Y(VSn)6,(0001),3
Y(ZnP)3 (0001),3.9722835938084664,"P, Y, Zn",Hexagonal,6/mmm,Y(ZnP)3,(0001),3
Y10Cd3Ni (0001),9.643365595569984,"Cd, Ni, Y",Hexagonal,6/mmm,Y10Cd3Ni,(0001),3
Y10Cd3Ru (0001),9.63869785822893,"Cd, Ru, Y",Hexagonal,6/mmm,Y10Cd3Ru,(0001),3
Y10Mn13C18 (111),14.280988768138991,"C, Mn, Y",Cubic,-43m,Y10Mn13C18,(111),3
Y12(MnC3)5 (0001),10.486324454857632,"C, Mn, Y",Hexagonal,-6m2,Y12(MnC3)5,(0001),3
Y12(OsC3)5 (0001),10.719101359580018,"C, Os, Y",Hexagonal,-6m2,Y12(OsC3)5,(0001),3
Y12InNi6 (111),13.763309727661188,"In, Ni, Y",Cubic,m-3,Y12InNi6,(111),3
Y12Ni6Pb (111),13.795525681942925,"Ni, Pb, Y",Cubic,m-3,Y12Ni6Pb,(111),3
Y14Ag51 (0001),12.660995035621514,"Ag, Y",Hexagonal,-6,Y14Ag51,(0001),2
Y2(B2Rh3)3 (0001),5.573825820665878,"B, Rh, Y",Hexagonal,6/mmm,Y2(B2Rh3)3,(0001),3
Y2(CN2)3 (0001),6.516291949871106,"C, N, Y",Trigonal,-3m,Y2(CN2)3,(0001),3
Y2AgHg (111),10.369859765304003,"Ag, Hg, Y",Cubic,m-3m,Y2AgHg,(111),3
Y2AgRu (111),9.892776262535271,"Ag, Ru, Y",Cubic,m-3m,Y2AgRu,(111),3
Y2As7Rh12 (0001),9.88822576458574,"As, Rh, Y",Trigonal,-3,Y2As7Rh12,(0001),3
Y2AsS (0001),4.028612242847788,"As, S, Y",Trigonal,-3m,Y2AsS,(0001),3
Y2C (0001),3.6202660128110558,"C, Y",Trigonal,-3m,Y2C,(0001),2
Y2CI2 (0001),3.8781929713460928,"C, I, Y",Trigonal,-3m,Y2CI2,(0001),3
Y2CdS4 (111),15.916578989584657,"Cd, S, Y",Cubic,m-3m,Y2CdS4,(111),3
Y2Co17 (0001),8.317484242673046,"Co, Y",Trigonal,-3m,Y2Co17,(0001),2
Y2Co2I (0001),3.98464179517988,"Co, I, Y",Hexagonal,6/mmm,Y2Co2I,(0001),3
Y2CuRu (111),9.679862337784943,"Cu, Ru, Y",Cubic,m-3m,Y2CuRu,(111),3
Y2Fe2O7 (111),14.106820061877663,"Fe, O, Y",Cubic,m-3m,Y2Fe2O7,(111),3
Y2Ga3Ag (0001),4.461574019999192,"Ag, Ga, Y",Trigonal,3m,Y2Ga3Ag,(0001),3
Y2Ga3Cu (0001),4.333678195679969,"Cu, Ga, Y",Trigonal,3m,Y2Ga3Cu,(0001),3
Y2Ge2O7 (111),14.029236070051041,"Ge, O, Y",Cubic,m-3m,Y2Ge2O7,(111),3
Y2GeI2 (0001),4.244102594470408,"Ge, I, Y",Trigonal,-3m,Y2GeI2,(0001),3
Y2GeRh3 (0001),5.577174100594707,"Ge, Rh, Y",Trigonal,-3m,Y2GeRh3,(0001),3
Y2In (0001),5.394185826132892,"In, Y",Hexagonal,6/mmm,Y2In,(0001),2
Y2Ir2O7 (111),14.40468193913819,"Ir, O, Y",Cubic,m-3m,Y2Ir2O7,(111),3
Y2IrPd (111),9.764627385433648,"Ir, Pd, Y",Cubic,m-3m,Y2IrPd,(111),3
Y2IrRh (111),9.666645126115275,"Ir, Rh, Y",Cubic,m-3m,Y2IrRh,(111),3
Y2MgAl (111),10.410903990674013,"Al, Mg, Y",Cubic,m-3m,Y2MgAl,(111),3
Y2Mn2O7 (111),14.002551642372142,"Mn, O, Y",Cubic,m-3m,Y2Mn2O7,(111),3
Y2Ni12As7 (0001),9.352654903432393,"As, Ni, Y",Hexagonal,-6,Y2Ni12As7,(0001),3
Y2Ni12P7 (0001),9.018883430341475,"Ni, P, Y",Hexagonal,-6,Y2Ni12P7,(0001),3
Y2Ni7 (0001),4.937884031918176,"Ni, Y",Trigonal,-3m,Y2Ni7,(0001),2
Y2NiRu3 (0001),5.217377841494194,"Ni, Ru, Y",Trigonal,-3m,Y2NiRu3,(0001),3
Y2O3 (111),15.001729074128997,"O, Y",Cubic,m-3,Y2O3,(111),2
Y2P7Rh12 (0001),9.519710054297445,"P, Rh, Y",Trigonal,-3,Y2P7Rh12,(0001),3
Y2PS (0001),3.9677296804861353,"P, S, Y",Trigonal,-3m,Y2PS,(0001),3
Y2Pb2O7 (111),15.092731655170605,"O, Pb, Y",Cubic,m-3m,Y2Pb2O7,(111),3
Y2PdRu (111),9.73777073449313,"Pd, Ru, Y",Cubic,m-3m,Y2PdRu,(111),3
Y2Pt2O7 (111),14.418215425528945,"O, Pt, Y",Cubic,m-3m,Y2Pt2O7,(111),3
Y2SO2 (0001),3.7912940397697836,"O, S, Y",Trigonal,-3m,Y2SO2,(0001),3
Y2Si3Pd (0001),8.226577768678478,"Pd, Si, Y",Hexagonal,6/mmm,Y2Si3Pd,(0001),3
Y2Si3Pd (0001),8.122425305097295,"Pd, Si, Y",Hexagonal,6/mmm,Y2Si3Pd,(0001),3
Y2Si3Rh (0001),8.180485700657046,"Rh, Si, Y",Hexagonal,6/mmm,Y2Si3Rh,(0001),3
Y2Sn2O7 (111),14.713202555549088,"O, Sn, Y",Cubic,m-3m,Y2Sn2O7,(111),3
Y2TlAg (111),10.491270645458638,"Ag, Tl, Y",Cubic,m-3m,Y2TlAg,(111),3
Y2TlCd (111),10.613571386497657,"Cd, Tl, Y",Cubic,m-3m,Y2TlCd,(111),3
Y2TlHg (111),10.577471294292112,"Hg, Tl, Y",Cubic,m-3m,Y2TlHg,(111),3
Y2Zn17 (0001),8.870590809270034,"Y, Zn",Trigonal,-3m,Y2Zn17,(0001),2
Y2ZnRu (111),9.81004994515932,"Ru, Y, Zn",Cubic,m-3m,Y2ZnRu,(111),3
Y3(Al3Os)4 (0001),8.783441833240598,"Al, Os, Y",Hexagonal,6/mmm,Y3(Al3Os)4,(0001),3
Y3(AlNi3)2 (111),12.561793129787398,"Al, Ni, Y",Cubic,m-3m,Y3(AlNi3)2,(111),3
Y3(GaNi3)2 (111),12.596759410302,"Ga, Ni, Y",Cubic,m-3m,Y3(GaNi3)2,(111),3
Y3(SiNi3)2 (111),12.416492435933428,"Ni, Si, Y",Cubic,m-3m,Y3(SiNi3)2,(111),3
Y3Al7Cu2 (0001),5.472353556044292,"Al, Cu, Y",Trigonal,-3m,Y3Al7Cu2,(0001),3
Y3AlC (111),6.910397396840808,"Al, C, Y",Cubic,m-3m,Y3AlC,(111),3
Y3BBr3 (111),15.877267492077893,"B, Br, Y",Cubic,432,Y3BBr3,(111),3
Y3BCl3 (111),15.381003643709086,"B, Cl, Y",Cubic,432,Y3BCl3,(111),3
Y3CBr3 (0001),6.552476942863433,"Br, C, Y",Trigonal,-3,Y3CBr3,(0001),3
Y3GaC (111),6.864997473961459,"C, Ga, Y",Cubic,m-3m,Y3GaC,(111),3
Y3GeS2 (0001),4.027487196198009,"Ge, S, Y",Trigonal,-3m,Y3GeS2,(0001),3
Y3InC (111),6.955539885711351,"C, In, Y",Cubic,m-3m,Y3InC,(111),3
Y3Ni7B2 (0001),5.078587903284533,"B, Ni, Y",Hexagonal,6/mmm,Y3Ni7B2,(0001),3
Y3PbC (111),6.943130840524036,"C, Pb, Y",Cubic,m-3m,Y3PbC,(111),3
Y3Pd4 (0001),13.214218901309014,"Pd, Y",Trigonal,-3,Y3Pd4,(0001),2
Y3Sb4Au3 (111),14.006284342307538,"Au, Sb, Y",Cubic,-43m,Y3Sb4Au3,(111),3
Y3Sb5O12 (111),15.222567331767218,"O, Sb, Y",Cubic,-43m,Y3Sb5O12,(111),3
Y3SnC (111),6.9111427251005395,"C, Sn, Y",Cubic,m-3m,Y3SnC,(111),3
Y3TlC (111),6.9434092426059255,"C, Tl, Y",Cubic,m-3m,Y3TlC,(111),3
Y3TlF10 (0001),8.193466897142459,"F, Tl, Y",Hexagonal,6mm,Y3TlF10,(0001),3
Y3Tm (0001),7.227336261308025,"Tm, Y",Hexagonal,6/mmm,Y3Tm,(0001),2
Y4Ga12Pt (111),12.12579894078003,"Ga, Pt, Y",Cubic,m-3m,Y4Ga12Pt,(111),3
Y4Si5Ir9 (0001),5.529450214410457,"Ir, Si, Y",Hexagonal,6/mmm,Y4Si5Ir9,(0001),3
Y5Co19P12 (0001),11.892675350727666,"Co, P, Y",Hexagonal,-6m2,Y5Co19P12,(0001),3
Y5Ge3 (0001),8.493201557987309,"Ge, Y",Hexagonal,6/mmm,Y5Ge3,(0001),2
Y5P12Ru19 (0001),12.448596195247415,"P, Ru, Y",Hexagonal,-6m2,Y5P12Ru19,(0001),3
Y5Pb3 (0001),9.033538827046918,"Pb, Y",Hexagonal,6/mmm,Y5Pb3,(0001),2
Y5Sb3 (0001),8.98273727120085,"Sb, Y",Hexagonal,6/mmm,Y5Sb3,(0001),2
Y5Si3 (0001),8.452665203619508,"Si, Y",Hexagonal,6/mmm,Y5Si3,(0001),2
Y5Si3H (0001),8.474792362089934,"H, Si, Y",Hexagonal,6/mmm,Y5Si3H,(0001),3
Y5Sn3 (0001),8.955340561281819,"Sn, Y",Hexagonal,6/mmm,Y5Sn3,(0001),2
Y5Tl3 (0001),8.999752794684206,"Tl, Y",Hexagonal,6/mmm,Y5Tl3,(0001),2
Y6Al43Cr4 (0001),10.918247942487842,"Al, Cr, Y",Hexagonal,6/mmm,Y6Al43Cr4,(0001),3
Y6Al43W4 (0001),11.070698127467864,"Al, W, Y",Hexagonal,6/mmm,Y6Al43W4,(0001),3
Y6MnBi2 (0001),8.283530488142278,"Bi, Mn, Y",Hexagonal,-6m2,Y6MnBi2,(0001),3
Y6Ni20P13 (0001),12.647635936071216,"Ni, P, Y",Hexagonal,-6,Y6Ni20P13,(0001),3
Y6Ta4Al43 (0001),11.033534197559465,"Al, Ta, Y",Hexagonal,6/mmm,Y6Ta4Al43,(0001),3
Y6TeO12 (0001),9.78007842521468,"O, Te, Y",Trigonal,-3,Y6TeO12,(0001),3
Y6Ti4Al43 (0001),11.108006267866001,"Al, Ti, Y",Hexagonal,6/mmm,Y6Ti4Al43,(0001),3
Y6UO12 (0001),9.942527519356863,"O, U, Y",Trigonal,-3,Y6UO12,(0001),3
Y6WO12 (0001),9.769780964083937,"O, W, Y",Trigonal,-3,Y6WO12,(0001),3
Y7Co6Sn23 (0001),9.685356165659973,"Co, Sn, Y",Trigonal,-3m,Y7Co6Sn23,(0001),3
Y7FeI12 (0001),15.576048565971835,"Fe, I, Y",Trigonal,-3,Y7FeI12,(0001),3
Y7Rh3 (0001),9.814222832629124,"Rh, Y",Hexagonal,6mm,Y7Rh3,(0001),2
Y8In3Co (0001),10.385723813670745,"Co, In, Y",Hexagonal,6mm,Y8In3Co,(0001),3
YAg (111),5.126595652098048,"Ag, Y",Cubic,m-3m,YAg,(111),2
YAgGe (0001),7.141448550105531,"Ag, Ge, Y",Hexagonal,-6m2,YAgGe,(0001),3
YAgHg2 (111),9.96597913379241,"Ag, Hg, Y",Cubic,m-3m,YAgHg2,(111),3
YAgO2 (0001),3.5049299066714723,"Ag, O, Y",Hexagonal,6/mmm,YAgO2,(0001),3
YAgPb (0001),7.522007566340002,"Ag, Pb, Y",Hexagonal,-6m2,YAgPb,(0001),3
YAgSn (0001),4.707621163797162,"Ag, Sn, Y",Hexagonal,6mm,YAgSn,(0001),3
YAl2 (111),11.099983339140618,"Al, Y",Cubic,m-3m,YAl2,(111),2
YAl3 (0001),6.265848183067724,"Al, Y",Hexagonal,6/mmm,YAl3,(0001),2
YAl3Ni2 (0001),8.979129048414833,"Al, Ni, Y",Hexagonal,6/mmm,YAl3Ni2,(0001),3
YAlCu (0001),7.0197333634332555,"Al, Cu, Y",Hexagonal,-6m2,YAlCu,(0001),3
YAlNi (0001),6.937973354779279,"Al, Ni, Y",Hexagonal,-6m2,YAlNi,(0001),3
YAlPd2 (0001),4.35942642539077,"Al, Pd, Y",Hexagonal,6/mmm,YAlPd2,(0001),3
YAlZn (0001),4.44418503150708,"Al, Y, Zn",Hexagonal,6/mmm,YAlZn,(0001),3
YAs (111),8.239032863271119,"As, Y",Cubic,m-3m,YAs,(111),2
YAsPt (0001),4.263728611214885,"As, Pt, Y",Hexagonal,6/mmm,YAsPt,(0001),3
YB12 (111),10.594581909625955,"B, Y",Cubic,m-3m,YB12,(111),2
YB2 (0001),3.300837570583164,"B, Y",Hexagonal,6/mmm,YB2,(0001),2
YB2Ir3 (0001),5.436893062448734,"B, Ir, Y",Hexagonal,6/mmm,YB2Ir3,(0001),3
YB2Rh3 (0001),5.373644533067186,"B, Rh, Y",Hexagonal,6/mmm,YB2Rh3,(0001),3
YB2Ru3 (0001),5.4788864097489665,"B, Ru, Y",Hexagonal,6/mmm,YB2Ru3,(0001),3
YBPt2 (0001),5.32860056988954,"B, Pt, Y",Hexagonal,622,YBPt2,(0001),3
YBRh3 (111),5.909746025894145,"B, Rh, Y",Cubic,m-3m,YBRh3,(111),3
YBe13 (111),14.437813483939228,"Be, Y",Cubic,m-3m,YBe13,(111),2
YBi (111),8.952205044331718,"Bi, Y",Cubic,m-3m,YBi,(111),2
YBiPd (111),9.46670143477808,"Bi, Pd, Y",Cubic,-43m,YBiPd,(111),3
YBiPt (111),9.485566364877629,"Bi, Pt, Y",Cubic,-43m,YBiPt,(111),3
YCd (111),5.284745061742159,"Cd, Y",Cubic,m-3m,YCd,(111),2
YCd2 (0001),4.903012345997406,"Cd, Y",Hexagonal,6/mmm,YCd2,(0001),2
YCdAg2 (111),9.81893536411766,"Ag, Cd, Y",Cubic,m-3m,YCdAg2,(111),3
YCdAu (0001),7.672919650584158,"Au, Cd, Y",Hexagonal,-6m2,YCdAu,(0001),3
YCdAu2 (111),9.799129784009239,"Au, Cd, Y",Cubic,m-3m,YCdAu2,(111),3
YCdHg2 (111),10.121101692718648,"Cd, Hg, Y",Cubic,m-3m,YCdHg2,(111),3
YCdPd2 (111),9.536978910998311,"Cd, Pd, Y",Cubic,m-3m,YCdPd2,(111),3
YCo (0001),3.8752386173371356,"Co, Y",Trigonal,-3m,YCo,(0001),2
YCo2 (111),10.144393538251302,"Co, Y",Cubic,m-3m,YCo2,(111),2
YCo3B2 (0001),5.032871952936554,"B, Co, Y",Hexagonal,6/mmm,YCo3B2,(0001),3
YCu5 (0001),5.002701440381511,"Cu, Y",Hexagonal,6/mmm,YCu5,(0001),2
YCuGe (0001),4.0811765203081665,"Cu, Ge, Y",Hexagonal,-6m2,YCuGe,(0001),3
YCuPb (0001),4.57852566087951,"Cu, Pb, Y",Hexagonal,6mm,YCuPb,(0001),3
YCuSi (0001),4.0979546952510315,"Cu, Si, Y",Hexagonal,6/mmm,YCuSi,(0001),3
YCuSn (0001),4.513389920416947,"Cu, Sn, Y",Hexagonal,6mm,YCuSn,(0001),3
YErHg2 (111),10.408055128039287,"Er, Hg, Y",Cubic,m-3m,YErHg2,(111),3
YErTl2 (111),10.637633636291739,"Er, Tl, Y",Cubic,m-3m,YErTl2,(111),3
YFe2 (111),10.393308572777658,"Fe, Y",Cubic,m-3m,YFe2,(111),2
YFe3 (0001),5.146935425109554,"Fe, Y",Trigonal,-3m,YFe3,(0001),2
YFe5 (0001),5.141866808863082,"Fe, Y",Hexagonal,6/mmm,YFe5,(0001),2
YGa2 (0001),4.1739734607750645,"Ga, Y",Hexagonal,6/mmm,YGa2,(0001),2
YGa2Co3 (0001),8.7716529471465,"Co, Ga, Y",Hexagonal,6/mmm,YGa2Co3,(0001),3
YGa2Ni3 (0001),8.855294161056102,"Ga, Ni, Y",Hexagonal,6/mmm,YGa2Ni3,(0001),3
YGa3 (0001),6.285006141593155,"Ga, Y",Hexagonal,6/mmm,YGa3,(0001),2
YGa3Ru (111),9.035760043594323,"Ga, Ru, Y",Cubic,m-3m,YGa3Ru,(111),3
YGaI (0001),4.179925091266233,"Ga, I, Y",Trigonal,-3m,YGaI,(0001),3
YGaRh2 (111),9.070831945971479,"Ga, Rh, Y",Cubic,m-3m,YGaRh2,(111),3
YGeAu (0001),4.41942313678163,"Au, Ge, Y",Hexagonal,6mm,YGeAu,(0001),3
YGeRh2 (0001),5.5442427436065245,"Ge, Rh, Y",Hexagonal,6/mmm,YGeRh2,(0001),3
YH2 (111),7.350194750286696,"H, Y",Cubic,m-3m,YH2,(111),2
YH3 (0001),6.33228790450673,"H, Y",Hexagonal,6mm,YH3,(0001),2
YHSe (0001),3.8409313357923875,"H, Se, Y",Hexagonal,-6m2,YHSe,(0001),3
YHg (111),5.241408184179511,"Hg, Y",Cubic,m-3m,YHg,(111),2
YHg2 (0001),4.88158727682014,"Hg, Y",Hexagonal,6/mmm,YHg2,(0001),2
YHg3 (0001),6.619923601096144,"Hg, Y",Hexagonal,6/mmm,YHg3,(0001),2
YHo (0001),3.6110468274252177,"Ho, Y",Hexagonal,-6m2,YHo,(0001),2
YHoHg2 (111),10.434404189447998,"Hg, Ho, Y",Cubic,m-3m,YHoHg2,(111),3
YHoIn2 (111),10.577731113607792,"Ho, In, Y",Cubic,m-3m,YHoIn2,(111),3
YI3 (0001),7.619094506991952,"I, Y",Trigonal,-3,YI3,(0001),2
YIn (111),5.316621195021742,"In, Y",Cubic,m-3m,YIn,(111),2
YIn3 (111),6.54164978058621,"In, Y",Cubic,m-3m,YIn3,(111),2
YInAg2 (111),9.835601500825288,"Ag, In, Y",Cubic,m-3m,YInAg2,(111),3
YInAu (0001),7.674374670556195,"Au, In, Y",Hexagonal,-6m2,YInAu,(0001),3
YInAu2 (111),9.82851465281948,"Au, In, Y",Cubic,m-3m,YInAu2,(111),3
YInCu (0001),7.42988163105004,"Cu, In, Y",Hexagonal,-6m2,YInCu,(0001),3
YInCu4 (111),10.151112690441495,"Cu, In, Y",Cubic,-43m,YInCu4,(111),3
YInNi (0001),7.444077488966702,"In, Ni, Y",Hexagonal,-6m2,YInNi,(0001),3
YInPd (0001),7.704286977472892,"In, Pd, Y",Hexagonal,-6m2,YInPd,(0001),3
YInPd2 (111),9.558878104745542,"In, Pd, Y",Cubic,m-3m,YInPd2,(111),3
YInPt (0001),7.640899575611628,"In, Pt, Y",Hexagonal,-6m2,YInPt,(0001),3
YInPt2 (0001),4.553108334532286,"In, Pt, Y",Hexagonal,6/mmm,YInPt2,(0001),3
YInRh (0001),7.471810315185736,"In, Rh, Y",Hexagonal,-6m2,YInRh,(0001),3
YInRh2 (111),9.341745229649641,"In, Rh, Y",Cubic,m-3m,YInRh2,(111),3
YIr (111),4.83142586225419,"Ir, Y",Cubic,m-3m,YIr,(111),2
YIr2 (111),10.676536656702714,"Ir, Y",Cubic,m-3m,YIr2,(111),2
YLuCu2 (111),9.643649730748379,"Cu, Lu, Y",Cubic,m-3m,YLuCu2,(111),3
YLuTl2 (111),10.59095524549643,"Lu, Tl, Y",Cubic,m-3m,YLuTl2,(111),3
YMg (111),5.386140695198946,"Mg, Y",Cubic,m-3m,YMg,(111),2
YMg2Cu9 (0001),4.961659281218255,"Cu, Mg, Y",Hexagonal,6/mmm,YMg2Cu9,(0001),3
YMg3 (111),10.323144020413864,"Mg, Y",Cubic,m-3m,YMg3,(111),2
YMgAg (0001),7.748184288412702,"Ag, Mg, Y",Hexagonal,-6m2,YMgAg,(0001),3
YMgAg2 (111),9.841730242872714,"Ag, Mg, Y",Cubic,m-3m,YMgAg2,(111),3
YMgAl (0001),7.3572712896443875,"Al, Mg, Y",Hexagonal,-6m2,YMgAl,(0001),3
YMgAu (0001),7.575501298189173,"Au, Mg, Y",Hexagonal,-6m2,YMgAu,(0001),3
YMgAu2 (111),9.746778398073038,"Au, Mg, Y",Cubic,m-3m,YMgAu2,(111),3
YMgCd2 (111),10.14028243148902,"Cd, Mg, Y",Cubic,m-3m,YMgCd2,(111),3
YMgCu (0001),7.447399750190643,"Cu, Mg, Y",Hexagonal,-6m2,YMgCu,(0001),3
YMgCu4 (111),10.135741307199037,"Cu, Mg, Y",Cubic,-43m,YMgCu4,(111),3
YMgGa (0001),7.262965235906031,"Ga, Mg, Y",Hexagonal,-6m2,YMgGa,(0001),3
YMgHg2 (111),10.081760505870857,"Hg, Mg, Y",Cubic,m-3m,YMgHg2,(111),3
YMgIn (0001),7.515234304552262,"In, Mg, Y",Hexagonal,-6m2,YMgIn,(0001),3
YMgNi4 (111),9.81814625107094,"Mg, Ni, Y",Cubic,-43m,YMgNi4,(111),3
YMgPd (0001),7.412034287868129,"Mg, Pd, Y",Hexagonal,-6m2,YMgPd,(0001),3
YMgRh2 (111),9.236678637192876,"Mg, Rh, Y",Cubic,m-3m,YMgRh2,(111),3
YMgTl (0001),7.530662770056517,"Mg, Tl, Y",Hexagonal,-6m2,YMgTl,(0001),3
YMgZn (0001),7.4978367758585875,"Mg, Y, Zn",Hexagonal,-6m2,YMgZn,(0001),3
YMgZn2 (111),9.599718289519835,"Mg, Y, Zn",Cubic,m-3m,YMgZn2,(111),3
YMnO3 (0001),6.1380183884932835,"Mn, O, Y",Hexagonal,6mm,YMnO3,(0001),3
YN (111),6.925011948889943,"N, Y",Cubic,m-3m,YN,(111),2
YNi3 (0001),4.936273082973465,"Ni, Y",Trigonal,-3m,YNi3,(0001),2
YNi4B (0001),4.945469209853786,"B, Ni, Y",Hexagonal,6/mmm,YNi4B,(0001),3
YNi5 (0001),4.842874620049068,"Ni, Y",Hexagonal,6/mmm,YNi5,(0001),2
YNiAs (0001),4.008608371275536,"As, Ni, Y",Hexagonal,-6m2,YNiAs,(0001),3
YNiBi (111),9.12609255625429,"Bi, Ni, Y",Cubic,-43m,YNiBi,(111),3
YNiP (0001),3.8706016140230486,"Ni, P, Y",Hexagonal,6/mmm,YNiP,(0001),3
YNiSb (111),8.954972150153042,"Ni, Sb, Y",Cubic,-43m,YNiSb,(111),3
YOF (0001),3.7957054345823833,"F, O, Y",Trigonal,-3m,YOF,(0001),3
YOs2 (0001),5.277529983549455,"Os, Y",Hexagonal,6/mmm,YOs2,(0001),2
YP (111),8.03473140073468,"P, Y",Cubic,m-3m,YP,(111),2
YPPt (0001),4.102979218898277,"P, Pt, Y",Hexagonal,-6m2,YPPt,(0001),3
YPaRu2 (111),9.654405560281276,"Pa, Ru, Y",Cubic,m-3m,YPaRu2,(111),3
YPbAu (111),9.613259865212168,"Au, Pb, Y",Cubic,-43m,YPbAu,(111),3
YPd3 (111),5.79816495766057,"Pd, Y",Cubic,m-3m,YPd3,(111),2
YPdPb (0001),7.7548030272670365,"Pb, Pd, Y",Hexagonal,-6m2,YPdPb,(0001),3
YPt3 (111),5.798781752763662,"Pt, Y",Cubic,m-3m,YPt3,(111),2
YRe2 (0001),5.412264881317289,"Re, Y",Hexagonal,6/mmm,YRe2,(0001),2
YRh (111),4.833569513029899,"Rh, Y",Cubic,m-3m,YRh,(111),2
YRh2 (111),10.616476797527088,"Rh, Y",Cubic,m-3m,YRh2,(111),2
YRh3 (0001),5.2293663272952635,"Rh, Y",Hexagonal,6/mmm,YRh3,(0001),2
YRh3C (111),5.874979480509376,"C, Rh, Y",Cubic,m-3m,YRh3C,(111),3
YRu2 (0001),5.2306378073693605,"Ru, Y",Hexagonal,6/mmm,YRu2,(0001),2
YS (111),7.813518515983592,"S, Y",Cubic,m-3m,YS,(111),2
YSb (111),8.784496788181398,"Sb, Y",Cubic,m-3m,YSb,(111),2
YSbPd (111),9.301064414859443,"Pd, Sb, Y",Cubic,-43m,YSbPd,(111),3
YSbPt (111),9.311224244700915,"Pt, Sb, Y",Cubic,-43m,YSbPt,(111),3
YSe (111),8.141297895743172,"Se, Y",Cubic,m-3m,YSe,(111),2
YSiAg (0001),7.037515815132301,"Ag, Si, Y",Hexagonal,-6m2,YSiAg,(0001),3
YSiAu (0001),4.253044534552879,"Au, Si, Y",Hexagonal,6mm,YSiAu,(0001),3
YSiRh2 (0001),5.525568406051447,"Rh, Si, Y",Hexagonal,6/mmm,YSiRh2,(0001),3
YSnAu (0001),4.670257728657932,"Au, Sn, Y",Hexagonal,6mm,YSnAu,(0001),3
YSnAu2 (111),9.892509174161884,"Au, Sn, Y",Cubic,m-3m,YSnAu2,(111),3
YSnPd2 (111),9.55879101157729,"Pd, Sn, Y",Cubic,m-3m,YSnPd2,(111),3
YSnPt2 (0001),4.527666145911972,"Pt, Sn, Y",Hexagonal,6/mmm,YSnPt2,(0001),3
YSnRh (0001),7.5876471481680205,"Rh, Sn, Y",Hexagonal,-6m2,YSnRh,(0001),3
YSnRh2 (111),9.352619193155899,"Rh, Sn, Y",Cubic,m-3m,YSnRh2,(111),3
YTaRu2 (111),9.218153966876436,"Ru, Ta, Y",Cubic,m-3m,YTaRu2,(111),3
YTc2 (0001),5.3519280059490635,"Tc, Y",Hexagonal,6/mmm,YTc2,(0001),2
YTe (0001),4.10909385221468,"Te, Y",Hexagonal,-6m2,YTe,(0001),2
YThFe6 (0001),5.171944804077538,"Fe, Th, Y",Trigonal,3m,YThFe6,(0001),3
YTl (111),5.3423375797090555,"Tl, Y",Cubic,m-3m,YTl,(111),2
YTl3 (111),6.690418131843541,"Tl, Y",Cubic,m-3m,YTl3,(111),2
YTlPd (0001),7.795537034907288,"Pd, Tl, Y",Hexagonal,-6m2,YTlPd,(0001),3
YTlS2 (0001),4.019825577902184,"S, Tl, Y",Trigonal,-3m,YTlS2,(0001),3
YTlSe2 (0001),4.175511964158593,"Se, Tl, Y",Trigonal,-3m,YTlSe2,(0001),3
YTlTe2 (0001),4.458432792079936,"Te, Tl, Y",Trigonal,-3m,YTlTe2,(0001),3
YTmHg2 (111),10.386271628842527,"Hg, Tm, Y",Cubic,m-3m,YTmHg2,(111),3
YUS2 (0001),3.868052480467637,"S, U, Y",Trigonal,-3m,YUS2,(0001),3
YUSb2 (0001),4.378277433549174,"Sb, U, Y",Trigonal,-3m,YUSb2,(0001),3
YZn (111),5.0379470467278455,"Y, Zn",Cubic,m-3m,YZn,(111),2
YZn5 (0001),5.245611140261175,"Y, Zn",Hexagonal,6/mmm,YZn5,(0001),2
YZnGa (0001),4.350014187312422,"Ga, Y, Zn",Hexagonal,6/mmm,YZnGa,(0001),3
YZnGe (0001),4.185649441569191,"Ge, Y, Zn",Hexagonal,6/mmm,YZnGe,(0001),3
YZnSi (0001),4.081803046436006,"Si, Y, Zn",Hexagonal,-6m2,YZnSi,(0001),3
YZnSn (0001),4.452818831940652,"Sn, Y, Zn",Hexagonal,6/mmm,YZnSn,(0001),3
Yb(AlC)3 (0001),3.38926694871053,"Al, C, Yb",Hexagonal,6/mmm,Yb(AlC)3,(0001),3
Yb(AlGe)2 (0001),4.219885620415793,"Al, Ge, Yb",Trigonal,-3m,Yb(AlGe)2,(0001),3
Yb(AlSi)2 (0001),4.163682401243672,"Al, Si, Yb",Trigonal,-3m,Yb(AlSi)2,(0001),3
Yb(FeO2)2 (0001),3.4388394372496918,"Fe, O, Yb",Trigonal,-3m,Yb(FeO2)2,(0001),3
Yb(FeP3)4 (111),10.933013268197918,"Fe, P, Yb",Cubic,m-3,Yb(FeP3)4,(111),3
Yb(MgBi)2 (0001),4.814761914682292,"Bi, Mg, Yb",Trigonal,-3m,Yb(MgBi)2,(0001),3
Yb(ZnP)2 (0001),4.053156021925434,"P, Yb, Zn",Trigonal,-3m,Yb(ZnP)2,(0001),3
Yb2(Ni7B2)3 (111),14.89788298404307,"B, Ni, Yb",Cubic,m-3m,Yb2(Ni7B2)3,(111),3
Yb2AgAu (111),9.961799372669928,"Ag, Au, Yb",Cubic,m-3m,Yb2AgAu,(111),3
Yb2AgHg (111),10.138693451451115,"Ag, Hg, Yb",Cubic,m-3m,Yb2AgHg,(111),3
Yb2AgIr (111),9.698645856844731,"Ag, Ir, Yb",Cubic,m-3m,Yb2AgIr,(111),3
Yb2AgPb (111),10.310740692207208,"Ag, Pb, Yb",Cubic,m-3m,Yb2AgPb,(111),3
Yb2C (0001),3.516468308453283,"C, Yb",Trigonal,-3m,Yb2C,(0001),2
Yb2CdGa (111),10.094175295858712,"Cd, Ga, Yb",Cubic,m-3m,Yb2CdGa,(111),3
Yb2CdIn (111),10.358473303210545,"Cd, In, Yb",Cubic,m-3m,Yb2CdIn,(111),3
Yb2CdPb (111),10.457002092862306,"Cd, Pb, Yb",Cubic,m-3m,Yb2CdPb,(111),3
Yb2CuIr (111),9.49649612178066,"Cu, Ir, Yb",Cubic,m-3m,Yb2CuIr,(111),3
Yb2FeS4 (111),15.276338335701684,"Fe, S, Yb",Cubic,m-3m,Yb2FeS4,(111),3
Yb2GaHg (111),10.093854937982734,"Ga, Hg, Yb",Cubic,m-3m,Yb2GaHg,(111),3
Yb2HgPb (111),10.449248341964662,"Hg, Pb, Yb",Cubic,m-3m,Yb2HgPb,(111),3
Yb2InGa (111),10.164842116412792,"Ga, In, Yb",Cubic,m-3m,Yb2InGa,(111),3
Yb2InPb (111),10.590182976364657,"In, Pb, Yb",Cubic,m-3m,Yb2InPb,(111),3
Yb2MgIn (111),10.404132082474998,"In, Mg, Yb",Cubic,m-3m,Yb2MgIn,(111),3
Yb2O3 (111),14.60904454638481,"O, Yb",Cubic,m-3,Yb2O3,(111),2
Yb2SO2 (0001),3.695799219294089,"O, S, Yb",Trigonal,-3m,Yb2SO2,(0001),3
Yb2SeO2 (0001),3.7381721906982843,"O, Se, Yb",Trigonal,-3m,Yb2SeO2,(0001),3
Yb2TlCd (111),10.410642584946821,"Cd, Tl, Yb",Cubic,m-3m,Yb2TlCd,(111),3
Yb2TlPb (111),10.608386652897943,"Pb, Tl, Yb",Cubic,m-3m,Yb2TlPb,(111),3
Yb2ZnAg (111),9.93427829924479,"Ag, Yb, Zn",Cubic,m-3m,Yb2ZnAg,(111),3
Yb2ZnGa (111),9.833744188957619,"Ga, Yb, Zn",Cubic,m-3m,Yb2ZnGa,(111),3
Yb2ZnHg (111),10.067307986205194,"Hg, Yb, Zn",Cubic,m-3m,Yb2ZnHg,(111),3
Yb2ZnIn (111),10.1427940748364,"In, Yb, Zn",Cubic,m-3m,Yb2ZnIn,(111),3
Yb2ZnPb (111),10.239847884738067,"Pb, Yb, Zn",Cubic,m-3m,Yb2ZnPb,(111),3
Yb3AlC (111),6.714485574454327,"Al, C, Yb",Cubic,m-3m,Yb3AlC,(111),3
Yb3Dy (0001),7.126010148799523,"Dy, Yb",Hexagonal,6/mmm,Yb3Dy,(0001),2
Yb3Er (0001),7.102928969004655,"Er, Yb",Hexagonal,6/mmm,Yb3Er,(0001),2
Yb3GaC (111),6.6679423637250785,"C, Ga, Yb",Cubic,m-3m,Yb3GaC,(111),3
Yb3Ge13Ir4 (111),12.626863037125892,"Ge, Ir, Yb",Cubic,m-3m,Yb3Ge13Ir4,(111),3
Yb3Ge5 (0001),6.810636199534743,"Ge, Yb",Hexagonal,-6m2,Yb3Ge5,(0001),2
Yb3Ho (0001),7.113900200968208,"Ho, Yb",Hexagonal,6/mmm,Yb3Ho,(0001),2
Yb3InC (111),6.762547857001446,"C, In, Yb",Cubic,m-3m,Yb3InC,(111),3
Yb3Lu (0001),7.069497113329586,"Lu, Yb",Hexagonal,6/mmm,Yb3Lu,(0001),2
Yb3N2 (0001),5.785815221960687,"N, Yb",Trigonal,-3m,Yb3N2,(0001),2
Yb3Pb (0001),6.734408557498671,"Pb, Yb",Hexagonal,6/mmm,Yb3Pb,(0001),2
Yb3PbC (111),6.756770416875267,"C, Pb, Yb",Cubic,m-3m,Yb3PbC,(111),3
Yb3Sc (0001),6.906116244085226,"Sc, Yb",Hexagonal,6/mmm,Yb3Sc,(0001),2
Yb3Si5 (0001),6.471034193129179,"Si, Yb",Hexagonal,-6m2,Yb3Si5,(0001),2
Yb3Sm (0001),7.169798602537284,"Sm, Yb",Hexagonal,6/mmm,Yb3Sm,(0001),2
Yb3Tm (0001),7.090851229621456,"Tm, Yb",Hexagonal,6/mmm,Yb3Tm,(0001),2
Yb5Co19P12 (0001),11.80634075422326,"Co, P, Yb",Hexagonal,-6m2,Yb5Co19P12,(0001),3
Yb5Ir3 (0001),8.161576380882563,"Ir, Yb",Hexagonal,6/mmm,Yb5Ir3,(0001),2
Yb5P12Ir19 (0001),12.618320872945725,"Ir, P, Yb",Hexagonal,-6m2,Yb5P12Ir19,(0001),3
Yb5P12Ru19 (0001),12.394012861167104,"P, Ru, Yb",Hexagonal,-6m2,Yb5P12Ru19,(0001),3
Yb5Pt3 (0001),8.27870570681845,"Pt, Yb",Hexagonal,6/mmm,Yb5Pt3,(0001),2
Yb5Sb3 (0001),8.77441336024696,"Sb, Yb",Hexagonal,6/mmm,Yb5Sb3,(0001),2
Yb5Si3 (0001),8.236457816951194,"Si, Yb",Hexagonal,6/mmm,Yb5Si3,(0001),2
YbAg (111),5.015346761315569,"Ag, Yb",Cubic,m-3m,YbAg,(111),2
YbAgGe (0001),7.033172898605778,"Ag, Ge, Yb",Hexagonal,-6m2,YbAgGe,(0001),3
YbAgHg2 (111),9.847612916973084,"Ag, Hg, Yb",Cubic,m-3m,YbAgHg2,(111),3
YbAgO2 (0001),3.3970897903169734,"Ag, O, Yb",Trigonal,-3m,YbAgO2,(0001),3
YbAgSn (0001),4.766448462923063,"Ag, Sn, Yb",Hexagonal,-6m2,YbAgSn,(0001),3
YbAl2 (111),10.931312397899108,"Al, Yb",Cubic,m-3m,YbAl2,(111),2
YbAl3 (111),5.913810909612597,"Al, Yb",Cubic,m-3m,YbAl3,(111),2
YbAlCu (0001),6.881047485509292,"Al, Cu, Yb",Hexagonal,-6m2,YbAlCu,(0001),3
YbAlNi (0001),6.803873158713285,"Al, Ni, Yb",Hexagonal,-6m2,YbAlNi,(0001),3
YbAs (111),8.064276381323058,"As, Yb",Cubic,m-3m,YbAs,(111),2
YbB2 (0001),3.2461977244873736,"B, Yb",Hexagonal,6/mmm,YbB2,(0001),2
YbB2Ir3 (0001),5.407580164291699,"B, Ir, Yb",Hexagonal,6/mmm,YbB2Ir3,(0001),3
YbB2Rh3 (0001),5.337565229230915,"B, Rh, Yb",Hexagonal,6/mmm,YbB2Rh3,(0001),3
YbB2Ru3 (0001),5.443656320580012,"B, Ru, Yb",Hexagonal,6/mmm,YbB2Ru3,(0001),3
YbB6 (111),5.748835427417632,"B, Yb",Cubic,m-3m,YbB6,(111),2
YbBO3 (0001),4.901339070261811,"B, O, Yb",Trigonal,-3m,YbBO3,(0001),3
YbBRh3 (111),5.861145650086963,"B, Rh, Yb",Cubic,m-3m,YbBRh3,(111),3
YbBiPd (111),9.351470740536994,"Bi, Pd, Yb",Cubic,-43m,YbBiPd,(111),3
YbBiPt (111),9.371874208942629,"Bi, Pt, Yb",Cubic,-43m,YbBiPt,(111),3
YbBr3 (0001),6.996064998171555,"Br, Yb",Trigonal,-3,YbBr3,(0001),2
YbCd (111),5.166730234359158,"Cd, Yb",Cubic,m-3m,YbCd,(111),2
YbCd3 (0001),6.499647033877992,"Cd, Yb",Hexagonal,6/mmm,YbCd3,(0001),2
YbCdAg2 (111),9.68714938238053,"Ag, Cd, Yb",Cubic,m-3m,YbCdAg2,(111),3
YbCdAu2 (111),9.67496036541583,"Au, Cd, Yb",Cubic,m-3m,YbCdAu2,(111),3
YbCdCu4 (111),10.023930499519597,"Cd, Cu, Yb",Cubic,-43m,YbCdCu4,(111),3
YbCdHg2 (111),9.998784791194216,"Cd, Hg, Yb",Cubic,m-3m,YbCdHg2,(111),3
YbCdIn (0001),4.788640051671728,"Cd, In, Yb",Trigonal,-3m,YbCdIn,(0001),3
YbCdNi4 (111),9.769794738270145,"Cd, Ni, Yb",Cubic,-43m,YbCdNi4,(111),3
YbCdPd2 (111),9.409055859260679,"Cd, Pd, Yb",Cubic,m-3m,YbCdPd2,(111),3
YbCdSn (0001),7.669797695402652,"Cd, Sn, Yb",Hexagonal,-6m2,YbCdSn,(0001),3
YbClO (0001),3.694234462484099,"Cl, O, Yb",Trigonal,-3m,YbClO,(0001),3
YbCo2 (111),9.990278930314412,"Co, Yb",Cubic,m-3m,YbCo2,(111),2
YbCo3B2 (0001),4.929065931307202,"B, Co, Yb",Hexagonal,6/mmm,YbCo3B2,(0001),3
YbCu4Ag (111),9.920713889004613,"Ag, Cu, Yb",Cubic,-43m,YbCu4Ag,(111),3
YbCu4Au (111),9.896402278404272,"Au, Cu, Yb",Cubic,-43m,YbCu4Au,(111),3
YbCu4Pd (111),9.81278065455142,"Cu, Pd, Yb",Cubic,-43m,YbCu4Pd,(111),3
YbCu5 (0001),4.931643560871627,"Cu, Yb",Hexagonal,6/mmm,YbCu5,(0001),2
YbCuGe (0001),4.199118618412011,"Cu, Ge, Yb",Hexagonal,6mm,YbCuGe,(0001),3
YbCuSi (0001),4.079705857401041,"Cu, Si, Yb",Hexagonal,6/mmm,YbCuSi,(0001),3
YbDyCd2 (111),10.426058945656651,"Cd, Dy, Yb",Cubic,m-3m,YbDyCd2,(111),3
YbDyHg2 (111),10.347283938879823,"Dy, Hg, Yb",Cubic,m-3m,YbDyHg2,(111),3
YbDyZn2 (111),9.938953461180501,"Dy, Yb, Zn",Cubic,m-3m,YbDyZn2,(111),3
YbErHg2 (111),10.297136650363473,"Er, Hg, Yb",Cubic,m-3m,YbErHg2,(111),3
YbErSe2 (0001),3.9699631008074876,"Er, Se, Yb",Trigonal,-3m,YbErSe2,(0001),3
YbErZn2 (111),9.881842106449371,"Er, Yb, Zn",Cubic,m-3m,YbErZn2,(111),3
YbEuTl2 (111),10.839281451033228,"Eu, Tl, Yb",Cubic,m-3m,YbEuTl2,(111),3
YbFe2 (0001),5.1296519826773395,"Fe, Yb",Hexagonal,6/mmm,YbFe2,(0001),2
YbGa2 (0001),4.130070310932728,"Ga, Yb",Hexagonal,6/mmm,YbGa2,(0001),2
YbGaRh2 (111),8.951301597415386,"Ga, Rh, Yb",Cubic,m-3m,YbGaRh2,(111),3
YbGd3 (0001),7.216901815560925,"Gd, Yb",Hexagonal,6/mmm,YbGd3,(0001),2
YbGdZn2 (111),9.989363944035905,"Gd, Yb, Zn",Cubic,m-3m,YbGdZn2,(111),3
YbGeAu (0001),4.394718134638156,"Au, Ge, Yb",Hexagonal,-6m2,YbGeAu,(0001),3
YbH2 (111),7.106653025135508,"H, Yb",Cubic,m-3m,YbH2,(111),2
YbH3 (111),7.072331972024328,"H, Yb",Cubic,m-3m,YbH3,(111),2
YbHg (111),5.128303864429158,"Hg, Yb",Cubic,m-3m,YbHg,(111),2
YbHg3 (0001),6.533046256134897,"Hg, Yb",Hexagonal,6/mmm,YbHg3,(0001),2
YbHoCd2 (111),10.39934771450276,"Cd, Ho, Yb",Cubic,m-3m,YbHoCd2,(111),3
YbHoHg2 (111),10.322507079607204,"Hg, Ho, Yb",Cubic,m-3m,YbHoHg2,(111),3
YbHoZn2 (111),9.918444992581325,"Ho, Yb, Zn",Cubic,m-3m,YbHoZn2,(111),3
YbI2 (0001),4.082547199139933,"I, Yb",Trigonal,-3m,YbI2,(0001),2
YbIn (111),5.216026067328038,"In, Yb",Cubic,m-3m,YbIn,(111),2
YbIn3 (111),6.477031282256569,"In, Yb",Cubic,m-3m,YbIn3,(111),2
YbInAg2 (111),9.713655479951283,"Ag, In, Yb",Cubic,m-3m,YbInAg2,(111),3
YbInAu (0001),7.5900961420640565,"Au, In, Yb",Hexagonal,-6m2,YbInAu,(0001),3
YbInAu2 (111),9.717436262847903,"Au, In, Yb",Cubic,m-3m,YbInAu2,(111),3
YbInNi4 (111),9.7998594163195,"In, Ni, Yb",Cubic,-43m,YbInNi4,(111),3
YbInPd (0001),7.633796889759258,"In, Pd, Yb",Hexagonal,-6m2,YbInPd,(0001),3
YbInPd2 (111),9.43773029212128,"In, Pd, Yb",Cubic,m-3m,YbInPd2,(111),3
YbInPt (0001),7.572034335802229,"In, Pt, Yb",Hexagonal,-6m2,YbInPt,(0001),3
YbInRh2 (111),9.229912578018535,"In, Rh, Yb",Cubic,m-3m,YbInRh2,(111),3
YbIr (111),4.728501835490551,"Ir, Yb",Cubic,m-3m,YbIr,(111),2
YbIr2 (111),10.576142242534392,"Ir, Yb",Cubic,m-3m,YbIr2,(111),2
YbLuHg2 (111),10.23632477055486,"Hg, Lu, Yb",Cubic,m-3m,YbLuHg2,(111),3
YbMg (111),5.236513194465862,"Mg, Yb",Cubic,4/mmm,YbMg,(111),2
YbMg2 (111),11.900170318720432,"Mg, Yb",Cubic,m-3m,YbMg2,(111),2
YbMgCd2 (111),10.006090405285285,"Cd, Mg, Yb",Cubic,m-3m,YbMgCd2,(111),3
YbMgHg2 (111),9.953207718957772,"Hg, Mg, Yb",Cubic,m-3m,YbMgHg2,(111),3
YbMgRh2 (111),9.112473114629813,"Mg, Rh, Yb",Cubic,m-3m,YbMgRh2,(111),3
YbMgSn (0001),7.610218178176163,"Mg, Sn, Yb",Hexagonal,-6m2,YbMgSn,(0001),3
YbMgTl2 (111),10.364528943230694,"Mg, Tl, Yb",Cubic,m-3m,YbMgTl2,(111),3
YbMn2 (0001),5.431697775061449,"Mn, Yb",Hexagonal,6/mmm,YbMn2,(0001),2
YbMnGe (0001),7.024032875042911,"Ge, Mn, Yb",Hexagonal,-6m2,YbMnGe,(0001),3
YbNbRu2 (111),9.148389168454763,"Nb, Ru, Yb",Cubic,m-3m,YbNbRu2,(111),3
YbNdMg2 (111),10.790862389402044,"Mg, Nd, Yb",Cubic,m-3m,YbNdMg2,(111),3
YbNdZn2 (111),10.128821426743187,"Nd, Yb, Zn",Cubic,m-3m,YbNdZn2,(111),3
YbNi2 (111),9.911442312427038,"Ni, Yb",Cubic,m-3m,YbNi2,(111),2
YbNi2Sn (111),8.981547678985422,"Ni, Sn, Yb",Cubic,m-3m,YbNi2Sn,(111),3
YbNi4Au (111),9.680816010499154,"Au, Ni, Yb",Cubic,-43m,YbNi4Au,(111),3
YbNi5 (0001),4.7785046340818615,"Ni, Yb",Hexagonal,6/mmm,YbNi5,(0001),2
YbNiSb (111),8.813052902650385,"Ni, Sb, Yb",Cubic,-43m,YbNiSb,(111),3
YbOs2 (0001),5.243712156690459,"Os, Yb",Hexagonal,6/mmm,YbOs2,(0001),2
YbPPt (0001),4.080074704463724,"P, Pt, Yb",Hexagonal,-6m2,YbPPt,(0001),3
YbPaRu2 (111),9.568829567945356,"Pa, Ru, Yb",Cubic,m-3m,YbPaRu2,(111),3
YbPb3 (111),6.827189076479117,"Pb, Yb",Cubic,m-3m,YbPb3,(111),2
YbPd2Pb (111),9.574092258227871,"Pb, Pd, Yb",Cubic,m-3m,YbPd2Pb,(111),3
YbPd3 (111),5.727322824060037,"Pd, Yb",Cubic,m-3m,YbPd3,(111),2
YbPmAg2 (111),10.26529754606221,"Ag, Pm, Yb",Cubic,m-3m,YbPmAg2,(111),3
YbPmAu2 (111),10.16352217451188,"Au, Pm, Yb",Cubic,m-3m,YbPmAu2,(111),3
YbPmCd2 (111),10.580428684124646,"Cd, Pm, Yb",Cubic,m-3m,YbPmCd2,(111),3
YbPmCu2 (111),9.773245488432512,"Cu, Pm, Yb",Cubic,m-3m,YbPmCu2,(111),3
YbPmHg2 (111),10.507544562986867,"Hg, Pm, Yb",Cubic,m-3m,YbPmHg2,(111),3
YbPmPd2 (111),9.922635250632394,"Pd, Pm, Yb",Cubic,m-3m,YbPmPd2,(111),3
YbPmPt2 (111),9.884266269181179,"Pm, Pt, Yb",Cubic,m-3m,YbPmPt2,(111),3
YbPmRh2 (111),9.684202277681816,"Pm, Rh, Yb",Cubic,m-3m,YbPmRh2,(111),3
YbPmZn2 (111),10.084022440744485,"Pm, Yb, Zn",Cubic,m-3m,YbPmZn2,(111),3
YbPrSe2 (0001),4.0341369665096,"Pr, Se, Yb",Trigonal,-3m,YbPrSe2,(0001),3
YbPrZn2 (111),10.171994213615008,"Pr, Yb, Zn",Cubic,m-3m,YbPrZn2,(111),3
YbPt3 (111),5.736281443106522,"Pt, Yb",Cubic,m-3m,YbPt3,(111),2
YbPu3 (0001),6.838074719971886,"Pu, Yb",Hexagonal,6/mmm,YbPu3,(0001),2
YbRh (111),4.723199407635444,"Rh, Yb",Cubic,m-3m,YbRh,(111),2
YbRh2 (111),10.50175308564939,"Rh, Yb",Cubic,m-3m,YbRh2,(111),2
YbRh2Pb (111),9.36551955399004,"Pb, Rh, Yb",Cubic,m-3m,YbRh2Pb,(111),3
YbRh3C (111),5.827681150738712,"C, Rh, Yb",Cubic,m-3m,YbRh3C,(111),3
YbRu (111),4.695038113373501,"Ru, Yb",Cubic,m-3m,YbRu,(111),2
YbRu3C (111),5.809913208249918,"C, Ru, Yb",Cubic,m-3m,YbRu3C,(111),3
YbS (111),7.610254580994332,"S, Yb",Cubic,m-3m,YbS,(111),2
YbSF (0001),3.944350459610955,"F, S, Yb",Hexagonal,6/mmm,YbSF,(0001),3
YbSb (111),8.629772340439352,"Sb, Yb",Cubic,m-3m,YbSb,(111),2
YbSbPd (111),9.177710733521574,"Pd, Sb, Yb",Cubic,-43m,YbSbPd,(111),3
YbSbPt (111),9.193682913465501,"Pt, Sb, Yb",Cubic,-43m,YbSbPt,(111),3
YbSiAg (0001),6.922039994826706,"Ag, Si, Yb",Hexagonal,-6m2,YbSiAg,(0001),3
YbSiAu (0001),4.24168470302509,"Au, Si, Yb",Hexagonal,-6m2,YbSiAu,(0001),3
YbSmHg2 (111),10.47602222784578,"Hg, Sm, Yb",Cubic,m-3m,YbSmHg2,(111),3
YbSmS2 (0001),3.8732555849705426,"S, Sm, Yb",Trigonal,-3m,YbSmS2,(0001),3
YbSmZn2 (111),10.05638404694166,"Sm, Yb, Zn",Cubic,m-3m,YbSmZn2,(111),3
YbSn3 (111),6.589273198727086,"Sn, Yb",Cubic,m-3m,YbSn3,(111),2
YbSnAu2 (111),9.779961312053214,"Au, Sn, Yb",Cubic,m-3m,YbSnAu2,(111),3
YbSnIr (0001),7.479405534924489,"Ir, Sn, Yb",Hexagonal,-6m2,YbSnIr,(0001),3
YbSnPd2 (111),9.441152660075497,"Pd, Sn, Yb",Cubic,m-3m,YbSnPd2,(111),3
YbSnPt (0001),7.404842930235433,"Pt, Sn, Yb",Hexagonal,-6m2,YbSnPt,(0001),3
YbSnRh (0001),7.527551947776236,"Rh, Sn, Yb",Hexagonal,-6m2,YbSnRh,(0001),3
YbSnRh2 (111),9.242518609619173,"Rh, Sn, Yb",Cubic,m-3m,YbSnRh2,(111),3
YbTaRu2 (111),9.124145504543302,"Ru, Ta, Yb",Cubic,m-3m,YbTaRu2,(111),3
YbTe (111),8.53337152581126,"Te, Yb",Cubic,m-3m,YbTe,(111),2
YbTl (111),5.23952134191467,"Tl, Yb",Cubic,m-3m,YbTl,(111),2
YbTl3 (111),6.633376048508451,"Tl, Yb",Cubic,m-3m,YbTl3,(111),2
YbTlCu4 (111),10.104213614848508,"Cu, Tl, Yb",Cubic,-43m,YbTlCu4,(111),3
YbTlPd (0001),7.724314627059279,"Pd, Tl, Yb",Hexagonal,-6m2,YbTlPd,(0001),3
YbTlS2 (0001),3.9359063746242593,"S, Tl, Yb",Trigonal,-3m,YbTlS2,(0001),3
YbTlSe2 (0001),4.095355943830886,"Se, Tl, Yb",Trigonal,-3m,YbTlSe2,(0001),3
YbTmHg2 (111),10.278834145958571,"Hg, Tm, Yb",Cubic,m-3m,YbTmHg2,(111),3
YbTmS2 (0001),3.804150404182587,"S, Tm, Yb",Trigonal,-3m,YbTmS2,(0001),3
YbTmSe2 (0001),3.9659449786612457,"Se, Tm, Yb",Trigonal,-3m,YbTmSe2,(0001),3
YbTmZn2 (111),9.855910633314057,"Tm, Yb, Zn",Cubic,m-3m,YbTmZn2,(111),3
YbYZn2 (111),9.964974308801061,"Y, Yb, Zn",Cubic,m-3m,YbYZn2,(111),3
YbZnIn (0001),4.586260482343729,"In, Yb, Zn",Hexagonal,6/mmm,YbZnIn,(0001),3
YbZnRh2 (111),8.950579192203962,"Rh, Yb, Zn",Cubic,m-3m,YbZnRh2,(111),3
YbZnSn (0001),4.584527482404842,"Sn, Yb, Zn",Hexagonal,6mm,YbZnSn,(0001),3
Zn (0001),2.6143598013411604,Zn,Hexagonal,6/mmm,Zn,(0001),1
Zn(CrS2)2 (111),14.14621006419754,"Cr, S, Zn",Cubic,m-3m,Zn(CrS2)2,(111),3
Zn(CrSe2)2 (111),14.908237634628522,"Cr, Se, Zn",Cubic,m-3m,Zn(CrSe2)2,(111),3
Zn(FeO2)2 (111),11.929605195839377,"Fe, O, Zn",Cubic,m-3m,Zn(FeO2)2,(111),3
Zn(GaO2)2 (111),11.797903772846366,"Ga, O, Zn",Cubic,m-3m,Zn(GaO2)2,(111),3
Zn(NO3)2 (111),10.583569651873642,"N, O, Zn",Cubic,m-3,Zn(NO3)2,(111),3
Zn(ReO4)2 (0001),5.714832390514475,"O, Re, Zn",Trigonal,-3,Zn(ReO4)2,(0001),3
Zn(RhO2)2 (111),12.064941837235606,"O, Rh, Zn",Cubic,m-3m,Zn(RhO2)2,(111),3
Zn11Co2 (111),12.483824501893578,"Co, Zn",Cubic,-43m,Zn11Co2,(111),2
Zn11Ir2 (111),12.771415210304419,"Ir, Zn",Cubic,-43m,Zn11Ir2,(111),2
Zn11Ni2 (111),12.476799649970383,"Ni, Zn",Cubic,-43m,Zn11Ni2,(111),2
Zn11Rh2 (111),12.727008469048814,"Rh, Zn",Cubic,-43m,Zn11Rh2,(111),2
Zn2Ag (0001),5.094743043387826,"Ag, Zn",Hexagonal,6/mmm,Zn2Ag,(0001),2
Zn2AgAu (111),8.89233948746916,"Ag, Au, Zn",Cubic,m-3m,Zn2AgAu,(111),3
Zn2CuIr (111),8.417044410198947,"Cu, Ir, Zn",Cubic,m-3m,Zn2CuIr,(111),3
Zn2CuRh (111),8.372968690902773,"Cu, Rh, Zn",Cubic,m-3m,Zn2CuRh,(111),3
Zn2GeO4 (0001),14.272700043274828,"Ge, O, Zn",Trigonal,-3,Zn2GeO4,(0001),3
Zn2NiRh (111),8.27770135392863,"Ni, Rh, Zn",Cubic,m-3m,Zn2NiRh,(111),3
Zn2PdRh (111),8.506271386489752,"Pd, Rh, Zn",Cubic,m-3m,Zn2PdRh,(111),3
Zn2PtRh (111),8.526393722151878,"Pt, Rh, Zn",Cubic,m-3m,Zn2PtRh,(111),3
Zn2RhAu (111),8.654648090190827,"Au, Rh, Zn",Cubic,m-3m,Zn2RhAu,(111),3
Zn2SiO4 (0001),13.95971055445516,"O, Si, Zn",Trigonal,-3,Zn2SiO4,(0001),3
Zn3(Ni10B3)2 (111),14.695345846582427,"B, Ni, Zn",Cubic,m-3m,Zn3(Ni10B3)2,(111),3
Zn3(SnPt)2 (0001),4.339986217092681,"Pt, Sn, Zn",Hexagonal,6/mmm,Zn3(SnPt)2,(0001),3
Zn3Au (111),11.117194501810491,"Au, Zn",Cubic,m-3m,Zn3Au,(111),2
Zn3Cu (0001),5.37685347940432,"Cu, Zn",Hexagonal,6/mmm,Zn3Cu,(0001),2
Zn3N2 (111),13.762289009682648,"N, Zn",Cubic,m-3,Zn3N2,(111),2
Zn3SiNi2 (111),14.978412605378095,"Ni, Si, Zn",Cubic,m-3m,Zn3SiNi2,(111),3
Zn4B6O13 (111),10.564961783373327,"B, O, Zn",Cubic,-43m,Zn4B6O13,(111),3
Zn5Co19O32 (0001),5.774829854367746,"Co, O, Zn",Trigonal,3m,Zn5Co19O32,(0001),3
Zn6Mo (111),10.7868226226453,"Mo, Zn",Cubic,m-3m,Zn6Mo,(111),2
Zn8Cu5 (111),12.36653545704707,"Cu, Zn",Cubic,-43m,Zn8Cu5,(111),2
Zn9Fe4 (111),12.566361276752046,"Fe, Zn",Cubic,-43m,Zn9Fe4,(111),2
Zn9Ga3Mo2 (0001),5.423415044721906,"Ga, Mo, Zn",Trigonal,-3m,Zn9Ga3Mo2,(0001),3
ZnAu (111),4.45484698182941,"Au, Zn",Cubic,m-3m,ZnAu,(111),2
ZnBiF6 (0001),5.538528313313142,"Bi, F, Zn",Trigonal,-3,ZnBiF6,(0001),3
ZnCO3 (0001),4.654194667957714,"C, O, Zn",Trigonal,-3m,ZnCO3,(0001),3
ZnCoF6 (0001),4.877266338602241,"Co, F, Zn",Trigonal,-3,ZnCoF6,(0001),3
ZnCr2O4 (111),11.80038899077432,"Cr, O, Zn",Cubic,m-3m,ZnCr2O4,(111),3
ZnCrF6 (0001),4.927505568857801,"Cr, F, Zn",Trigonal,-3,ZnCrF6,(0001),3
ZnCu (111),4.130286963305908,"Cu, Zn",Cubic,m-3m,ZnCu,(111),2
ZnCuAu2 (111),8.798065476844497,"Au, Cu, Zn",Cubic,m-3m,ZnCuAu2,(111),3
ZnCuPd2 (111),8.496866922868517,"Cu, Pd, Zn",Cubic,m-3m,ZnCuPd2,(111),3
ZnFeF6 (0001),5.185242483024736,"F, Fe, Zn",Trigonal,-3,ZnFeF6,(0001),3
ZnFeRh2 (111),8.441685738031778,"Fe, Rh, Zn",Cubic,m-3m,ZnFeRh2,(111),3
ZnGaIr2 (111),8.519830526714532,"Ga, Ir, Zn",Cubic,m-3m,ZnGaIr2,(111),3
ZnGaNi2 (111),8.100924262652196,"Ga, Ni, Zn",Cubic,m-3m,ZnGaNi2,(111),3
ZnGaRh2 (111),8.461276258672408,"Ga, Rh, Zn",Cubic,m-3m,ZnGaRh2,(111),3
ZnGeRh2 (111),8.48582615758707,"Ge, Rh, Zn",Cubic,m-3m,ZnGeRh2,(111),3
ZnInRh2 (111),8.784174873244972,"In, Rh, Zn",Cubic,m-3m,ZnInRh2,(111),3
ZnIr (0001),2.7771790595766355,"Ir, Zn",Hexagonal,-6m2,ZnIr,(0001),2
ZnMoF6 (0001),5.052140523014166,"F, Mo, Zn",Trigonal,-3,ZnMoF6,(0001),3
ZnMoN2 (0001),2.918878104092555,"Mo, N, Zn",Hexagonal,6mm,ZnMoN2,(0001),3
ZnNi10P3 (0001),7.6493285457002695,"Ni, P, Zn",Trigonal,-3m,ZnNi10P3,(0001),3
ZnNi3N (111),5.270792939852668,"N, Ni, Zn",Cubic,m-3m,ZnNi3N,(111),3
ZnNiF6 (0001),4.849657449689381,"F, Ni, Zn",Trigonal,-3,ZnNiF6,(0001),3
ZnNiSb (111),8.324061192243168,"Ni, Sb, Zn",Cubic,-43m,ZnNiSb,(111),3
ZnO (0001),3.2373510234543743,"O, Zn",Hexagonal,6mm,ZnO,(0001),2
ZnPbF6 (0001),5.1268875300432635,"F, Pb, Zn",Trigonal,-3,ZnPbF6,(0001),3
ZnPdF6 (0001),4.936979231951713,"F, Pd, Zn",Trigonal,-3,ZnPdF6,(0001),3
ZnPt3 (111),5.513383400818344,"Pt, Zn",Cubic,m-3m,ZnPt3,(111),2
ZnPtF6 (0001),4.956223896552941,"F, Pt, Zn",Trigonal,-3,ZnPtF6,(0001),3
ZnRh (111),4.228818658735397,"Rh, Zn",Cubic,m-3m,ZnRh,(111),2
ZnRhF6 (0001),4.984708294366506,"F, Rh, Zn",Trigonal,-3,ZnRhF6,(0001),3
ZnRu2W (111),8.609971594083513,"Ru, W, Zn",Cubic,m-3m,ZnRu2W,(111),3
ZnS (0001),3.8087872809648085,"S, Zn",Trigonal,3m,ZnS,(0001),2
ZnSe (111),8.011357311387608,"Se, Zn",Cubic,-43m,ZnSe,(111),2
ZnSe2 (111),9.014379680115654,"Se, Zn",Cubic,m-3,ZnSe2,(111),2
ZnSiRh2 (111),8.343051899308046,"Rh, Si, Zn",Cubic,m-3m,ZnSiRh2,(111),3
ZnSnF6 (0001),5.120740767679854,"F, Sn, Zn",Trigonal,-3,ZnSnF6,(0001),3
ZnSnRh2 (111),8.789620472272514,"Rh, Sn, Zn",Cubic,m-3m,ZnSnRh2,(111),3
ZnTe (111),8.642583104794907,"Te, Zn",Cubic,3m,ZnTe,(111),2
ZnWF6 (0001),5.089879517269459,"F, W, Zn",Trigonal,-3,ZnWF6,(0001),3
Zr (0001),3.2392314130720616,Zr,Hexagonal,6/mmm,Zr,(0001),1
Zr(BH4)4 (111),8.432202615840836,"B, H, Zr",Cubic,-43m,Zr(BH4)4,(111),3
Zr(CuP)2 (0001),3.7971539371037566,"Cu, P, Zr",Trigonal,-3m,Zr(CuP)2,(0001),3
Zr(FeGe)6 (0001),5.061986886464494,"Fe, Ge, Zr",Hexagonal,6/mmm,Zr(FeGe)6,(0001),3
Zr(MnGe)6 (0001),5.1097005706725565,"Ge, Mn, Zr",Hexagonal,6/mmm,Zr(MnGe)6,(0001),3
Zr(MnSn)6 (0001),5.59347835455912,"Mn, Sn, Zr",Hexagonal,6/mmm,Zr(MnSn)6,(0001),3
Zr(TeCl6)2 (0001),11.761365762467594,"Cl, Te, Zr",Trigonal,-3m,Zr(TeCl6)2,(0001),3
Zr(TiH2)2 (111),11.499195165906425,"H, Ti, Zr",Cubic,m-3m,Zr(TiH2)2,(111),3
Zr14Cu51 (0001),11.267404780546626,"Cu, Zr",Hexagonal,-6,Zr14Cu51,(0001),2
Zr2(Ni7B2)3 (111),14.843899919386407,"B, Ni, Zr",Cubic,m-3m,Zr2(Ni7B2)3,(111),3
Zr2Al3C4 (0001),3.3456208142454766,"Al, C, Zr",Hexagonal,6/mmm,Zr2Al3C4,(0001),3
Zr2Al3Zn (0001),5.306454302478812,"Al, Zn, Zr",Trigonal,-3m,Zr2Al3Zn,(0001),3
Zr2AlFe3 (0001),5.038139943452991,"Al, Fe, Zr",Hexagonal,6/mmm,Zr2AlFe3,(0001),3
Zr2BIr6 (111),11.431835693097987,"B, Ir, Zr",Cubic,m-3m,Zr2BIr6,(111),3
Zr2Be17 (0001),7.522115570437438,"Be, Zr",Trigonal,-3m,Zr2Be17,(0001),2
Zr2CN (0001),3.2899655959373018,"C, N, Zr",Trigonal,-3m,Zr2CN,(0001),3
Zr2CS (0001),3.4269678875874314,"C, S, Zr",Hexagonal,6/mmm,Zr2CS,(0001),3
Zr2Co12P7 (0001),8.839194827846084,"Co, P, Zr",Hexagonal,-6,Zr2Co12P7,(0001),3
Zr2Co4P3 (0001),12.014764314995574,"Co, P, Zr",Hexagonal,-6m2,Zr2Co4P3,(0001),3
Zr2CoOs (111),9.194412036454231,"Co, Os, Zr",Cubic,m-3m,Zr2CoOs,(111),3
Zr2CoTc (111),9.178431508052228,"Co, Tc, Zr",Cubic,m-3m,Zr2CoTc,(111),3
Zr2CuOs (111),9.254489865051369,"Cu, Os, Zr",Cubic,m-3m,Zr2CuOs,(111),3
Zr2CuS4 (111),14.70942428965636,"Cu, S, Zr",Cubic,m-3m,Zr2CuS4,(111),3
Zr2CuTc (111),9.25740430464498,"Cu, Tc, Zr",Cubic,m-3m,Zr2CuTc,(111),3
Zr2Fe12P7 (0001),9.120012805311736,"Fe, P, Zr",Hexagonal,-6,Zr2Fe12P7,(0001),3
Zr2Fe3Ge (0001),5.009930860133485,"Fe, Ge, Zr",Hexagonal,6/mmm,Zr2Fe3Ge,(0001),3
Zr2Fe3Si (0001),4.979400925824297,"Fe, Si, Zr",Hexagonal,6/mmm,Zr2Fe3Si,(0001),3
Zr2FeCo3 (0001),5.00994653750999,"Co, Fe, Zr",Trigonal,-3m,Zr2FeCo3,(0001),3
Zr2FeTc (111),9.113985824299158,"Fe, Tc, Zr",Cubic,m-3m,Zr2FeTc,(111),3
Zr2GaFe3 (0001),5.032093896842843,"Fe, Ga, Zr",Hexagonal,6/mmm,Zr2GaFe3,(0001),3
Zr2HC (0001),3.3419114618555392,"C, H, Zr",Trigonal,3m,Zr2HC,(0001),3
Zr2InC (0001),3.3633645227336615,"C, In, Zr",Hexagonal,6/mmm,Zr2InC,(0001),3
Zr2InN (0001),3.290212737748491,"In, N, Zr",Hexagonal,6/mmm,Zr2InN,(0001),3
Zr2Mn4P3 (0001),12.635271536047494,"Mn, P, Zr",Hexagonal,-6m2,Zr2Mn4P3,(0001),3
Zr2Ni12P7 (0001),8.934249660689478,"Ni, P, Zr",Hexagonal,-6,Zr2Ni12P7,(0001),3
Zr2NiAs2 (0001),3.908349518421263,"As, Ni, Zr",Hexagonal,6/mmm,Zr2NiAs2,(0001),3
Zr2NiP2 (0001),3.7569763611797535,"Ni, P, Zr",Hexagonal,6/mmm,Zr2NiP2,(0001),3
Zr2OsRu (111),9.247142973754965,"Os, Ru, Zr",Cubic,m-3m,Zr2OsRu,(111),3
Zr2PbC (0001),3.40850032675062,"C, Pb, Zr",Hexagonal,6/mmm,Zr2PbC,(0001),3
Zr2SN2 (0001),3.6193783615298982,"N, S, Zr",Hexagonal,6/mmm,Zr2SN2,(0001),3
Zr2SbP (0001),3.8445751155336745,"P, Sb, Zr",Hexagonal,6/mmm,Zr2SbP,(0001),3
Zr2SeN2 (0001),3.653533154957113,"N, Se, Zr",Hexagonal,6/mmm,Zr2SeN2,(0001),3
Zr2SnC (0001),3.3771376287322834,"C, Sn, Zr",Hexagonal,6/mmm,Zr2SnC,(0001),3
Zr2TcIr (111),9.276293050100916,"Ir, Tc, Zr",Cubic,m-3m,Zr2TcIr,(111),3
Zr2TcNi (111),9.164516353705258,"Ni, Tc, Zr",Cubic,m-3m,Zr2TcNi,(111),3
Zr2TcOs (111),9.257843615945994,"Os, Tc, Zr",Cubic,m-3m,Zr2TcOs,(111),3
Zr2TcPd (111),9.346880691639646,"Pd, Tc, Zr",Cubic,m-3m,Zr2TcPd,(111),3
Zr2TcRh (111),9.26413491468384,"Rh, Tc, Zr",Cubic,m-3m,Zr2TcRh,(111),3
Zr2TcRu (111),9.241967937337506,"Ru, Tc, Zr",Cubic,m-3m,Zr2TcRu,(111),3
Zr2TlC (0001),3.3807198410598334,"C, Tl, Zr",Hexagonal,6/mmm,Zr2TlC,(0001),3
Zr2V3Fe (0001),5.266093673482437,"Fe, V, Zr",Trigonal,-3m,Zr2V3Fe,(0001),3
Zr2V3Ru (0001),5.283131561913981,"Ru, V, Zr",Hexagonal,6/mmm,Zr2V3Ru,(0001),3
Zr2VRe3 (0001),5.301592698218624,"Re, V, Zr",Hexagonal,6/mmm,Zr2VRe3,(0001),3
Zr3(Cu2Ge)2 (0001),6.404959190012438,"Cu, Ge, Zr",Hexagonal,-6m2,Zr3(Cu2Ge)2,(0001),3
Zr3(Cu2Si)2 (0001),6.336000633942548,"Cu, Si, Zr",Hexagonal,-6m2,Zr3(Cu2Si)2,(0001),3
Zr3(Ni10B3)2 (111),15.116189356951045,"B, Ni, Zr",Cubic,m-3m,Zr3(Ni10B3)2,(111),3
Zr3Al (111),6.1896494793271355,"Al, Zr",Cubic,m-3m,Zr3Al,(111),2
Zr3Al3C5 (0001),3.3474942461941333,"Al, C, Zr",Hexagonal,6/mmm,Zr3Al3C5,(0001),3
Zr3AlFe8 (0001),4.947646150261686,"Al, Fe, Zr",Trigonal,3m,Zr3AlFe8,(0001),3
Zr3Au (111),7.789541160139924,"Au, Zr",Cubic,m-3m,Zr3Au,(111),2
Zr3Hg (111),7.907179102357201,"Hg, Zr",Cubic,m-3m,Zr3Hg,(111),2
Zr3In (111),6.3171946286589815,"In, Zr",Cubic,m-3m,Zr3In,(111),2
Zr3InF15 (0001),12.126040189860255,"F, In, Zr",Trigonal,-3m,Zr3InF15,(0001),3
Zr3Mn8Al (0001),5.2411278404362776,"Al, Mn, Zr",Trigonal,3m,Zr3Mn8Al,(0001),3
Zr3NbC4 (0001),3.29063304895537,"C, Nb, Zr",Trigonal,-3m,Zr3NbC4,(0001),3
Zr3Ni3Sb4 (111),12.858912490642929,"Ni, Sb, Zr",Cubic,-43m,Zr3Ni3Sb4,(111),3
Zr3O (0001),5.65462996122486,"O, Zr",Trigonal,-3m,Zr3O,(0001),2
Zr3Sb4Pt3 (111),13.356311990322173,"Pt, Sb, Zr",Cubic,-43m,Zr3Sb4Pt3,(111),3
Zr3Sc (0001),6.520021314563996,"Sc, Zr",Hexagonal,6/mmm,Zr3Sc,(0001),2
Zr3Ti2Ga3 (0001),7.928737279277159,"Ga, Ti, Zr",Hexagonal,6/mmm,Zr3Ti2Ga3,(0001),3
Zr3Ti2Si3 (0001),7.794269974592003,"Si, Ti, Zr",Hexagonal,6/mmm,Zr3Ti2Si3,(0001),3
Zr3Tl (111),6.327049674863328,"Tl, Zr",Cubic,m-3m,Zr3Tl,(111),2
Zr4(AlC2)3 (0001),3.347262889144049,"Al, C, Zr",Hexagonal,6/mmm,Zr4(AlC2)3,(0001),3
Zr4Al3 (0001),5.438074124137066,"Al, Zr",Hexagonal,6/mmm,Zr4Al3,(0001),2
Zr4C3N (0001),3.3143233357417086,"C, N, Zr",Trigonal,-3m,Zr4C3N,(0001),3
Zr4CN3 (0001),3.266807251222434,"C, N, Zr",Trigonal,-3m,Zr4CN3,(0001),3
Zr4Co7Ge6 (111),11.064573165578102,"Co, Ge, Zr",Cubic,m-3m,Zr4Co7Ge6,(111),3
Zr4CuS8 (111),14.733240886925607,"Cu, S, Zr",Cubic,-43m,Zr4CuS8,(111),3
Zr4O (0001),5.650887749281798,"O, Zr",Trigonal,-3,Zr4O,(0001),2
Zr5AgPb3 (0001),8.836439443712615,"Ag, Pb, Zr",Hexagonal,6/mmm,Zr5AgPb3,(0001),3
Zr5AgSb3 (0001),8.761839056640621,"Ag, Sb, Zr",Hexagonal,6/mmm,Zr5AgSb3,(0001),3
Zr5AlPb3 (0001),8.822273701653497,"Al, Pb, Zr",Hexagonal,6/mmm,Zr5AlPb3,(0001),3
Zr5AlSb3 (0001),8.698073458870624,"Al, Sb, Zr",Hexagonal,6/mmm,Zr5AlSb3,(0001),3
Zr5AlSn3 (0001),8.712585433177878,"Al, Sn, Zr",Hexagonal,6/mmm,Zr5AlSn3,(0001),3
Zr5CdPb3 (0001),8.875009996495546,"Cd, Pb, Zr",Hexagonal,6/mmm,Zr5CdPb3,(0001),3
Zr5Co19P12 (0001),11.718119442740141,"Co, P, Zr",Hexagonal,-6m2,Zr5Co19P12,(0001),3
Zr5CoSb3 (0001),8.62429535896645,"Co, Sb, Zr",Hexagonal,6/mmm,Zr5CoSb3,(0001),3
Zr5CuBi3 (0001),8.787777118326126,"Bi, Cu, Zr",Hexagonal,6/mmm,Zr5CuBi3,(0001),3
Zr5CuPb3 (0001),8.7441429671284,"Cu, Pb, Zr",Hexagonal,6/mmm,Zr5CuPb3,(0001),3
Zr5CuSb3 (0001),8.609594866008106,"Cu, Sb, Zr",Hexagonal,6/mmm,Zr5CuSb3,(0001),3
Zr5CuSn3 (0001),8.646340958774683,"Cu, Sn, Zr",Hexagonal,6/mmm,Zr5CuSn3,(0001),3
Zr5FeSb3 (0001),8.673458014437783,"Fe, Sb, Zr",Hexagonal,6/mmm,Zr5FeSb3,(0001),3
Zr5Ga3 (0001),8.089997505991313,"Ga, Zr",Hexagonal,6/mmm,Zr5Ga3,(0001),2
Zr5GaPb3 (0001),8.796469940259346,"Ga, Pb, Zr",Hexagonal,6/mmm,Zr5GaPb3,(0001),3
Zr5GaSn3 (0001),8.693427071021006,"Ga, Sn, Zr",Hexagonal,6/mmm,Zr5GaSn3,(0001),3
Zr5Ge3 (0001),8.077228235623368,"Ge, Zr",Hexagonal,6/mmm,Zr5Ge3,(0001),2
Zr5GeSb3 (0001),8.661384632646037,"Ge, Sb, Zr",Hexagonal,6/mmm,Zr5GeSb3,(0001),3
Zr5InPb3 (0001),8.898443276697144,"In, Pb, Zr",Hexagonal,6/mmm,Zr5InPb3,(0001),3
Zr5Ir3 (0001),7.9454511936607375,"Ir, Zr",Hexagonal,622,Zr5Ir3,(0001),2
Zr5NiSb3 (0001),8.60834954781219,"Ni, Sb, Zr",Hexagonal,6/mmm,Zr5NiSb3,(0001),3
Zr5Pb3 (0001),8.622200236521998,"Pb, Zr",Hexagonal,6/mmm,Zr5Pb3,(0001),2
Zr5Re24 (111),13.80151277669046,"Re, Zr",Cubic,-43m,Zr5Re24,(111),2
Zr5Sb3S (0001),8.45612987494064,"S, Sb, Zr",Hexagonal,6/mmm,Zr5Sb3S,(0001),3
Zr5Si3N (0001),7.920672967129323,"N, Si, Zr",Hexagonal,6/mmm,Zr5Si3N,(0001),3
Zr5SiPb3 (0001),8.782491420679293,"Pb, Si, Zr",Hexagonal,6/mmm,Zr5SiPb3,(0001),3
Zr5SiSb3 (0001),8.637482091415599,"Sb, Si, Zr",Hexagonal,6/mmm,Zr5SiSb3,(0001),3
Zr5SiSn3 (0001),8.680545726139204,"Si, Sn, Zr",Hexagonal,6/mmm,Zr5SiSn3,(0001),3
Zr5Sn3 (0001),8.523620478734268,"Sn, Zr",Hexagonal,6/mmm,Zr5Sn3,(0001),2
Zr5Sn3As (0001),8.664418882597039,"As, Sn, Zr",Hexagonal,6/mmm,Zr5Sn3As,(0001),3
Zr5Sn3B (0001),8.551148155111441,"B, Sn, Zr",Hexagonal,6/mmm,Zr5Sn3B,(0001),3
Zr5Sn3C (0001),8.4788693577993,"C, Sn, Zr",Hexagonal,6/mmm,Zr5Sn3C,(0001),3
Zr5Sn3N (0001),8.453368145149877,"N, Sn, Zr",Hexagonal,6/mmm,Zr5Sn3N,(0001),3
Zr5Sn3O (0001),8.445580672829248,"O, Sn, Zr",Hexagonal,6/mmm,Zr5Sn3O,(0001),3
Zr5Sn3P (0001),8.604486488940019,"P, Sn, Zr",Hexagonal,6/mmm,Zr5Sn3P,(0001),3
Zr5Sn3S (0001),8.557614326158735,"S, Sn, Zr",Hexagonal,6/mmm,Zr5Sn3S,(0001),3
Zr5Sn3Se (0001),8.622174168125893,"Se, Sn, Zr",Hexagonal,6/mmm,Zr5Sn3Se,(0001),3
Zr5Sn4 (0001),8.827721233689928,"Sn, Zr",Hexagonal,6/mmm,Zr5Sn4,(0001),2
Zr5SnPb3 (0001),8.931355936915596,"Pb, Sn, Zr",Hexagonal,6/mmm,Zr5SnPb3,(0001),3
Zr5ZnPb3 (0001),8.782419451177075,"Pb, Zn, Zr",Hexagonal,6/mmm,Zr5ZnPb3,(0001),3
Zr5ZnSb3 (0001),8.629192460991508,"Sb, Zn, Zr",Hexagonal,6/mmm,Zr5ZnSb3,(0001),3
Zr5ZnSn3 (0001),8.682721455896427,"Sn, Zn, Zr",Hexagonal,6/mmm,Zr5ZnSn3,(0001),3
Zr6Ag7F31 (0001),13.940395475956528,"Ag, F, Zr",Trigonal,-3,Zr6Ag7F31,(0001),3
Zr6Al2Co (0001),7.926956623750002,"Al, Co, Zr",Hexagonal,-6m2,Zr6Al2Co,(0001),3
Zr6BI12 (0001),14.850360938484299,"B, I, Zr",Trigonal,-3,Zr6BI12,(0001),3
Zr6Be15Co8 (111),15.524337751134047,"Be, Co, Zr",Cubic,m-3m,Zr6Be15Co8,(111),3
Zr6Be15Cu8 (111),15.735013384476753,"Be, Cu, Zr",Cubic,m-3m,Zr6Be15Cu8,(111),3
Zr6Be15Ni8 (111),15.582345467578536,"Be, Ni, Zr",Cubic,m-3m,Zr6Be15Ni8,(111),3
Zr6CoAs2 (0001),7.509758560864261,"As, Co, Zr",Hexagonal,-6m2,Zr6CoAs2,(0001),3
Zr6CoBi2 (0001),7.9100993192429625,"Bi, Co, Zr",Hexagonal,-6m2,Zr6CoBi2,(0001),3
Zr6CoCl15 (111),14.520873334162136,"Cl, Co, Zr",Cubic,m-3m,Zr6CoCl15,(111),3
Zr6CoSb2 (0001),7.802918135176314,"Co, Sb, Zr",Hexagonal,-6m2,Zr6CoSb2,(0001),3
Zr6CoSn2 (0001),7.97975890378552,"Co, Sn, Zr",Hexagonal,-6m2,Zr6CoSn2,(0001),3
Zr6CoTe2 (0001),7.778370176391572,"Co, Te, Zr",Hexagonal,-6m2,Zr6CoTe2,(0001),3
Zr6CuBi2 (0001),7.834087020958391,"Bi, Cu, Zr",Hexagonal,-6m2,Zr6CuBi2,(0001),3
Zr6FeBi2 (0001),7.936184380893943,"Bi, Fe, Zr",Hexagonal,-6m2,Zr6FeBi2,(0001),3
Zr6FeSb2 (0001),7.779576196609452,"Fe, Sb, Zr",Hexagonal,-6m2,Zr6FeSb2,(0001),3
Zr6FeSn2 (0001),7.9783965047406555,"Fe, Sn, Zr",Hexagonal,-6m2,Zr6FeSn2,(0001),3
Zr6FeTe2 (0001),7.814373257943381,"Fe, Te, Zr",Hexagonal,-6m2,Zr6FeTe2,(0001),3
Zr6Ga2Co (0001),7.826570943110195,"Co, Ga, Zr",Hexagonal,-6m2,Zr6Ga2Co,(0001),3
Zr6Ga2Fe (0001),7.846605746758092,"Fe, Ga, Zr",Hexagonal,-6m2,Zr6Ga2Fe,(0001),3
Zr6MnBi2 (0001),7.85158581700476,"Bi, Mn, Zr",Hexagonal,-6m2,Zr6MnBi2,(0001),3
Zr6MnTe2 (0001),7.7499884543778705,"Mn, Te, Zr",Hexagonal,-6m2,Zr6MnTe2,(0001),3
Zr6Ni20P13 (0001),12.395069818378195,"Ni, P, Zr",Hexagonal,-6,Zr6Ni20P13,(0001),3
Zr6NiBi2 (0001),7.89281596016535,"Bi, Ni, Zr",Hexagonal,-6m2,Zr6NiBi2,(0001),3
Zr6NiSb2 (0001),7.784430191455559,"Ni, Sb, Zr",Hexagonal,-6m2,Zr6NiSb2,(0001),3
Zr6NiTe2 (0001),7.714404393877867,"Ni, Te, Zr",Hexagonal,-6m2,Zr6NiTe2,(0001),3
Zr6Sb2Pt (0001),7.856774346235084,"Pt, Sb, Zr",Hexagonal,-6m2,Zr6Sb2Pt,(0001),3
Zr6Te2Pt (0001),7.782870321660638,"Pt, Te, Zr",Hexagonal,-6m2,Zr6Te2Pt,(0001),3
Zr9CoMo4 (0001),8.806902060344658,"Co, Mo, Zr",Hexagonal,6/mmm,Zr9CoMo4,(0001),3
Zr9NiMo4 (0001),8.837747878650305,"Mo, Ni, Zr",Hexagonal,6/mmm,Zr9NiMo4,(0001),3
Zr9Re4O3 (0001),8.511658535210385,"O, Re, Zr",Hexagonal,6/mmm,Zr9Re4O3,(0001),3
ZrAl2 (0001),5.275632916779742,"Al, Zr",Hexagonal,6/mmm,ZrAl2,(0001),2
ZrAlCo2 (111),8.544528325417598,"Al, Co, Zr",Cubic,m-3m,ZrAlCo2,(111),3
ZrAlFe4 (111),9.712410095709142,"Al, Fe, Zr",Cubic,-43m,ZrAlFe4,(111),3
ZrAlNi (0001),6.874061755040177,"Al, Ni, Zr",Hexagonal,-6m2,ZrAlNi,(0001),3
ZrAlNi2 (111),8.598312137465054,"Al, Ni, Zr",Cubic,m-3m,ZrAlNi2,(111),3
ZrAlPd2 (111),9.085984812655774,"Al, Pd, Zr",Cubic,m-3m,ZrAlPd2,(111),3
ZrAlRh2 (111),8.906635698545918,"Al, Rh, Zr",Cubic,m-3m,ZrAlRh2,(111),3
ZrAlRu2 (111),8.848360652829548,"Al, Ru, Zr",Cubic,m-3m,ZrAlRu2,(111),3
ZrAs (0001),3.832871044107576,"As, Zr",Hexagonal,6/mmm,ZrAs,(0001),2
ZrAsIr (111),8.663395745859585,"As, Ir, Zr",Cubic,-43m,ZrAsIr,(111),3
ZrAsRu (0001),6.601385806974879,"As, Ru, Zr",Hexagonal,-6m2,ZrAsRu,(0001),3
ZrB2 (0001),3.1675246615699177,"B, Zr",Hexagonal,6/mmm,ZrB2,(0001),2
ZrB4Ir3 (0001),7.606119853442799,"B, Ir, Zr",Hexagonal,6/m,ZrB4Ir3,(0001),3
ZrBRh3 (111),5.817034927074445,"B, Rh, Zr",Cubic,m-3m,ZrBRh3,(111),3
ZrBe13 (111),14.15100506375468,"Be, Zr",Cubic,m-3m,ZrBe13,(111),2
ZrBe5 (0001),4.567005423258468,"Be, Zr",Hexagonal,6/mmm,ZrBe5,(0001),2
ZrBeSi (0001),3.7306827242593465,"Be, Si, Zr",Hexagonal,6/mmm,ZrBeSi,(0001),3
ZrBr (0001),3.5344166848336105,"Br, Zr",Trigonal,-3m,ZrBr,(0001),2
ZrBr3 (0001),6.950811442534047,"Br, Zr",Hexagonal,6/mmm,ZrBr3,(0001),2
ZrC (111),6.66499955534084,"C, Zr",Cubic,m-3m,ZrC,(111),2
ZrCd3 (111),6.208675785336285,"Cd, Zr",Cubic,m-3m,ZrCd3,(111),2
ZrCdAg2 (111),9.508811170948388,"Ag, Cd, Zr",Cubic,m-3m,ZrCdAg2,(111),3
ZrCdAu2 (111),9.522873290368759,"Au, Cd, Zr",Cubic,m-3m,ZrCdAu2,(111),3
ZrCdCu2 (111),8.988431998428196,"Cd, Cu, Zr",Cubic,m-3m,ZrCdCu2,(111),3
ZrCdPd2 (111),9.279980407189075,"Cd, Pd, Zr",Cubic,m-3m,ZrCdPd2,(111),3
ZrCdRh2 (111),9.115234035259883,"Cd, Rh, Zr",Cubic,m-3m,ZrCdRh2,(111),3
ZrCl (0001),3.4449600092956505,"Cl, Zr",Trigonal,-3m,ZrCl,(0001),2
ZrCl2 (0001),3.404810468398956,"Cl, Zr",Trigonal,3m,ZrCl2,(0001),2
ZrCo (111),4.536491524826331,"Co, Zr",Cubic,m-3m,ZrCo,(111),2
ZrCo2Sn (111),8.857961027516911,"Co, Sn, Zr",Cubic,m-3m,ZrCo2Sn,(111),3
ZrCo5Si3 (0001),14.546550070398979,"Co, Si, Zr",Hexagonal,6/m,ZrCo5Si3,(0001),3
ZrCoBi (111),8.751275449981817,"Bi, Co, Zr",Cubic,-43m,ZrCoBi,(111),3
ZrCoF6 (0001),5.607889259440535,"Co, F, Zr",Trigonal,-3,ZrCoF6,(0001),3
ZrCoSn (0001),7.1135007764878555,"Co, Sn, Zr",Hexagonal,-6m2,ZrCoSn,(0001),3
ZrCu4Ag (111),9.800077816212912,"Ag, Cu, Zr",Cubic,-43m,ZrCu4Ag,(111),3
ZrFe2 (111),10.033862959275183,"Fe, Zr",Cubic,m-3m,ZrFe2,(111),2
ZrFeF6 (0001),5.63175051681535,"F, Fe, Zr",Trigonal,-3,ZrFeF6,(0001),3
ZrGaAu (0001),4.3423204831412345,"Au, Ga, Zr",Hexagonal,-6m2,ZrGaAu,(0001),3
ZrGaCo (0001),6.956356831973576,"Co, Ga, Zr",Hexagonal,-6m2,ZrGaCo,(0001),3
ZrGaCo2 (111),8.521395947990994,"Co, Ga, Zr",Cubic,m-3m,ZrGaCo2,(111),3
ZrGaCu (0001),4.19515010177909,"Cu, Ga, Zr",Hexagonal,6/mmm,ZrGaCu,(0001),3
ZrGaNi (0001),6.857929773542301,"Ga, Ni, Zr",Hexagonal,-6m2,ZrGaNi,(0001),3
ZrGaPt (0001),7.163238312741399,"Ga, Pt, Zr",Hexagonal,-6m2,ZrGaPt,(0001),3
ZrGaRh (0001),7.2688591392806945,"Ga, Rh, Zr",Hexagonal,-6m2,ZrGaRh,(0001),3
ZrGaRh2 (111),8.900524033214765,"Ga, Rh, Zr",Cubic,m-3m,ZrGaRh2,(111),3
ZrGaRu2 (111),8.859280757409854,"Ga, Ru, Zr",Cubic,m-3m,ZrGaRu2,(111),3
ZrGeOs (0001),6.736982519148106,"Ge, Os, Zr",Hexagonal,-6m2,ZrGeOs,(0001),3
ZrGeRu2 (111),8.83743070532285,"Ge, Ru, Zr",Cubic,m-3m,ZrGeRu2,(111),3
ZrInAu (111),9.15186618510556,"Au, In, Zr",Cubic,-43m,ZrInAu,(111),3
ZrInCu2 (111),9.03445859772501,"Cu, In, Zr",Cubic,m-3m,ZrInCu2,(111),3
ZrInNi2 (111),8.866191707962189,"In, Ni, Zr",Cubic,m-3m,ZrInNi2,(111),3
ZrInNi4 (111),9.703398893873713,"In, Ni, Zr",Cubic,-43m,ZrInNi4,(111),3
ZrInPd2 (111),9.31340184123706,"In, Pd, Zr",Cubic,m-3m,ZrInPd2,(111),3
ZrInRh2 (111),9.157965942758516,"In, Rh, Zr",Cubic,m-3m,ZrInRh2,(111),3
ZrIr3 (111),5.599839098354458,"Ir, Zr",Cubic,m-3m,ZrIr3,(111),2
ZrMn2 (111),9.922616166217926,"Mn, Zr",Cubic,m-3m,ZrMn2,(111),2
ZrMn2 (0001),5.293782202304097,"Mn, Zr",Trigonal,-3m,ZrMn2,(0001),2
ZrMnF6 (111),11.636708456101202,"F, Mn, Zr",Cubic,m-3m,ZrMnF6,(111),3
ZrMnRh2 (111),8.967585700931242,"Mn, Rh, Zr",Cubic,m-3m,ZrMnRh2,(111),3
ZrMo2 (111),10.753907060475969,"Mo, Zr",Cubic,m-3m,ZrMo2,(111),2
ZrMoP (0001),6.940047596726279,"Mo, P, Zr",Hexagonal,-6m2,ZrMoP,(0001),3
ZrN (111),6.489163017497118,"N, Zr",Cubic,m-3m,ZrN,(111),2
ZrNCl (0001),3.616539651166324,"Cl, N, Zr",Trigonal,-3m,ZrNCl,(0001),3
ZrNbB4 (0001),3.138443635906637,"B, Nb, Zr",Hexagonal,6/mmm,ZrNbB4,(0001),3
ZrNbC2 (0001),3.250224921826517,"C, Nb, Zr",Trigonal,-3m,ZrNbC2,(0001),3
ZrNbTc2 (111),9.126954332371747,"Nb, Tc, Zr",Cubic,m-3m,ZrNbTc2,(111),3
ZrNi2Sb (0001),4.1937819930671045,"Ni, Sb, Zr",Hexagonal,6/mmm,ZrNi2Sb,(0001),3
ZrNi3 (0001),5.264630990534828,"Ni, Zr",Hexagonal,6/mmm,ZrNi3,(0001),2
ZrNiF6 (111),11.301147736966476,"F, Ni, Zr",Cubic,m-3m,ZrNiF6,(111),3
ZrNiSn (111),8.648241499176121,"Ni, Sn, Zr",Cubic,-43m,ZrNiSn,(111),3
ZrOs (111),4.633650146165977,"Os, Zr",Cubic,m-3m,ZrOs,(111),2
ZrOs2 (0001),5.20874665367634,"Os, Zr",Hexagonal,6/mmm,ZrOs2,(0001),2
ZrP (0001),3.7087088532344565,"P, Zr",Hexagonal,6/mmm,ZrP,(0001),2
ZrP2O7 (111),11.960121094877278,"O, P, Zr",Cubic,m-3,ZrP2O7,(111),3
ZrPaTc2 (111),9.500478002384918,"Pa, Tc, Zr",Cubic,m-3m,ZrPaTc2,(111),3
ZrPd3 (0001),5.65168430973906,"Pd, Zr",Hexagonal,6/mmm,ZrPd3,(0001),2
ZrPt3 (0001),5.69323034345525,"Pt, Zr",Hexagonal,6/mmm,ZrPt3,(0001),2
ZrRe2 (0001),5.28464190551434,"Re, Zr",Hexagonal,6/mmm,ZrRe2,(0001),2
ZrReSi (0001),6.974925491203327,"Re, Si, Zr",Hexagonal,-6m2,ZrReSi,(0001),3
ZrRh3 (111),5.563666994394318,"Rh, Zr",Cubic,m-3m,ZrRh3,(111),2
ZrRu (111),4.613171315549051,"Ru, Zr",Cubic,m-3m,ZrRu,(111),2
ZrS2 (0001),3.6913825498187824,"S, Zr",Trigonal,-3m,ZrS2,(0001),2
ZrSO (111),8.092746601012044,"O, S, Zr",Cubic,23,ZrSO,(111),3
ZrSbRh (111),8.908821478743649,"Rh, Sb, Zr",Cubic,-43m,ZrSbRh,(111),3
ZrSbRu (111),8.933134421073472,"Ru, Sb, Zr",Cubic,-43m,ZrSbRu,(111),3
ZrScCo2 (111),8.979114341607438,"Co, Sc, Zr",Cubic,m-3m,ZrScCo2,(111),3
ZrScFe4 (111),9.991313063481973,"Fe, Sc, Zr",Cubic,-43m,ZrScFe4,(111),3
ZrScOs2 (111),9.162933386752783,"Os, Sc, Zr",Cubic,m-3m,ZrScOs2,(111),3
ZrScRu2 (111),9.12898932911946,"Ru, Sc, Zr",Cubic,m-3m,ZrScRu2,(111),3
ZrSe (0001),3.5775897394260565,"Se, Zr",Hexagonal,-6m2,ZrSe,(0001),2
ZrSe2 (0001),3.8111525101721275,"Se, Zr",Trigonal,-3m,ZrSe2,(0001),2
ZrSiRu (0001),6.686798458197374,"Ru, Si, Zr",Hexagonal,-6m2,ZrSiRu,(0001),3
ZrSiRu2 (111),8.74104155758249,"Ru, Si, Zr",Cubic,m-3m,ZrSiRu2,(111),3
ZrSnIr (0001),7.351536294788025,"Ir, Sn, Zr",Hexagonal,-6m2,ZrSnIr,(0001),3
ZrSnPd (111),8.998279999601909,"Pd, Sn, Zr",Cubic,-43m,ZrSnPd,(111),3
ZrSnPt (111),9.024036191514147,"Pt, Sn, Zr",Cubic,-43m,ZrSnPt,(111),3
ZrSnRh (0001),7.361451081548464,"Rh, Sn, Zr",Hexagonal,-6m2,ZrSnRh,(0001),3
ZrSnRh2 (111),9.181094184641491,"Rh, Sn, Zr",Cubic,m-3m,ZrSnRh2,(111),3
ZrSnRu2 (111),9.108887923818058,"Ru, Sn, Zr",Cubic,m-3m,ZrSnRu2,(111),3
ZrTaB4 (0001),3.1261387063950266,"B, Ta, Zr",Hexagonal,6/mmm,ZrTaB4,(0001),3
ZrTaC2 (0001),3.2325517641502843,"C, Ta, Zr",Trigonal,-3m,ZrTaC2,(0001),3
ZrTaTc2 (111),9.109634062893566,"Ta, Tc, Zr",Cubic,m-3m,ZrTaTc2,(111),3
ZrTc2 (0001),5.207342605306438,"Tc, Zr",Hexagonal,6/mmm,ZrTc2,(0001),2
ZrTc2W (111),9.01468384916865,"Tc, W, Zr",Cubic,m-3m,ZrTc2W,(111),3
ZrTe (0001),3.8077508803039466,"Te, Zr",Hexagonal,-6m2,ZrTe,(0001),2
ZrTe2 (0001),4.011870568588423,"Te, Zr",Trigonal,-3m,ZrTe2,(0001),2
ZrU3Sb5 (0001),9.342925097447111,"Sb, U, Zr",Hexagonal,6/mmm,ZrU3Sb5,(0001),3
ZrUC2 (0001),3.3908382221471585,"C, U, Zr",Trigonal,-3m,ZrUC2,(0001),3
ZrUN2 (0001),3.2953307327491417,"N, U, Zr",Trigonal,-3m,ZrUN2,(0001),3
ZrUS2 (0001),3.7651298176642976,"S, U, Zr",Trigonal,-3m,ZrUS2,(0001),3
ZrV2O7 (111),12.641304096957594,"O, V, Zr",Cubic,m-3,ZrV2O7,(111),3
ZrVF6 (111),11.512008973303816,"F, V, Zr",Cubic,m-3m,ZrVF6,(111),3
ZrW2 (111),10.802518904882415,"W, Zr",Cubic,m-3m,ZrW2,(111),2
ZrZn (111),4.6998547721793855,"Zn, Zr",Cubic,m-3m,ZrZn,(111),2
ZrZn2 (111),10.404482980666309,"Zn, Zr",Cubic,m-3m,ZrZn2,(111),2
ZrZn3 (0001),5.847413087416506,"Zn, Zr",Hexagonal,6/mmm,ZrZn3,(0001),2
ZrZnAu2 (111),9.301480985606375,"Au, Zn, Zr",Cubic,m-3m,ZrZnAu2,(111),3
ZrZnCo2 (111),8.460839012123193,"Co, Zn, Zr",Cubic,m-3m,ZrZnCo2,(111),3
ZrZnCu2 (111),8.711914442255711,"Cu, Zn, Zr",Cubic,m-3m,ZrZnCu2,(111),3
ZrZnF6 (111),11.39543901202414,"F, Zn, Zr",Cubic,m-3m,ZrZnF6,(111),3
ZrZnIr2 (111),8.922534655109642,"Ir, Zn, Zr",Cubic,m-3m,ZrZnIr2,(111),3
ZrZnN2 (0001),3.281255276473114,"N, Zn, Zr",Trigonal,3m,ZrZnN2,(0001),3
ZrZnNi4 (111),9.488439972109745,"Ni, Zn, Zr",Cubic,-43m,ZrZnNi4,(111),3
ZrZnPd2 (111),9.042911155893819,"Pd, Zn, Zr",Cubic,m-3m,ZrZnPd2,(111),3
ZrZnRh2 (111),8.860909167758383,"Rh, Zn, Zr",Cubic,m-3m,ZrZnRh2,(111),3
